symbol,time,open,high,low,close,volume
HNM,2020-01-02,4.25,4.25,4.25,4.25,0
HNM,2020-01-03,4.25,4.25,4.25,4.25,0
HNM,2020-01-06,4.25,4.25,4.25,4.25,0
HNM,2020-01-07,4.25,4.25,4.25,4.25,0
HNM,2020-01-08,4.25,4.25,4.25,4.25,0
HNM,2020-01-09,4.25,4.25,4.25,4.25,0
HNM,2020-01-10,4.25,4.25,4.25,4.25,0
HNM,2020-01-13,4.25,4.25,4.25,4.25,0
HNM,2020-01-14,4.25,4.25,4.25,4.25,0
HNM,2020-01-15,4.25,4.25,4.25,4.25,0
HNM,2020-01-16,4.25,4.25,4.25,4.25,0
HNM,2020-01-17,4.25,4.25,4.25,4.25,0
HNM,2020-01-20,4.25,4.25,4.25,4.25,0
HNM,2020-01-21,4.25,4.25,4.25,4.25,0
HNM,2020-01-22,4.25,4.25,4.25,4.25,0
HNM,2020-01-30,4.25,4.25,4.25,4.25,0
HNM,2020-01-31,4.25,4.25,4.25,4.25,0
HNM,2020-02-03,4.25,4.25,4.25,4.25,0
HNM,2020-02-04,4.25,4.25,4.25,4.25,0
HNM,2020-02-05,4.25,4.25,4.25,4.25,0
HNM,2020-02-06,4.25,4.25,4.25,4.25,0
HNM,2020-02-07,4.25,4.25,4.25,4.25,0
HNM,2020-02-10,4.25,4.25,4.25,4.25,0
HNM,2020-02-11,4.25,4.25,4.25,4.25,0
HNM,2020-02-12,4.25,4.25,4.25,4.25,0
HNM,2020-02-13,4.25,4.25,4.25,4.25,0
HNM,2020-02-14,4.25,4.25,4.25,4.25,0
HNM,2020-02-17,4.25,4.25,4.25,4.25,0
HNM,2020-02-18,4.25,4.25,4.25,4.25,0
HNM,2020-02-19,4.25,4.25,4.25,4.25,0
HNM,2020-02-20,4.25,4.25,4.25,4.25,0
HNM,2020-02-21,4.25,4.25,4.25,4.25,0
HNM,2020-02-24,4.25,4.25,4.25,4.25,0
HNM,2020-02-25,4.25,4.25,4.25,4.25,0
HNM,2020-02-26,4.25,4.25,4.25,4.25,0
HNM,2020-02-27,4.25,4.25,4.25,4.25,0
HNM,2020-02-28,4.25,4.25,4.25,4.25,0
HNM,2020-03-02,4.25,4.25,4.25,4.25,0
HNM,2020-03-03,4.25,4.25,4.25,4.25,0
HNM,2020-03-04,4.25,4.25,4.25,4.25,0
HNM,2020-03-05,4.25,4.25,4.25,4.25,0
HNM,2020-03-06,4.25,4.25,4.25,4.25,0
HNM,2020-03-09,4.25,4.25,4.25,4.25,0
HNM,2020-03-10,4.25,4.25,4.25,4.25,0
HNM,2020-03-11,4.25,4.25,4.25,4.25,0
HNM,2020-03-12,4.25,4.25,4.25,4.25,0
HNM,2020-03-13,4.25,4.25,4.25,4.25,0
HNM,2020-03-16,4.25,4.25,4.25,4.25,0
HNM,2020-03-17,4.25,4.25,4.25,4.25,0
HNM,2020-03-18,4.25,4.25,4.25,4.25,0
HNM,2020-03-19,4.25,4.25,4.25,4.25,0
HNM,2020-03-20,4.25,4.25,4.25,4.25,0
HNM,2020-03-23,4.25,4.25,4.25,4.25,0
HNM,2020-03-24,4.25,4.25,4.25,4.25,0
HNM,2020-03-25,4.25,4.25,4.25,4.25,0
HNM,2020-03-26,4.25,4.25,4.25,4.25,0
HNM,2020-03-27,4.25,4.25,4.25,4.25,0
HNM,2020-03-30,4.25,4.25,4.25,4.25,0
HNM,2020-03-31,4.25,4.25,4.25,4.25,0
HNM,2020-04-01,4.25,4.25,4.25,4.25,0
HNM,2020-04-03,4.25,4.25,4.25,4.25,0
HNM,2020-04-06,4.25,4.25,4.25,4.25,0
HNM,2020-04-07,4.25,4.25,4.25,4.25,0
HNM,2020-04-08,4.25,4.25,4.25,4.25,0
HNM,2020-04-09,4.25,4.25,4.25,4.25,0
HNM,2020-04-10,4.25,4.25,4.25,4.25,0
HNM,2020-04-13,4.25,4.25,4.25,4.25,0
HNM,2020-04-14,4.25,4.25,4.25,4.25,0
HNM,2020-04-15,4.25,4.25,4.25,4.25,0
HNM,2020-04-16,4.25,4.25,4.25,4.25,0
HNM,2020-04-17,4.25,4.25,4.25,4.25,0
HNM,2020-04-20,4.25,4.25,4.25,4.25,0
HNM,2020-04-21,4.25,4.25,4.25,4.25,0
HNM,2020-04-22,4.25,4.25,4.25,4.25,0
HNM,2020-04-23,4.25,4.25,4.25,4.25,0
HNM,2020-04-24,4.25,4.25,4.25,4.25,0
HNM,2020-04-27,4.25,4.25,4.25,4.25,0
HNM,2020-04-28,4.25,4.25,4.25,4.25,0
HNM,2020-04-29,4.25,4.25,4.25,4.25,0
HNM,2020-05-04,4.25,4.25,4.25,4.25,0
HNM,2020-05-05,4.25,4.25,4.25,4.25,0
HNM,2020-05-06,4.25,4.25,4.25,4.25,0
HNM,2020-05-07,4.25,4.25,4.25,4.25,0
HNM,2020-05-08,4.25,4.25,4.25,4.25,0
HNM,2020-05-11,4.25,4.25,4.25,4.25,0
HNM,2020-05-12,4.25,4.25,4.25,4.25,0
HNM,2020-05-13,4.25,4.25,4.25,4.25,0
HNM,2020-05-14,4.25,4.25,4.25,4.25,0
HNM,2020-05-15,4.25,4.25,4.25,4.25,0
HNM,2020-05-18,4.25,4.25,4.25,4.25,0
HNM,2020-05-19,4.25,4.25,4.25,4.25,0
HNM,2020-05-20,4.25,4.25,4.25,4.25,0
HNM,2020-05-21,4.25,4.25,4.25,4.25,0
HNM,2020-05-22,4.25,4.25,4.25,4.25,0
HNM,2020-05-25,4.25,4.25,4.25,4.25,0
HNM,2020-05-26,4.25,4.25,4.25,4.25,0
HNM,2020-05-27,4.25,4.25,4.25,4.25,0
HNM,2020-05-28,4.25,4.25,4.25,4.25,0
HNM,2020-05-29,4.25,4.25,4.25,4.25,0
HNM,2020-06-01,4.25,4.25,4.25,4.25,0
HNM,2020-06-02,4.25,4.25,4.25,4.25,0
HNM,2020-06-03,4.25,4.25,4.25,4.25,0
HNM,2020-06-04,4.25,4.25,4.25,4.25,0
HNM,2020-06-05,4.25,4.25,4.25,4.25,0
HNM,2020-06-08,4.25,4.25,4.25,4.25,0
HNM,2020-06-09,4.25,4.25,4.25,4.25,0
HNM,2020-06-10,4.25,4.25,4.25,4.25,0
HNM,2020-06-11,4.25,4.25,4.25,4.25,0
HNM,2020-06-19,2.55,4.72,2.55,4.34,19200
HNM,2020-06-22,3.21,4.34,4.34,4.34,0
HNM,2020-06-23,3.21,4.34,4.34,4.34,0
HNM,2020-06-24,3.21,4.34,4.34,4.34,0
HNM,2020-06-25,3.21,4.34,4.34,4.34,0
HNM,2020-06-26,3.68,3.68,3.21,3.68,23290
HNM,2020-06-29,3.59,3.68,3.68,3.68,0
HNM,2020-06-30,3.59,3.68,3.68,3.68,0
HNM,2020-07-01,3.59,3.68,3.68,3.68,0
HNM,2020-07-02,3.59,3.68,3.68,3.68,0
HNM,2020-07-03,3.59,4.06,3.59,4.06,62990
HNM,2020-07-06,3.87,4.06,4.06,4.06,0
HNM,2020-07-07,3.87,4.06,4.06,4.06,0
HNM,2020-07-08,3.87,4.06,4.06,4.06,0
HNM,2020-07-09,3.87,4.06,4.06,4.06,0
HNM,2020-07-10,4.06,4.44,3.87,4.44,54850
HNM,2020-07-13,4.44,4.44,4.44,4.44,0
HNM,2020-07-14,4.44,4.44,4.44,4.44,0
HNM,2020-07-15,4.44,4.44,4.44,4.44,0
HNM,2020-07-16,4.44,4.44,4.44,4.44,0
HNM,2020-07-17,4.53,4.72,4.53,4.72,59700
HNM,2020-07-20,4.62,4.72,4.72,4.72,0
HNM,2020-07-21,4.62,4.72,4.72,4.72,0
HNM,2020-07-22,4.62,4.72,4.72,4.72,0
HNM,2020-07-23,4.62,4.72,4.72,4.72,0
HNM,2020-07-24,4.72,4.72,4.34,4.53,60100
HNM,2020-07-27,4.62,4.53,4.53,4.53,0
HNM,2020-07-28,4.62,4.53,4.53,4.53,0
HNM,2020-07-29,4.62,4.53,4.53,4.53,0
HNM,2020-07-30,4.62,4.53,4.53,4.53,0
HNM,2020-07-31,4.34,4.53,4.15,4.44,55500
HNM,2020-08-03,4.25,4.44,4.44,4.44,0
HNM,2020-08-04,4.25,4.44,4.44,4.44,0
HNM,2020-08-05,4.25,4.44,4.44,4.44,0
HNM,2020-08-06,4.25,4.44,4.44,4.44,0
HNM,2020-08-07,4.53,4.81,4.44,4.81,207600
HNM,2020-08-10,4.72,4.81,4.81,4.81,0
HNM,2020-08-11,4.72,4.81,4.81,4.81,0
HNM,2020-08-12,4.72,4.81,4.81,4.81,0
HNM,2020-08-13,4.72,4.81,4.81,4.81,0
HNM,2020-08-14,4.81,5.29,4.81,5.19,148889
HNM,2020-08-17,5.1,5.19,5.19,5.19,0
HNM,2020-08-18,5.1,5.19,5.19,5.19,0
HNM,2020-08-19,5.1,5.19,5.19,5.19,0
HNM,2020-08-20,5.1,5.19,5.19,5.19,0
HNM,2020-08-21,5.19,5.19,4.72,4.81,66610
HNM,2020-08-24,5.0,4.81,4.81,4.81,0
HNM,2020-08-25,5.0,4.81,4.81,4.81,0
HNM,2020-08-26,5.0,4.81,4.81,4.81,0
HNM,2020-08-27,5.0,4.81,4.81,4.81,0
HNM,2020-08-28,4.81,5.0,4.81,5.0,70360
HNM,2020-08-31,5.0,5.0,5.0,5.0,0
HNM,2020-09-01,5.0,5.0,5.0,5.0,0
HNM,2020-09-03,5.0,5.0,5.0,5.0,0
HNM,2020-09-04,4.81,5.1,4.72,5.0,24820
HNM,2020-09-07,4.91,5.0,5.0,5.0,0
HNM,2020-09-08,4.91,5.0,5.0,5.0,0
HNM,2020-09-09,4.91,5.0,5.0,5.0,0
HNM,2020-09-10,4.91,5.0,5.0,5.0,0
HNM,2020-09-11,4.72,4.72,4.53,4.62,47100
HNM,2020-09-14,4.62,4.62,4.62,4.62,0
HNM,2020-09-15,4.62,4.62,4.62,4.62,0
HNM,2020-09-16,4.62,4.62,4.62,4.62,0
HNM,2020-09-17,4.62,4.62,4.62,4.62,0
HNM,2020-09-18,4.34,4.62,4.34,4.44,20090
HNM,2020-09-21,4.53,4.44,4.44,4.44,0
HNM,2020-09-22,4.53,4.44,4.44,4.44,0
HNM,2020-09-23,4.53,4.44,4.44,4.44,0
HNM,2020-09-24,4.53,4.44,4.44,4.44,0
HNM,2020-09-25,4.62,4.81,4.53,4.53,32600
HNM,2020-09-28,4.53,4.53,4.53,4.53,0
HNM,2020-09-29,4.53,4.53,4.53,4.53,0
HNM,2020-09-30,4.53,4.53,4.53,4.53,0
HNM,2020-10-01,4.53,4.53,4.53,4.53,0
HNM,2020-10-02,4.53,4.53,4.25,4.53,26500
HNM,2020-10-05,4.43,4.43,4.43,4.43,0
HNM,2020-10-06,4.43,4.43,4.43,4.43,0
HNM,2020-10-07,4.43,4.43,4.43,4.43,0
HNM,2020-10-08,4.43,4.43,4.43,4.43,0
HNM,2020-10-09,4.25,4.25,4.25,4.25,28800
HNM,2020-10-12,4.25,4.25,4.25,4.25,0
HNM,2020-10-13,4.25,4.25,4.25,4.25,0
HNM,2020-10-14,4.25,4.25,4.25,4.25,0
HNM,2020-10-15,4.25,4.25,4.25,4.25,0
HNM,2020-10-16,4.06,4.34,3.87,4.06,22000
HNM,2020-10-19,4.02,4.02,4.02,4.02,0
HNM,2020-10-20,4.02,4.02,4.02,4.02,0
HNM,2020-10-21,4.06,4.06,4.06,4.06,0
HNM,2020-10-22,4.06,4.06,4.06,4.06,0
HNM,2020-10-23,4.06,4.15,3.96,4.15,9500
HNM,2020-10-26,4.06,4.15,4.15,4.15,0
HNM,2020-10-27,4.06,4.15,4.15,4.15,0
HNM,2020-10-28,4.06,4.15,4.15,4.15,0
HNM,2020-10-29,4.06,4.15,4.15,4.15,0
HNM,2020-10-30,4.06,4.06,3.59,4.06,57300
HNM,2020-11-02,3.78,4.06,4.06,4.06,0
HNM,2020-11-03,3.78,4.06,4.06,4.06,0
HNM,2020-11-04,3.78,4.06,4.06,4.06,0
HNM,2020-11-05,3.78,4.06,4.06,4.06,0
HNM,2020-11-06,4.25,4.25,3.87,4.25,31700
HNM,2020-11-09,4.06,4.25,4.25,4.25,0
HNM,2020-11-10,4.06,4.25,4.25,4.25,0
HNM,2020-11-11,4.06,4.25,4.25,4.25,0
HNM,2020-11-12,4.06,4.25,4.25,4.25,0
HNM,2020-11-13,4.06,4.44,4.06,4.06,14600
HNM,2020-11-16,4.06,4.06,4.06,4.06,0
HNM,2020-11-17,4.06,4.06,4.06,4.06,0
HNM,2020-11-18,4.06,4.06,4.06,4.06,0
HNM,2020-11-19,4.06,4.06,4.06,4.06,0
HNM,2020-11-20,4.06,4.62,4.06,4.62,24700
HNM,2020-11-23,4.34,4.62,4.62,4.62,0
HNM,2020-11-24,4.34,4.62,4.62,4.62,0
HNM,2020-11-25,4.34,4.62,4.62,4.62,0
HNM,2020-11-26,4.34,4.62,4.62,4.62,0
HNM,2020-11-27,4.62,4.62,4.25,4.34,14300
HNM,2020-11-30,4.44,4.34,4.34,4.34,0
HNM,2020-12-01,4.44,4.34,4.34,4.34,0
HNM,2020-12-02,4.44,4.34,4.34,4.34,0
HNM,2020-12-03,4.44,4.34,4.34,4.34,0
HNM,2020-12-04,3.96,4.44,3.96,4.34,4300
HNM,2020-12-07,4.34,4.34,4.34,4.34,0
HNM,2020-12-08,4.34,4.34,4.34,4.34,0
HNM,2020-12-09,4.34,4.34,4.34,4.34,0
HNM,2020-12-10,4.34,4.34,4.34,4.34,0
HNM,2020-12-11,4.34,4.44,4.15,4.44,25040
HNM,2020-12-14,4.34,4.44,4.44,4.44,0
HNM,2020-12-15,4.34,4.44,4.44,4.44,0
HNM,2020-12-16,4.34,4.44,4.44,4.44,0
HNM,2020-12-17,4.34,4.44,4.44,4.44,0
HNM,2020-12-18,4.34,4.34,4.06,4.06,35920
HNM,2020-12-21,4.25,4.06,4.06,4.06,0
HNM,2020-12-22,4.25,4.06,4.06,4.06,0
HNM,2020-12-23,4.25,4.06,4.06,4.06,0
HNM,2020-12-24,4.25,4.06,4.06,4.06,0
HNM,2020-12-25,4.06,4.25,4.06,4.06,15917
HNM,2020-12-28,4.15,4.06,4.06,4.06,0
HNM,2020-12-29,4.15,4.06,4.06,4.06,0
HNM,2020-12-30,4.15,4.06,4.06,4.06,0
HNM,2020-12-31,4.15,4.06,4.06,4.06,0
HNM,2021-01-04,4.15,4.06,4.06,4.06,0
HNM,2021-01-05,4.15,4.06,4.06,4.06,0
HNM,2021-01-06,4.15,4.06,4.06,4.06,0
HNM,2021-01-07,4.15,4.15,4.15,4.15,0
HNM,2021-01-08,4.15,4.34,3.87,4.06,11350
HNM,2021-01-11,4.15,4.06,4.06,4.06,0
HNM,2021-01-12,4.15,4.06,4.06,4.06,0
HNM,2021-01-13,4.15,4.06,4.06,4.06,0
HNM,2021-01-14,4.15,4.06,4.06,4.06,0
HNM,2021-01-15,4.25,4.44,4.15,4.34,34640
HNM,2021-01-18,4.25,4.34,4.34,4.34,0
HNM,2021-01-19,4.25,4.34,4.34,4.34,0
HNM,2021-01-20,4.25,4.34,4.34,4.34,0
HNM,2021-01-21,4.25,4.34,4.34,4.34,0
HNM,2021-01-22,4.15,4.34,4.15,4.81,99213
HNM,2021-01-25,4.53,4.53,4.53,4.53,0
HNM,2021-01-26,4.53,4.81,4.81,4.81,0
HNM,2021-01-27,4.53,4.81,4.81,4.81,0
HNM,2021-01-28,4.53,4.81,4.81,4.81,0
HNM,2021-01-29,3.87,4.53,3.87,4.44,73520
HNM,2021-02-01,4.44,4.44,4.44,4.44,0
HNM,2021-02-02,4.44,4.44,4.44,4.44,0
HNM,2021-02-03,4.44,4.44,4.44,4.44,0
HNM,2021-02-04,4.44,4.44,4.44,4.44,0
HNM,2021-02-05,5.1,5.1,4.53,5.1,226802
HNM,2021-02-08,5.1,5.1,5.1,5.1,0
HNM,2021-02-09,5.1,5.1,5.1,5.1,0
HNM,2021-02-17,5.1,5.1,5.1,5.1,0
HNM,2021-02-18,5.1,5.1,5.1,5.1,0
HNM,2021-02-19,5.19,5.85,5.19,5.38,158850
HNM,2021-02-22,5.57,5.38,5.38,5.38,0
HNM,2021-02-23,5.57,5.38,5.38,5.38,0
HNM,2021-02-24,5.57,5.38,5.38,5.38,0
HNM,2021-02-25,5.57,5.38,5.38,5.38,0
HNM,2021-02-26,5.57,5.57,5.0,5.0,81200
HNM,2021-03-01,5.19,5.0,5.0,5.0,0
HNM,2021-03-02,5.19,5.0,5.0,5.0,0
HNM,2021-03-03,5.19,5.0,5.0,5.0,0
HNM,2021-03-04,5.19,5.0,5.0,5.0,0
HNM,2021-03-05,4.81,5.29,4.81,4.91,52123
HNM,2021-03-08,5.0,4.91,4.91,4.91,0
HNM,2021-03-09,5.0,4.91,4.91,4.91,0
HNM,2021-03-10,5.0,4.91,4.91,4.91,0
HNM,2021-03-11,5.0,4.91,4.91,4.91,0
HNM,2021-03-12,5.0,5.1,5.0,5.0,52600
HNM,2021-03-15,5.1,5.0,5.0,5.0,0
HNM,2021-03-16,5.1,5.0,5.0,5.0,0
HNM,2021-03-17,5.1,5.0,5.0,5.0,0
HNM,2021-03-18,5.1,5.0,5.0,5.0,0
HNM,2021-03-19,5.29,5.29,4.72,5.0,39631
HNM,2021-03-22,5.1,5.0,5.0,5.0,0
HNM,2021-03-23,5.1,5.0,5.0,5.0,0
HNM,2021-03-24,5.1,5.0,5.0,5.0,0
HNM,2021-03-25,5.1,5.0,5.0,5.0,0
HNM,2021-03-26,4.81,4.91,4.44,4.81,81500
HNM,2021-03-29,4.62,4.81,4.81,4.81,0
HNM,2021-03-30,4.62,4.81,4.81,4.81,0
HNM,2021-03-31,4.62,4.81,4.81,4.81,0
HNM,2021-04-01,4.62,4.81,4.81,4.81,0
HNM,2021-04-02,4.72,5.29,4.72,5.29,155280
HNM,2021-04-05,5.29,5.29,5.29,5.29,0
HNM,2021-04-06,5.29,5.29,5.29,5.29,0
HNM,2021-04-07,5.29,5.29,5.29,5.29,0
HNM,2021-04-08,5.29,5.29,5.29,5.29,0
HNM,2021-04-09,5.29,5.29,5.0,5.19,36690
HNM,2021-04-12,5.19,5.19,5.19,5.19,0
HNM,2021-04-13,5.19,5.19,5.19,5.19,0
HNM,2021-04-14,5.19,5.19,5.19,5.19,0
HNM,2021-04-15,5.19,5.19,5.19,5.19,0
HNM,2021-04-16,4.81,5.57,4.53,5.19,73270
HNM,2021-04-19,4.81,5.19,5.19,5.19,0
HNM,2021-04-20,4.81,5.19,5.19,5.19,0
HNM,2021-04-22,4.81,5.19,5.19,5.19,0
HNM,2021-04-23,5.1,5.1,4.81,4.81,22900
HNM,2021-04-26,4.91,4.81,4.81,4.81,0
HNM,2021-04-27,4.91,4.81,4.81,4.81,0
HNM,2021-04-28,4.91,4.81,4.81,4.81,0
HNM,2021-04-29,4.91,4.81,4.81,4.81,0
HNM,2021-05-04,4.91,4.81,4.81,4.81,0
HNM,2021-05-05,4.91,4.81,4.81,4.81,0
HNM,2021-05-06,4.91,4.81,4.81,4.81,0
HNM,2021-05-07,4.72,5.0,4.72,4.72,127690
HNM,2021-05-10,4.81,4.72,4.72,4.72,0
HNM,2021-05-11,4.81,4.72,4.72,4.72,0
HNM,2021-05-12,4.81,4.72,4.72,4.72,0
HNM,2021-05-13,4.81,4.72,4.72,4.72,0
HNM,2021-05-14,5.1,5.1,4.62,4.72,87201
HNM,2021-05-17,4.72,4.72,4.72,4.72,0
HNM,2021-05-18,4.72,4.72,4.72,4.72,0
HNM,2021-05-19,4.72,4.72,4.72,4.72,0
HNM,2021-05-20,4.72,4.72,4.72,4.72,0
HNM,2021-05-21,4.72,5.0,4.72,4.81,47089
HNM,2021-05-24,4.91,4.81,4.81,4.81,0
HNM,2021-05-25,4.91,4.81,4.81,4.81,0
HNM,2021-05-26,4.91,4.81,4.81,4.81,0
HNM,2021-05-27,4.91,4.81,4.81,4.81,0
HNM,2021-05-28,4.91,5.29,4.91,5.19,215100
HNM,2021-05-31,5.1,5.19,5.19,5.19,0
HNM,2021-06-01,5.1,5.19,5.19,5.19,0
HNM,2021-06-02,5.1,5.19,5.19,5.19,0
HNM,2021-06-03,5.1,5.19,5.19,5.19,0
HNM,2021-06-04,5.38,5.85,5.38,5.85,158208
HNM,2021-06-07,5.85,5.85,5.85,5.85,0
HNM,2021-06-08,5.85,5.85,5.85,5.85,0
HNM,2021-06-09,5.85,5.85,5.85,5.85,0
HNM,2021-06-10,5.85,5.85,5.85,5.85,0
HNM,2021-06-11,6.7,6.7,6.61,6.7,216800
HNM,2021-06-14,6.7,6.7,6.7,6.7,0
HNM,2021-06-15,6.7,6.7,6.7,6.7,0
HNM,2021-06-16,6.7,6.7,6.7,6.7,0
HNM,2021-06-17,6.7,6.7,6.7,6.7,0
HNM,2021-06-18,7.64,7.64,7.46,7.64,458175
HNM,2021-06-21,7.64,7.64,7.64,7.64,0
HNM,2021-06-22,7.64,7.64,7.64,7.64,0
HNM,2021-06-23,7.64,7.64,7.64,7.64,0
HNM,2021-06-24,7.64,7.64,7.64,7.64,0
HNM,2021-06-25,7.74,8.02,6.61,7.08,218461
HNM,2021-06-28,7.46,7.08,7.08,7.08,0
HNM,2021-06-29,7.46,7.08,7.08,7.08,0
HNM,2021-06-30,7.46,7.08,7.08,7.08,0
HNM,2021-07-01,7.46,7.08,7.08,7.08,0
HNM,2021-07-02,7.46,7.46,6.42,6.7,139372
HNM,2021-07-05,6.7,6.7,6.7,6.7,0
HNM,2021-07-06,6.7,6.7,6.7,6.7,0
HNM,2021-07-07,6.7,6.7,6.7,6.7,0
HNM,2021-07-08,6.7,6.7,6.7,6.7,0
HNM,2021-07-09,5.95,6.04,5.76,5.85,150700
HNM,2021-07-12,5.85,5.85,5.85,5.85,0
HNM,2021-07-13,5.85,5.85,5.85,5.85,0
HNM,2021-07-14,5.85,5.85,5.85,5.85,0
HNM,2021-07-15,5.85,5.85,5.85,5.85,0
HNM,2021-07-16,5.57,6.23,5.57,6.23,42090
HNM,2021-07-19,5.85,6.23,6.23,6.23,0
HNM,2021-07-20,5.85,6.23,6.23,6.23,0
HNM,2021-07-21,5.85,6.23,6.23,6.23,0
HNM,2021-07-22,5.85,6.23,6.23,6.23,0
HNM,2021-07-23,6.23,6.7,6.04,6.7,191400
HNM,2021-07-26,6.61,6.7,6.7,6.7,0
HNM,2021-07-27,6.61,6.7,6.7,6.7,0
HNM,2021-07-28,6.61,6.7,6.7,6.7,0
HNM,2021-07-29,6.61,6.7,6.7,6.7,0
HNM,2021-07-30,7.55,7.55,7.17,7.55,346950
HNM,2021-08-02,7.55,7.55,7.55,7.55,0
HNM,2021-08-03,7.55,7.55,7.55,7.55,0
HNM,2021-08-04,7.55,7.55,7.55,7.55,0
HNM,2021-08-05,7.55,7.55,7.55,7.55,0
HNM,2021-08-06,8.49,8.49,7.55,7.83,189303
HNM,2021-08-09,8.02,7.83,7.83,7.83,0
HNM,2021-08-10,8.02,7.83,7.83,7.83,0
HNM,2021-08-11,8.02,7.83,7.83,7.83,0
HNM,2021-08-12,8.02,7.83,7.83,7.83,0
HNM,2021-08-13,8.12,9.15,8.02,8.78,362751
HNM,2021-08-16,8.49,8.78,8.78,8.78,0
HNM,2021-08-17,8.49,8.78,8.78,8.78,0
HNM,2021-08-18,8.49,8.78,8.78,8.78,0
HNM,2021-08-19,8.49,8.78,8.78,8.78,0
HNM,2021-08-20,9.44,9.63,8.68,8.97,87900
HNM,2021-08-23,9.25,8.97,8.97,8.97,0
HNM,2021-08-24,9.25,8.97,8.97,8.97,0
HNM,2021-08-25,9.25,8.97,8.97,8.97,0
HNM,2021-08-26,9.25,8.97,8.97,8.97,0
HNM,2021-08-27,9.15,9.34,8.59,8.68,101800
HNM,2021-08-30,8.87,8.87,8.87,8.87,0
HNM,2021-08-31,8.87,8.87,8.87,8.87,0
HNM,2021-09-01,8.87,8.87,8.87,8.87,0
HNM,2021-09-06,8.87,8.68,8.68,8.68,0
HNM,2021-09-07,8.87,8.68,8.68,8.68,0
HNM,2021-09-08,8.87,8.87,8.87,8.87,0
HNM,2021-09-09,8.87,8.87,8.87,8.87,0
HNM,2021-09-10,8.97,10.0,8.97,9.44,145304
HNM,2021-09-13,9.44,9.44,9.44,9.44,0
HNM,2021-09-14,9.44,9.44,9.44,9.44,0
HNM,2021-09-15,9.44,9.44,9.44,9.44,0
HNM,2021-09-16,9.44,9.44,9.44,9.44,0
HNM,2021-09-17,10.0,10.85,9.91,10.85,320704
HNM,2021-09-20,10.66,10.66,10.66,10.66,0
HNM,2021-09-21,10.66,10.66,10.66,10.66,0
HNM,2021-09-22,10.66,10.66,10.66,10.66,0
HNM,2021-09-23,10.66,10.66,10.66,10.66,0
HNM,2021-09-24,10.76,12.18,10.76,12.18,307135
HNM,2021-09-27,12.08,12.08,12.08,12.08,0
HNM,2021-09-28,12.08,12.08,12.08,12.08,0
HNM,2021-09-29,12.08,12.08,12.08,12.08,0
HNM,2021-09-30,12.08,12.08,12.08,12.08,0
HNM,2021-10-01,12.46,13.87,12.36,13.87,142984
HNM,2021-10-04,13.87,13.87,13.87,13.87,0
HNM,2021-10-05,13.87,13.87,13.87,13.87,0
HNM,2021-10-06,13.87,13.87,13.87,13.87,0
HNM,2021-10-07,13.87,13.87,13.87,13.87,0
HNM,2021-10-08,15.76,15.95,15.57,15.95,556180
HNM,2021-10-11,15.86,15.86,15.86,15.86,0
HNM,2021-10-12,15.86,15.86,15.86,15.86,0
HNM,2021-10-13,15.86,15.86,15.86,15.86,0
HNM,2021-10-14,15.86,15.86,15.86,15.86,0
HNM,2021-10-15,17.55,17.55,15.86,16.42,191457
HNM,2021-10-18,16.52,16.52,16.52,16.52,0
HNM,2021-10-19,16.52,16.52,16.52,16.52,0
HNM,2021-10-20,16.52,16.52,16.52,16.52,0
HNM,2021-10-21,16.52,16.52,16.52,16.52,0
HNM,2021-10-22,16.52,16.61,14.91,15.57,261020
HNM,2021-10-25,15.48,15.48,15.48,15.48,0
HNM,2021-10-26,15.48,15.48,15.48,15.48,0
HNM,2021-10-27,15.48,15.48,15.48,15.48,0
HNM,2021-10-28,15.48,15.48,15.48,15.48,0
HNM,2021-10-29,16.23,16.33,13.87,14.53,375805
HNM,2021-11-01,14.91,14.91,14.91,14.91,0
HNM,2021-11-02,14.91,14.91,14.91,14.91,0
HNM,2021-11-03,14.91,14.91,14.91,14.91,0
HNM,2021-11-04,14.91,14.91,14.91,14.91,0
HNM,2021-11-05,14.91,14.91,13.21,13.21,228403
HNM,2021-11-08,13.69,13.69,13.69,13.69,0
HNM,2021-11-09,13.69,13.69,13.69,13.69,0
HNM,2021-11-10,13.69,13.69,13.69,13.69,0
HNM,2021-11-11,13.69,13.69,13.69,13.69,0
HNM,2021-11-12,13.69,13.69,11.7,11.99,485600
HNM,2021-11-15,11.99,11.99,11.99,11.99,0
HNM,2021-11-16,11.99,11.99,11.99,11.99,0
HNM,2021-11-17,11.99,11.99,11.99,11.99,0
HNM,2021-11-18,11.99,11.99,11.99,11.99,0
HNM,2021-11-19,11.99,13.69,10.85,13.12,371705
HNM,2021-11-22,12.27,12.27,12.27,12.27,0
HNM,2021-11-23,12.27,12.27,12.27,12.27,0
HNM,2021-11-24,12.27,12.27,12.27,12.27,0
HNM,2021-11-25,12.27,12.27,12.27,12.27,0
HNM,2021-11-26,13.21,13.97,13.21,13.87,349201
HNM,2021-11-29,13.78,13.78,13.78,13.78,0
HNM,2021-11-30,13.78,13.78,13.78,13.78,0
HNM,2021-12-01,13.78,13.78,13.78,13.78,0
HNM,2021-12-02,13.78,13.78,13.78,13.78,0
HNM,2021-12-03,15.29,15.29,13.31,13.97,176160
HNM,2021-12-06,13.69,13.69,13.69,13.69,0
HNM,2021-12-07,13.69,13.69,13.69,13.69,0
HNM,2021-12-08,13.69,13.69,13.69,13.69,0
HNM,2021-12-09,13.69,13.69,13.69,13.69,0
HNM,2021-12-10,13.69,13.87,13.12,13.4,40060
HNM,2021-12-13,13.4,13.4,13.4,13.4,0
HNM,2021-12-14,13.4,13.4,13.4,13.4,0
HNM,2021-12-15,13.4,13.4,13.4,13.4,0
HNM,2021-12-16,13.4,13.4,13.4,13.4,0
HNM,2021-12-17,14.16,14.16,12.55,13.31,97345
HNM,2021-12-20,13.12,13.12,13.12,13.12,0
HNM,2021-12-21,13.12,13.12,13.12,13.12,0
HNM,2021-12-22,13.12,13.12,13.12,13.12,0
HNM,2021-12-23,13.12,13.12,13.12,13.12,0
HNM,2021-12-24,13.69,13.69,11.89,12.74,53720
HNM,2021-12-27,12.74,12.74,12.74,12.74,0
HNM,2021-12-28,12.74,12.74,12.74,12.74,0
HNM,2021-12-29,12.74,12.74,12.74,12.74,0
HNM,2021-12-30,12.74,12.74,12.74,12.74,0
HNM,2021-12-31,12.74,13.87,12.27,13.21,223245
HNM,2022-01-04,12.84,12.84,12.84,12.84,0
HNM,2022-01-05,12.84,12.84,12.84,12.84,0
HNM,2022-01-06,12.84,12.84,12.84,12.84,0
HNM,2022-01-07,14.16,14.72,14.16,14.72,316401
HNM,2022-01-10,14.72,14.72,14.72,14.72,0
HNM,2022-01-11,14.72,14.72,14.72,14.72,0
HNM,2022-01-12,14.72,14.72,14.72,14.72,0
HNM,2022-01-13,14.72,14.72,14.72,14.72,0
HNM,2022-01-14,14.72,14.72,12.74,13.5,188390
HNM,2022-01-17,13.21,13.21,13.21,13.21,0
HNM,2022-01-18,13.21,13.21,13.21,13.21,0
HNM,2022-01-19,13.21,13.21,13.21,13.21,0
HNM,2022-01-20,13.21,13.21,13.21,13.21,0
HNM,2022-01-21,13.87,13.87,13.02,13.02,128450
HNM,2022-01-24,13.4,13.4,13.4,13.4,0
HNM,2022-01-25,13.4,13.4,13.4,13.4,0
HNM,2022-01-26,13.4,13.4,13.4,13.4,0
HNM,2022-01-27,13.4,13.4,13.4,13.4,0
HNM,2022-01-28,12.84,13.31,12.08,12.27,73300
HNM,2022-02-07,12.46,12.46,12.46,12.46,0
HNM,2022-02-08,12.46,12.46,12.46,12.46,0
HNM,2022-02-09,12.46,12.46,12.46,12.46,0
HNM,2022-02-10,12.46,12.46,12.46,12.46,0
HNM,2022-02-11,13.12,13.12,12.46,12.46,35205
HNM,2022-02-14,12.55,12.55,12.55,12.55,0
HNM,2022-02-15,12.55,12.55,12.55,12.55,0
HNM,2022-02-16,12.55,12.55,12.55,12.55,0
HNM,2022-02-17,12.55,12.55,12.55,12.55,0
HNM,2022-02-18,12.74,12.74,12.08,12.36,99700
HNM,2022-02-21,12.18,12.18,12.18,12.18,0
HNM,2022-02-22,12.18,12.18,12.18,12.18,0
HNM,2022-02-23,12.18,12.18,12.18,12.18,0
HNM,2022-02-24,12.18,12.18,12.18,12.18,0
HNM,2022-02-25,11.8,11.99,11.42,11.7,119100
HNM,2022-02-28,11.7,11.7,11.7,11.7,0
HNM,2022-03-01,11.7,11.7,11.7,11.7,0
HNM,2022-03-02,11.7,11.7,11.7,11.7,0
HNM,2022-03-03,11.7,11.7,11.7,11.7,0
HNM,2022-03-04,11.8,11.99,11.61,11.61,78130
HNM,2022-03-07,11.7,11.7,11.7,11.7,0
HNM,2022-03-08,11.7,11.7,11.7,11.7,0
HNM,2022-03-09,11.7,11.7,11.7,11.7,0
HNM,2022-03-10,11.7,11.7,11.7,11.7,0
HNM,2022-03-11,11.8,11.8,11.04,11.04,148900
HNM,2022-03-14,11.23,11.23,11.23,11.23,0
HNM,2022-03-15,11.23,11.23,11.23,11.23,0
HNM,2022-03-16,11.23,11.23,11.23,11.23,0
HNM,2022-03-17,11.23,11.23,11.23,11.23,0
HNM,2022-03-18,11.33,11.8,10.66,11.14,79300
HNM,2022-03-21,11.14,11.14,11.14,11.14,0
HNM,2022-03-22,11.14,11.14,11.14,11.14,0
HNM,2022-03-23,11.14,11.14,11.14,11.14,0
HNM,2022-03-24,11.14,11.14,11.14,11.14,0
HNM,2022-03-25,11.14,12.46,11.14,11.89,124900
HNM,2022-03-28,11.99,11.99,11.99,11.99,0
HNM,2022-03-29,11.99,11.99,11.99,11.99,0
HNM,2022-03-30,11.99,11.99,11.99,11.99,0
HNM,2022-03-31,11.99,11.99,11.99,11.99,0
HNM,2022-04-01,12.27,12.27,11.42,11.42,82200
HNM,2022-04-04,11.7,11.7,11.7,11.7,0
HNM,2022-04-05,11.7,11.7,11.7,11.7,0
HNM,2022-04-06,11.7,11.7,11.7,11.7,0
HNM,2022-04-07,11.7,11.7,11.7,11.7,0
HNM,2022-04-08,11.99,11.99,10.85,10.85,94810
HNM,2022-04-12,11.14,11.14,11.14,11.14,0
HNM,2022-04-13,11.14,11.14,11.14,11.14,0
HNM,2022-04-14,11.14,11.14,11.14,11.14,0
HNM,2022-04-15,11.61,11.8,11.14,11.33,53750
HNM,2022-04-18,11.51,11.51,11.51,11.51,0
HNM,2022-04-19,11.51,11.51,11.51,11.51,0
HNM,2022-04-20,11.51,11.51,11.51,11.51,0
HNM,2022-04-21,11.51,11.51,11.51,11.51,0
HNM,2022-04-22,11.14,11.23,9.82,10.29,173017
HNM,2022-04-25,10.1,10.1,10.1,10.1,0
HNM,2022-04-26,10.1,10.1,10.1,10.1,0
HNM,2022-04-27,10.1,10.1,10.1,10.1,0
HNM,2022-04-28,10.1,10.1,10.1,10.1,0
HNM,2022-04-29,10.1,11.23,10.1,10.1,44800
HNM,2022-05-04,10.38,10.38,10.38,10.38,0
HNM,2022-05-05,10.38,10.38,10.38,10.38,0
HNM,2022-05-06,10.38,10.38,9.06,9.06,37306
HNM,2022-05-09,9.91,9.91,9.91,9.91,0
HNM,2022-05-10,9.91,9.91,9.91,9.91,0
HNM,2022-05-11,9.91,9.91,9.91,9.91,0
HNM,2022-05-12,9.91,9.91,9.91,9.91,0
HNM,2022-05-13,9.34,9.34,8.49,8.49,48401
HNM,2022-05-16,8.49,8.49,8.49,8.49,0
HNM,2022-05-17,8.49,8.49,8.49,8.49,0
HNM,2022-05-18,8.49,8.49,8.49,8.49,0
HNM,2022-05-19,8.49,8.49,8.49,8.49,0
HNM,2022-05-20,8.31,9.72,8.31,8.4,59400
HNM,2022-05-23,8.68,8.68,8.68,8.68,0
HNM,2022-05-24,8.68,8.68,8.68,8.68,0
HNM,2022-05-25,8.68,8.68,8.68,8.68,0
HNM,2022-05-26,8.68,8.68,8.68,8.68,0
HNM,2022-05-27,8.97,8.97,8.21,8.31,64500
HNM,2022-05-30,8.59,8.59,8.59,8.59,0
HNM,2022-05-31,8.59,8.59,8.59,8.59,0
HNM,2022-06-01,8.59,8.59,8.59,8.59,0
HNM,2022-06-02,8.59,8.59,8.59,8.59,0
HNM,2022-06-03,9.15,9.15,8.21,8.49,52000
HNM,2022-06-06,8.49,8.49,8.49,8.49,0
HNM,2022-06-07,8.49,8.49,8.49,8.49,0
HNM,2022-06-08,8.49,8.49,8.49,8.49,0
HNM,2022-06-09,8.49,8.49,8.49,8.49,0
HNM,2022-06-10,9.15,9.15,8.21,8.4,42400
HNM,2022-06-13,8.31,8.31,8.31,8.31,0
HNM,2022-06-14,8.31,8.31,8.31,8.31,0
HNM,2022-06-15,8.31,8.31,8.31,8.31,0
HNM,2022-06-16,8.31,8.31,8.31,8.31,0
HNM,2022-06-17,8.87,8.87,7.17,7.36,31000
HNM,2022-06-20,7.46,7.46,7.46,7.46,0
HNM,2022-06-21,7.46,7.46,7.46,7.46,0
HNM,2022-06-22,7.46,7.46,7.46,7.46,0
HNM,2022-06-23,7.46,7.46,7.46,7.46,0
HNM,2022-06-24,7.55,7.93,6.51,6.51,40300
HNM,2022-06-27,6.8,6.8,6.8,6.8,0
HNM,2022-06-28,6.8,6.8,6.8,6.8,0
HNM,2022-06-29,6.8,6.8,6.8,6.8,0
HNM,2022-06-30,6.8,6.8,6.8,6.8,0
HNM,2022-07-01,7.08,7.74,6.61,7.74,67600
HNM,2022-07-04,7.08,7.08,7.08,7.08,0
HNM,2022-07-05,7.08,7.08,7.08,7.08,0
HNM,2022-07-06,7.08,7.08,7.08,7.08,0
HNM,2022-07-07,7.08,7.08,7.08,7.08,0
HNM,2022-07-08,8.12,8.12,7.55,8.12,71200
HNM,2022-07-11,7.93,7.93,7.93,7.93,0
HNM,2022-07-12,7.93,7.93,7.93,7.93,0
HNM,2022-07-13,7.93,7.93,7.93,7.93,0
HNM,2022-07-14,7.93,7.93,7.93,7.93,0
HNM,2022-07-15,8.78,9.06,8.21,9.06,76470
HNM,2022-07-18,8.97,8.97,8.97,8.97,0
HNM,2022-07-19,8.97,8.97,8.97,8.97,0
HNM,2022-07-20,8.97,8.97,8.97,8.97,0
HNM,2022-07-21,8.97,8.97,8.97,8.97,0
HNM,2022-07-22,9.25,9.72,9.25,9.25,29500
HNM,2022-07-25,9.44,9.44,9.44,9.44,0
HNM,2022-07-26,9.44,9.44,9.44,9.44,0
HNM,2022-07-27,9.44,9.44,9.44,9.44,0
HNM,2022-07-28,9.44,9.44,9.44,9.44,0
HNM,2022-07-29,10.29,10.29,8.49,8.49,88601
HNM,2022-08-01,9.91,9.91,9.91,9.91,0
HNM,2022-08-02,9.91,9.91,9.91,9.91,0
HNM,2022-08-03,9.91,9.91,9.91,9.91,0
HNM,2022-08-04,9.91,9.91,9.91,9.91,0
HNM,2022-08-05,9.44,9.44,8.49,8.49,102145
HNM,2022-08-08,8.68,8.68,8.68,8.68,0
HNM,2022-08-09,8.68,8.68,8.68,8.68,0
HNM,2022-08-10,8.68,8.68,8.68,8.68,0
HNM,2022-08-11,8.68,8.68,8.68,8.68,0
HNM,2022-08-12,8.4,8.4,7.46,8.31,226000
HNM,2022-08-15,7.64,7.64,7.64,7.64,0
HNM,2022-08-16,7.64,7.64,7.64,7.64,0
HNM,2022-08-17,7.64,7.64,7.64,7.64,0
HNM,2022-08-18,7.64,7.64,7.64,7.64,0
HNM,2022-08-19,7.55,8.59,7.55,8.21,63700
HNM,2022-08-22,8.4,8.4,8.4,8.4,0
HNM,2022-08-23,8.4,8.4,8.4,8.4,0
HNM,2022-08-24,8.4,8.4,8.4,8.4,0
HNM,2022-08-25,8.4,8.4,8.4,8.4,0
HNM,2022-08-26,8.68,8.68,7.93,8.31,45400
HNM,2022-08-29,8.21,8.21,8.21,8.21,0
HNM,2022-08-30,8.21,8.21,8.21,8.21,0
HNM,2022-08-31,8.21,8.21,8.21,8.21,0
HNM,2022-09-05,8.21,8.21,8.21,8.21,0
HNM,2022-09-06,8.21,8.21,8.21,8.21,0
HNM,2022-09-07,8.21,8.21,8.21,8.21,0
HNM,2022-09-08,8.21,8.21,8.21,8.21,0
HNM,2022-09-09,8.02,8.21,7.83,8.02,49800
HNM,2022-09-12,8.02,8.02,8.02,8.02,0
HNM,2022-09-13,8.02,8.02,8.02,8.02,0
HNM,2022-09-14,8.02,8.02,8.02,8.02,0
HNM,2022-09-15,8.02,8.02,8.02,8.02,0
HNM,2022-09-16,7.08,8.21,7.08,8.02,31630
HNM,2022-09-19,7.83,7.83,7.83,7.83,0
HNM,2022-09-20,7.83,7.83,7.83,7.83,0
HNM,2022-09-21,7.83,7.83,7.83,7.83,0
HNM,2022-09-22,7.83,7.83,7.83,7.83,0
HNM,2022-09-23,8.31,8.31,7.55,7.83,57680
HNM,2022-09-26,7.74,7.74,7.74,7.74,0
HNM,2022-09-27,7.74,7.74,7.74,7.74,0
HNM,2022-09-28,7.74,7.74,7.74,7.74,0
HNM,2022-09-29,7.74,7.74,7.74,7.74,0
HNM,2022-09-30,6.8,8.49,6.8,7.36,31000
HNM,2022-10-03,7.46,7.46,7.46,7.46,0
HNM,2022-10-04,7.46,7.46,7.46,7.46,0
HNM,2022-10-05,7.46,7.46,7.46,7.46,0
HNM,2022-10-06,7.46,7.46,7.46,7.46,0
HNM,2022-10-07,6.42,7.74,6.42,6.61,124303
HNM,2022-10-10,7.08,7.08,7.08,7.08,0
HNM,2022-10-11,7.08,7.08,7.08,7.08,0
HNM,2022-10-12,7.08,7.08,7.08,7.08,0
HNM,2022-10-13,7.08,7.08,7.08,7.08,0
HNM,2022-10-14,7.55,7.64,7.17,7.36,18689
HNM,2022-10-17,7.36,7.36,7.36,7.36,0
HNM,2022-10-18,7.36,7.36,7.36,7.36,0
HNM,2022-10-19,7.36,7.36,7.36,7.36,0
HNM,2022-10-20,7.36,7.36,7.36,7.36,0
HNM,2022-10-21,7.74,7.74,6.98,7.36,47300
HNM,2022-10-24,7.46,7.46,7.46,7.46,0
HNM,2022-10-25,7.46,7.46,7.46,7.46,0
HNM,2022-10-26,7.46,7.46,7.46,7.46,0
HNM,2022-10-27,7.46,7.46,7.46,7.46,0
HNM,2022-10-28,7.46,7.55,6.61,7.46,33313
HNM,2022-10-31,7.17,7.17,7.17,7.17,0
HNM,2022-11-01,7.17,7.17,7.17,7.17,0
HNM,2022-11-02,7.17,7.17,7.17,7.17,0
HNM,2022-11-03,7.17,7.17,7.17,7.17,0
HNM,2022-11-04,7.17,7.17,6.51,6.61,50100
HNM,2022-11-07,6.61,6.61,6.61,6.61,0
HNM,2022-11-08,6.61,6.61,6.61,6.61,0
HNM,2022-11-09,6.61,6.61,6.61,6.61,0
HNM,2022-11-10,6.61,6.61,6.61,6.61,0
HNM,2022-11-11,6.32,6.51,5.66,5.95,65100
HNM,2022-11-14,5.95,5.95,5.95,5.95,0
HNM,2022-11-15,5.95,5.95,5.95,5.95,0
HNM,2022-11-16,5.95,5.95,5.95,5.95,0
HNM,2022-11-17,5.95,5.95,5.95,5.95,0
HNM,2022-11-18,6.8,6.8,5.85,6.32,14900
HNM,2022-11-21,6.23,6.23,6.23,6.23,0
HNM,2022-11-22,6.23,6.23,6.23,6.23,0
HNM,2022-11-23,6.23,6.23,6.23,6.23,0
HNM,2022-11-24,6.23,6.23,6.23,6.23,0
HNM,2022-11-25,6.61,6.7,5.95,6.23,39934
HNM,2022-11-28,6.23,6.23,6.23,6.23,0
HNM,2022-11-29,6.23,6.23,6.23,6.23,0
HNM,2022-11-30,6.23,6.23,6.23,6.23,0
HNM,2022-12-01,6.23,6.23,6.23,6.23,0
HNM,2022-12-02,7.08,7.08,6.42,6.7,58534
HNM,2022-12-05,6.7,6.7,6.7,6.7,0
HNM,2022-12-06,6.7,6.7,6.7,6.7,0
HNM,2022-12-07,6.7,6.7,6.7,6.7,0
HNM,2022-12-08,6.7,6.7,6.7,6.7,0
HNM,2022-12-09,7.64,7.64,6.61,6.7,18500
HNM,2022-12-12,6.8,6.8,6.8,6.8,0
HNM,2022-12-13,6.8,6.8,6.8,6.8,0
HNM,2022-12-14,6.8,6.8,6.8,6.8,0
HNM,2022-12-15,6.8,6.8,6.8,6.8,0
HNM,2022-12-16,7.55,7.55,6.04,6.51,38800
HNM,2022-12-19,6.51,6.51,6.51,6.51,0
HNM,2022-12-20,6.51,6.51,6.51,6.51,0
HNM,2022-12-21,6.51,6.51,6.51,6.51,0
HNM,2022-12-22,6.51,6.51,6.51,6.51,0
HNM,2022-12-23,7.46,7.46,6.13,6.32,21700
HNM,2022-12-26,6.32,6.32,6.32,6.32,0
HNM,2022-12-27,6.32,6.32,6.32,6.32,0
HNM,2022-12-28,6.32,6.32,6.32,6.32,0
HNM,2022-12-29,6.32,6.32,6.32,6.32,0
HNM,2022-12-30,7.27,7.27,5.76,6.04,52700
HNM,2023-01-03,6.13,6.13,6.13,6.13,0
HNM,2023-01-04,6.13,6.13,6.13,6.13,0
HNM,2023-01-05,6.13,6.13,6.13,6.13,0
HNM,2023-01-06,6.98,6.98,6.13,6.13,40400
HNM,2023-01-09,6.13,6.13,6.13,6.13,0
HNM,2023-01-10,6.13,6.13,6.13,6.13,0
HNM,2023-01-11,6.13,6.13,6.13,6.13,0
HNM,2023-01-12,6.13,6.13,6.13,6.13,0
HNM,2023-01-13,6.7,6.7,6.13,6.7,57700
HNM,2023-01-16,6.32,6.32,6.32,6.32,0
HNM,2023-01-17,6.32,6.32,6.32,6.32,0
HNM,2023-01-18,6.32,6.32,6.32,6.32,0
HNM,2023-01-19,6.32,6.32,6.32,6.32,0
HNM,2023-01-27,7.17,7.17,6.51,6.89,13400
HNM,2023-01-30,6.61,6.61,6.61,6.61,0
HNM,2023-01-31,6.61,6.61,6.61,6.61,0
HNM,2023-02-01,6.61,6.61,6.61,6.61,0
HNM,2023-02-02,6.61,6.61,6.61,6.61,0
HNM,2023-02-03,6.61,7.08,6.61,6.8,13300
HNM,2023-02-06,6.7,6.7,6.7,6.7,0
HNM,2023-02-07,6.7,6.7,6.7,6.7,0
HNM,2023-02-08,6.7,6.7,6.7,6.7,0
HNM,2023-02-09,6.7,6.7,6.7,6.7,0
HNM,2023-02-10,7.46,7.46,6.98,7.36,30400
HNM,2023-02-13,7.17,7.17,7.17,7.17,0
HNM,2023-02-14,7.17,7.17,7.17,7.17,0
HNM,2023-02-15,7.17,7.17,7.17,7.17,0
HNM,2023-02-16,7.17,7.17,7.17,7.17,0
HNM,2023-02-17,8.21,8.21,8.21,8.21,6513
HNM,2023-02-20,9.44,9.44,9.44,9.44,109325
HNM,2023-02-21,10.85,10.85,9.63,10.38,191797
HNM,2023-02-22,11.33,11.33,9.15,9.25,40768
HNM,2023-02-23,9.91,9.91,8.49,8.49,77742
HNM,2023-02-24,8.97,8.97,8.31,8.31,29100
HNM,2023-02-27,8.31,8.68,8.31,8.59,52800
HNM,2023-02-28,9.44,9.44,8.59,8.97,35142
HNM,2023-03-01,9.25,9.25,8.68,8.78,12300
HNM,2023-03-02,9.06,9.15,8.78,9.06,31500
HNM,2023-03-03,8.97,8.97,8.68,8.97,2160
HNM,2023-03-06,8.97,9.15,8.68,8.68,6200
HNM,2023-03-07,9.06,9.06,8.68,9.06,5701
HNM,2023-03-08,9.06,9.06,8.68,8.97,1789
HNM,2023-03-09,8.97,8.97,8.49,8.49,32800
HNM,2023-03-10,8.97,8.97,8.59,8.59,20419
HNM,2023-03-13,8.97,8.97,8.21,8.4,26100
HNM,2023-03-14,8.68,8.68,7.83,8.12,5700
HNM,2023-03-15,8.49,8.49,7.93,8.21,16400
HNM,2023-03-16,8.12,8.21,8.12,8.21,8700
HNM,2023-03-17,8.31,8.31,7.93,8.21,2200
HNM,2023-03-20,8.21,8.31,7.93,8.02,5800
HNM,2023-03-21,8.4,8.4,7.93,7.93,2200
HNM,2023-03-22,9.15,9.15,8.02,8.12,3000
HNM,2023-03-23,8.21,8.21,7.74,7.74,6900
HNM,2023-03-24,7.74,9.06,7.74,7.83,3030
HNM,2023-03-27,9.06,9.06,7.74,7.93,14500
HNM,2023-03-28,9.06,9.06,7.83,7.83,11900
HNM,2023-03-29,8.49,8.49,7.93,7.93,19709
HNM,2023-03-30,8.49,8.49,7.93,7.93,16500
HNM,2023-03-31,8.49,8.49,7.93,8.02,4300
HNM,2023-04-03,8.02,8.12,7.93,8.12,13110
HNM,2023-04-04,8.12,8.12,7.93,8.12,5700
HNM,2023-04-05,8.02,8.12,7.93,8.02,8200
HNM,2023-04-06,8.02,8.12,7.83,8.12,68261
HNM,2023-04-07,8.12,8.12,7.93,7.93,67112
HNM,2023-04-10,7.93,8.12,7.83,7.93,11341
HNM,2023-04-11,8.02,8.02,7.83,7.93,8300
HNM,2023-04-12,7.93,7.93,7.83,7.83,5401
HNM,2023-04-13,6.89,7.93,6.89,7.83,2200
HNM,2023-04-14,8.02,8.02,7.55,7.55,6900
HNM,2023-04-17,7.93,7.93,7.93,7.93,10900
HNM,2023-04-18,8.02,9.06,8.02,8.02,10221
HNM,2023-04-19,8.12,8.12,8.02,8.02,6022
HNM,2023-04-20,8.02,8.31,8.02,8.02,32942
HNM,2023-04-21,8.31,9.06,8.21,8.49,41401
HNM,2023-04-24,8.78,8.78,8.12,8.12,53611
HNM,2023-04-25,8.49,8.49,8.21,8.31,61508
HNM,2023-04-26,8.49,8.49,8.02,8.02,55214
HNM,2023-04-27,8.02,8.21,8.02,8.12,4061
HNM,2023-04-28,8.21,8.21,7.83,7.93,38700
HNM,2023-05-04,8.02,8.31,7.74,8.12,50388
HNM,2023-05-05,8.02,8.02,7.55,7.93,43740
HNM,2023-05-08,7.74,7.93,7.46,7.74,54580
HNM,2023-05-09,7.64,7.83,7.55,7.64,24800
HNM,2023-05-10,7.83,7.83,7.55,7.55,43960
HNM,2023-05-11,7.55,8.02,7.55,8.02,37481
HNM,2023-05-12,8.02,8.21,7.93,8.12,57380
HNM,2023-05-15,8.21,8.68,8.21,8.31,78004
HNM,2023-05-16,8.21,8.49,8.21,8.4,50730
HNM,2023-05-17,8.4,8.4,8.21,8.4,16627
HNM,2023-05-18,8.4,8.4,8.21,8.31,22914
HNM,2023-05-19,8.21,8.31,8.21,8.31,18400
HNM,2023-05-22,8.4,8.49,7.55,8.12,250584
HNM,2023-05-23,8.02,8.21,7.55,7.55,273000
HNM,2023-05-24,7.83,7.93,7.74,7.93,36300
HNM,2023-05-25,7.83,7.93,7.74,7.93,43560
HNM,2023-05-26,7.83,7.83,7.74,7.74,10500
HNM,2023-05-29,7.83,8.02,7.83,8.02,59346
HNM,2023-05-30,8.02,8.02,7.93,8.02,50128
HNM,2023-05-31,8.02,8.49,8.02,8.49,209582
HNM,2023-06-01,8.49,9.25,8.49,9.06,141714
HNM,2023-06-02,8.87,8.87,8.59,8.59,58962
HNM,2023-06-05,8.68,9.06,8.49,8.68,100029
HNM,2023-06-06,8.78,8.78,8.4,8.78,91500
HNM,2023-06-07,8.49,8.78,8.49,8.68,43532
HNM,2023-06-08,9.06,9.06,8.21,8.49,151500
HNM,2023-06-09,8.49,8.68,8.4,8.59,36500
HNM,2023-06-12,8.59,8.87,8.49,8.78,36603
HNM,2023-06-13,9.06,9.06,8.68,8.78,69850
HNM,2023-06-14,8.78,8.87,8.4,8.59,75620
HNM,2023-06-15,8.49,8.59,8.21,8.21,57000
HNM,2023-06-16,8.49,8.49,8.31,8.49,18760
HNM,2023-06-19,8.4,9.63,8.4,9.63,334305
HNM,2023-06-20,9.72,10.66,9.72,10.66,646667
HNM,2023-06-21,10.66,11.33,10.1,10.48,173625
HNM,2023-06-22,10.48,11.04,10.38,10.48,170300
HNM,2023-06-23,10.76,10.85,10.38,10.57,125031
HNM,2023-06-26,10.57,10.66,9.91,9.91,222162
HNM,2023-06-27,10.29,10.29,9.82,9.91,55685
HNM,2023-06-28,9.91,10.29,9.91,10.1,49200
HNM,2023-06-29,10.1,11.23,10.0,10.85,145380
HNM,2023-06-30,11.04,11.04,10.57,10.66,23200
HNM,2023-07-03,11.04,11.04,10.29,10.38,48320
HNM,2023-07-04,10.29,10.29,9.53,10.1,117302
HNM,2023-07-05,10.1,10.38,10.0,10.29,55898
HNM,2023-07-06,10.38,10.38,10.0,10.29,74440
HNM,2023-07-07,10.48,10.85,10.1,10.38,132400
HNM,2023-07-10,10.76,11.04,10.57,10.66,117260
HNM,2023-07-11,11.14,11.14,10.38,10.57,157408
HNM,2023-07-12,10.57,11.33,10.48,10.95,157300
HNM,2023-07-13,11.04,11.14,10.76,10.76,39202
HNM,2023-07-14,10.85,11.04,10.66,10.76,75530
HNM,2023-07-17,10.66,11.14,10.38,10.66,193600
HNM,2023-07-18,10.66,10.66,10.48,10.48,56200
HNM,2023-07-19,10.57,10.57,9.44,10.57,114900
HNM,2023-07-20,10.85,10.85,10.38,10.48,21500
HNM,2023-07-21,11.33,11.33,10.48,10.76,382500
HNM,2023-07-24,10.76,10.85,10.38,10.57,160106
HNM,2023-07-25,10.66,10.66,10.1,10.38,200350
HNM,2023-07-26,10.48,10.66,10.29,10.48,94090
HNM,2023-07-27,10.57,10.57,10.0,10.29,78700
HNM,2023-07-28,10.19,10.29,10.1,10.29,57059
HNM,2023-07-31,10.19,10.29,10.1,10.29,64400
HNM,2023-08-01,10.19,10.76,10.1,10.48,204250
HNM,2023-08-02,10.38,10.57,10.38,10.48,58212
HNM,2023-08-03,10.48,10.57,10.29,10.29,106422
HNM,2023-08-04,10.38,10.38,10.19,10.29,46111
HNM,2023-08-07,10.29,10.38,10.19,10.29,71300
HNM,2023-08-08,10.29,10.38,10.19,10.29,101811
HNM,2023-08-09,10.29,10.57,10.29,10.38,77922
HNM,2023-08-10,10.66,10.66,10.19,10.38,114811
HNM,2023-08-11,10.38,10.38,10.1,10.38,106422
HNM,2023-08-14,10.48,10.66,10.29,10.29,75300
HNM,2023-08-15,10.29,10.38,10.29,10.29,45480
HNM,2023-08-16,10.29,10.38,10.19,10.29,59010
HNM,2023-08-17,10.29,10.38,10.1,10.29,87081
HNM,2023-08-18,10.0,10.29,9.53,9.63,133213
HNM,2023-08-21,9.82,9.82,8.49,9.15,200937
HNM,2023-08-22,8.97,9.44,8.78,8.97,80200
HNM,2023-08-23,9.25,9.25,8.87,8.97,54504
HNM,2023-08-24,8.97,8.97,8.78,8.97,48208
HNM,2023-08-25,8.97,8.97,8.78,8.78,55960
HNM,2023-08-28,8.97,8.97,8.78,8.87,56533
HNM,2023-08-29,9.25,9.44,8.87,9.25,31530
HNM,2023-08-30,8.97,8.97,8.87,8.97,77360
HNM,2023-08-31,9.06,9.25,8.97,9.25,72130
HNM,2023-09-05,9.25,9.82,9.15,9.72,60360
HNM,2023-09-06,9.53,9.63,9.44,9.63,80400
HNM,2023-09-07,9.63,9.63,9.44,9.53,22300
HNM,2023-09-08,9.53,9.72,9.34,9.53,81100
HNM,2023-09-11,9.44,9.44,9.25,9.25,77300
HNM,2023-09-12,9.15,9.53,9.15,9.44,64762
HNM,2023-09-13,9.34,9.44,9.25,9.34,13200
HNM,2023-09-14,9.34,9.34,9.15,9.15,56600
HNM,2023-09-15,9.25,9.25,9.15,9.15,32700
HNM,2023-09-18,9.15,9.15,8.97,9.06,15300
HNM,2023-09-19,9.06,9.06,8.97,9.06,23113
HNM,2023-09-20,9.15,9.25,9.06,9.25,5201
HNM,2023-09-21,9.06,9.25,9.06,9.15,44500
HNM,2023-09-22,9.06,9.06,8.87,8.97,56100
HNM,2023-09-25,8.97,9.06,8.59,8.59,37000
HNM,2023-09-26,8.87,8.97,8.68,8.87,52000
HNM,2023-09-27,8.87,8.97,8.68,8.87,55700
HNM,2023-09-28,8.78,8.97,8.78,8.78,13700
HNM,2023-09-29,8.97,8.97,8.78,8.97,13100
HNM,2023-10-02,9.06,9.25,8.97,8.97,37500
HNM,2023-10-03,8.97,8.97,8.68,8.97,50100
HNM,2023-10-04,8.68,8.78,8.68,8.68,33550
HNM,2023-10-05,8.78,8.78,8.68,8.68,12041
HNM,2023-10-06,8.68,8.87,8.68,8.87,29902
HNM,2023-10-09,8.78,8.97,8.78,8.97,6149
HNM,2023-10-10,8.97,9.06,8.97,8.97,19508
HNM,2023-10-11,8.97,8.97,8.87,8.97,9253
HNM,2023-10-12,8.97,8.97,8.78,8.78,15600
HNM,2023-10-13,8.97,8.97,8.87,8.87,5040
HNM,2023-10-16,8.87,8.87,8.78,8.78,25900
HNM,2023-10-17,8.78,9.06,8.78,8.87,51220
HNM,2023-10-18,8.87,8.97,8.68,8.68,73100
HNM,2023-10-19,8.59,8.68,8.59,8.59,49300
HNM,2023-10-20,8.68,8.97,8.68,8.97,3652
HNM,2023-10-23,8.97,9.15,8.78,8.87,132018
HNM,2023-10-24,9.15,9.15,8.87,8.87,17549
HNM,2023-10-25,9.06,9.06,8.87,8.87,13718
HNM,2023-10-26,8.97,9.82,8.68,8.87,83300
HNM,2023-10-27,8.87,8.87,8.68,8.78,25500
HNM,2023-10-30,9.06,9.06,8.78,8.78,3900
HNM,2023-10-31,8.59,8.78,8.4,8.68,34600
HNM,2023-11-01,8.78,8.78,8.21,8.21,79500
HNM,2023-11-02,8.49,9.15,8.49,8.87,12719
HNM,2023-11-03,9.06,9.06,8.59,8.59,9101
HNM,2023-11-06,8.97,9.06,8.59,8.68,45700
HNM,2023-11-07,8.87,9.06,8.68,8.78,38200
HNM,2023-11-08,8.78,8.78,8.59,8.68,16207
HNM,2023-11-09,8.97,8.97,8.68,8.68,15100
HNM,2023-11-10,8.78,8.97,8.78,8.78,53375
HNM,2023-11-13,8.78,8.97,8.68,8.68,45200
HNM,2023-11-14,8.68,8.78,8.68,8.78,11901
HNM,2023-11-15,8.87,8.97,8.68,8.78,29700
HNM,2023-11-16,8.68,8.78,8.68,8.78,16550
HNM,2023-11-17,8.87,8.87,8.68,8.68,40200
HNM,2023-11-20,8.68,8.78,8.59,8.68,14300
HNM,2023-11-21,8.78,8.87,8.78,8.87,8500
HNM,2023-11-22,8.78,8.87,8.78,8.78,27000
HNM,2023-11-23,8.97,8.97,8.68,8.68,26600
HNM,2023-11-24,8.68,8.68,8.59,8.68,28634
HNM,2023-11-27,8.68,8.87,8.59,8.68,25500
HNM,2023-11-28,8.87,8.97,8.68,8.68,9006
HNM,2023-11-29,8.68,8.78,8.68,8.68,14800
HNM,2023-11-30,8.78,8.78,8.78,8.78,12050
HNM,2023-12-01,8.78,8.78,8.78,8.78,97100
HNM,2023-12-04,8.78,9.06,8.78,9.06,30101
HNM,2023-12-05,8.97,8.97,8.78,8.78,113522
HNM,2023-12-06,8.87,9.06,8.87,9.06,24504
HNM,2023-12-07,9.06,9.06,8.78,8.78,31000
HNM,2023-12-08,8.87,9.06,8.78,8.97,18956
HNM,2023-12-11,9.06,9.15,8.87,8.87,9801
HNM,2023-12-12,8.87,8.87,8.78,8.78,66800
HNM,2023-12-13,8.78,8.87,8.78,8.78,22000
HNM,2023-12-14,8.78,8.78,8.68,8.78,13901
HNM,2023-12-15,8.68,8.78,8.68,8.78,10600
HNM,2023-12-18,8.78,8.78,8.49,8.59,38400
HNM,2023-12-19,8.59,8.59,8.59,8.59,16200
HNM,2023-12-20,8.68,8.78,8.68,8.78,909
HNM,2023-12-21,8.87,8.87,8.68,8.68,7500
HNM,2023-12-22,8.59,8.87,8.59,8.78,10050
HNM,2023-12-25,8.78,8.97,8.78,8.97,46400
HNM,2023-12-26,9.06,9.82,8.97,9.34,124900
HNM,2023-12-27,9.63,9.63,9.34,9.53,83400
HNM,2023-12-28,9.44,9.44,9.34,9.44,88284
HNM,2023-12-29,9.53,9.53,9.34,9.34,75250
HNM,2024-01-02,9.53,9.53,9.15,9.15,20800
HNM,2024-01-03,9.53,9.63,9.25,9.34,16000
HNM,2024-01-04,9.34,9.44,9.34,9.34,28000
HNM,2024-01-05,9.34,9.44,9.25,9.25,38300
HNM,2024-01-08,9.34,9.44,9.34,9.44,10700
HNM,2024-01-09,9.44,9.44,9.34,9.44,21000
HNM,2024-01-10,9.34,9.53,9.34,9.44,41500
HNM,2024-01-11,9.44,9.44,9.34,9.44,16660
HNM,2024-01-12,9.44,9.44,9.34,9.44,51500
HNM,2024-01-15,9.44,9.72,9.25,9.25,68900
HNM,2024-01-16,9.44,9.53,9.25,9.44,37100
HNM,2024-01-17,9.44,9.53,9.34,9.53,31860
HNM,2024-01-18,9.44,9.53,9.34,9.44,16626
HNM,2024-01-19,9.44,9.72,9.44,9.72,63300
HNM,2024-01-22,9.44,9.63,9.44,9.53,84500
HNM,2024-01-23,9.53,9.53,9.44,9.44,36701
HNM,2024-01-24,9.44,9.53,9.34,9.53,26900
HNM,2024-01-25,9.44,9.44,9.34,9.44,10550
HNM,2024-01-26,9.44,9.44,9.34,9.44,9223
HNM,2024-01-29,9.44,9.44,9.34,9.34,12602
HNM,2024-01-30,9.34,9.34,9.06,9.15,47600
HNM,2024-01-31,9.06,9.15,8.87,8.97,97200
HNM,2024-02-01,9.06,9.06,8.78,8.87,35380
HNM,2024-02-02,8.87,9.06,8.78,8.97,111400
HNM,2024-02-05,8.97,9.06,8.87,8.97,70130
HNM,2024-02-06,8.97,8.97,8.87,8.97,12100
HNM,2024-02-07,8.97,9.06,8.97,8.97,25450
HNM,2024-02-15,9.06,9.15,9.06,9.15,24800
HNM,2024-02-16,9.15,9.25,9.15,9.25,35300
HNM,2024-02-19,9.15,9.25,9.15,9.15,88016
HNM,2024-02-20,9.15,9.15,8.97,8.97,59800
HNM,2024-02-21,9.06,9.15,8.97,9.06,53500
HNM,2024-02-22,9.06,9.06,8.97,8.97,6300
HNM,2024-02-23,9.06,9.06,8.87,8.87,45553
HNM,2024-02-26,8.97,8.97,8.87,8.97,3100
HNM,2024-02-27,8.87,8.97,8.78,8.87,109224
HNM,2024-02-28,8.87,8.87,8.87,8.87,92703
HNM,2024-02-29,8.87,9.06,8.78,8.97,108319
HNM,2024-03-01,8.97,9.06,8.97,9.06,105339
HNM,2024-03-04,9.06,9.15,9.06,9.15,111546
HNM,2024-03-05,9.15,9.15,9.06,9.15,61600
HNM,2024-03-06,9.15,9.15,8.87,8.97,105020
HNM,2024-03-07,8.97,9.15,8.97,9.06,60600
HNM,2024-03-08,8.97,9.06,8.87,8.87,64820
HNM,2024-03-11,8.87,8.97,8.87,8.97,51300
HNM,2024-03-12,8.87,8.87,8.87,8.87,77040
HNM,2024-03-13,8.87,9.06,8.87,8.97,65700
HNM,2024-03-14,8.97,8.97,8.97,8.97,72800
HNM,2024-03-15,8.87,8.97,8.87,8.97,91600
HNM,2024-03-18,8.97,8.97,8.78,8.97,133250
HNM,2024-03-19,8.87,8.87,8.78,8.78,87220
HNM,2024-03-20,8.87,8.97,8.78,8.87,60200
HNM,2024-03-21,8.87,8.87,8.78,8.87,94750
HNM,2024-03-22,8.87,9.06,8.87,9.06,78500
HNM,2024-03-25,8.97,8.97,8.97,8.97,54135
HNM,2024-03-26,8.97,8.97,8.97,8.97,70115
HNM,2024-03-27,8.97,8.97,8.87,8.97,53800
HNM,2024-03-28,8.97,8.97,8.87,8.87,14350
HNM,2024-03-29,8.87,8.87,8.87,8.87,70700
HNM,2024-04-01,8.87,9.06,8.78,8.97,109170
HNM,2024-04-02,8.97,8.97,8.97,8.97,67242
HNM,2024-04-03,8.97,8.97,8.87,8.87,70000
HNM,2024-04-04,8.97,8.97,8.78,8.87,80619
HNM,2024-04-05,8.87,8.87,8.49,8.78,83216
HNM,2024-04-08,8.78,8.97,8.68,8.78,80710
HNM,2024-04-09,8.78,8.78,8.68,8.78,71333
HNM,2024-04-10,8.78,8.78,8.68,8.78,66045
HNM,2024-04-11,8.68,8.68,8.68,8.68,2315
HNM,2024-04-12,8.78,8.87,8.68,8.78,26965
HNM,2024-04-15,8.68,8.68,8.49,8.49,75800
HNM,2024-04-16,8.59,8.68,8.21,8.68,58900
HNM,2024-04-17,8.59,8.59,8.49,8.59,55700
HNM,2024-04-19,8.68,8.68,8.4,8.4,57940
HNM,2024-04-22,8.49,8.59,8.49,8.49,31201
HNM,2024-04-23,8.4,8.49,8.21,8.21,20701
HNM,2024-04-24,8.21,8.4,8.21,8.31,50900
HNM,2024-04-25,8.21,8.31,8.21,8.31,9610
HNM,2024-04-26,8.31,8.59,8.31,8.4,13700
HNM,2024-05-02,8.4,8.4,8.4,8.4,7800
HNM,2024-05-03,8.4,8.49,8.21,8.21,19801
HNM,2024-05-06,8.4,8.4,8.31,8.31,74600
HNM,2024-05-07,8.68,8.68,8.31,8.4,77909
HNM,2024-05-08,8.4,8.4,8.21,8.4,78800
HNM,2024-05-09,8.4,8.4,8.31,8.4,71500
HNM,2024-05-10,8.31,8.4,8.31,8.31,9000
HNM,2024-05-13,8.4,8.4,8.31,8.31,68440
HNM,2024-05-14,8.31,8.31,8.21,8.21,64211
HNM,2024-05-15,8.31,8.31,8.31,8.31,65330
HNM,2024-05-16,8.31,8.4,8.31,8.4,87000
HNM,2024-05-17,8.31,8.49,8.21,8.49,79600
HNM,2024-05-20,8.49,8.59,8.31,8.31,102795
HNM,2024-05-21,8.4,8.59,8.31,8.49,94400
HNM,2024-05-22,8.49,8.59,8.31,8.49,94800
HNM,2024-05-23,8.49,8.59,8.49,8.49,55310
HNM,2024-05-24,8.49,8.49,8.4,8.4,43304
HNM,2024-05-27,8.49,8.59,8.4,8.59,111120
HNM,2024-05-28,8.49,8.49,8.4,8.4,76444
HNM,2024-05-29,8.49,8.49,8.4,8.49,96800
HNM,2024-05-30,8.49,8.49,8.31,8.49,81300
HNM,2024-05-31,8.49,8.59,8.49,8.49,70935
HNM,2024-06-03,8.49,8.49,8.49,8.49,95015
HNM,2024-06-04,8.68,8.97,8.49,8.68,115400
HNM,2024-06-05,8.68,8.87,8.68,8.68,106500
HNM,2024-06-06,8.78,8.78,8.49,8.59,55805
HNM,2024-06-07,8.59,8.78,8.49,8.68,104820
HNM,2024-06-10,8.59,8.78,8.59,8.68,122390
HNM,2024-06-11,8.78,8.78,8.59,8.68,89400
HNM,2024-06-12,8.68,9.53,8.68,9.44,276500
HNM,2024-06-13,9.34,9.34,9.06,9.15,93435
HNM,2024-06-14,9.15,9.25,8.87,8.87,96450
HNM,2024-06-17,8.97,8.97,8.68,8.68,104125
HNM,2024-06-18,8.87,8.87,8.78,8.87,79373
HNM,2024-06-19,8.87,9.15,8.87,9.06,99608
HNM,2024-06-20,9.15,9.25,8.97,9.06,94701
HNM,2024-06-21,9.06,9.82,9.06,9.44,199855
HNM,2024-06-24,9.44,9.91,9.25,9.25,129921
HNM,2024-06-25,9.25,9.44,8.97,8.97,60201
HNM,2024-06-26,9.06,9.06,8.87,8.97,61600
HNM,2024-06-27,8.97,8.97,8.97,8.97,10500
HNM,2024-06-28,8.68,8.87,8.49,8.68,47307
HNM,2024-07-01,8.87,8.87,8.87,8.87,178
HNM,2024-07-02,8.78,8.78,8.59,8.68,31101
HNM,2024-07-03,8.78,8.87,8.68,8.68,42909
HNM,2024-07-04,8.68,8.68,8.68,8.68,57600
HNM,2024-07-05,8.68,8.78,8.68,8.78,4305
HNM,2024-07-08,8.78,8.87,8.68,8.68,42419
HNM,2024-07-09,8.78,8.87,8.68,8.87,23350
HNM,2024-07-10,8.68,8.78,8.68,8.68,29000
HNM,2024-07-11,8.87,8.87,8.59,8.59,29608
HNM,2024-07-12,8.49,8.68,8.49,8.68,45825
HNM,2024-07-15,8.97,8.97,8.59,8.68,157400
HNM,2024-07-16,8.68,8.68,8.59,8.59,38400
HNM,2024-07-17,8.49,8.78,7.55,8.49,58430
HNM,2024-07-18,8.78,8.78,8.49,8.68,533902
HNM,2024-07-19,8.59,8.68,8.49,8.59,490600
HNM,2024-07-22,8.59,8.68,8.49,8.59,89100
HNM,2024-07-23,8.59,8.59,8.49,8.49,75800
HNM,2024-07-24,8.49,8.49,8.4,8.49,75730
HNM,2024-07-25,8.49,8.59,8.31,8.31,53901
HNM,2024-07-26,8.49,8.49,8.4,8.49,59928
HNM,2024-07-29,8.49,8.49,8.4,8.49,87900
HNM,2024-07-30,8.49,8.49,8.31,8.4,86300
HNM,2024-07-31,8.4,8.4,8.31,8.31,65903
HNM,2024-08-01,8.4,8.4,8.31,8.31,70500
HNM,2024-08-02,8.31,8.31,8.12,8.31,58100
HNM,2024-08-05,8.21,8.21,8.02,8.02,85259
HNM,2024-08-06,8.12,8.59,7.93,8.21,428132
HNM,2024-08-07,8.4,8.4,8.31,8.31,119400
HNM,2024-08-08,8.49,8.49,8.4,8.4,52400
HNM,2024-08-09,8.4,8.4,8.31,8.31,72220
HNM,2024-08-12,8.31,8.68,8.31,8.68,126450
HNM,2024-08-13,8.49,8.68,8.4,8.4,96100
HNM,2024-08-14,8.49,8.49,8.4,8.4,134352
HNM,2024-08-15,8.49,8.59,8.4,8.49,66010
HNM,2024-08-16,8.31,8.4,8.31,8.4,72758
HNM,2024-08-19,8.4,8.49,8.4,8.4,132222
HNM,2024-08-20,8.4,8.59,8.31,8.59,172122
HNM,2024-08-21,8.49,8.59,8.49,8.49,128951
HNM,2024-08-22,8.59,8.59,8.4,8.49,97420
HNM,2024-08-23,8.49,8.49,8.4,8.4,1201
HNM,2024-08-26,8.4,8.49,8.31,8.31,11904
HNM,2024-08-27,8.4,8.49,8.31,8.4,63202
HNM,2024-08-28,8.4,8.4,8.31,8.31,150720
HNM,2024-08-29,8.31,8.4,8.31,8.4,102930
HNM,2024-08-30,8.4,8.49,8.31,8.4,96801
HNM,2024-09-04,8.4,8.49,8.31,8.49,190760
HNM,2024-09-05,8.4,8.49,8.31,8.4,114500
HNM,2024-09-06,8.4,8.4,8.31,8.31,80600
HNM,2024-09-09,8.4,8.4,8.12,8.12,110201
HNM,2024-09-10,8.4,8.4,8.12,8.12,99901
HNM,2024-09-11,8.31,8.31,8.31,8.31,36801
HNM,2024-09-12,8.31,8.4,8.21,8.31,65000
HNM,2024-09-13,8.31,8.4,8.31,8.4,120947
HNM,2024-09-16,8.4,8.4,8.31,8.31,88602
HNM,2024-09-17,8.31,8.49,8.31,8.4,99100
HNM,2024-09-18,8.4,8.49,8.31,8.49,90700
HNM,2024-09-19,8.4,8.4,8.21,8.31,114420
HNM,2024-09-20,8.31,8.31,8.21,8.31,107100
HNM,2024-09-23,8.31,8.31,8.21,8.31,88300
HNM,2024-09-24,8.31,8.31,8.21,8.31,95600
HNM,2024-09-25,8.31,8.31,8.21,8.21,96714
HNM,2024-09-26,8.31,8.31,8.21,8.21,10906
HNM,2024-09-27,8.21,8.31,8.21,8.21,91700
HNM,2024-09-30,8.21,8.21,8.21,8.21,80208
HNM,2024-10-01,8.21,8.31,8.21,8.31,78800
HNM,2024-10-02,8.31,8.31,8.21,8.31,72500
HNM,2024-10-03,8.31,8.31,8.21,8.21,96408
HNM,2024-10-04,8.21,8.31,8.12,8.21,81200
HNM,2024-10-07,8.31,8.31,8.21,8.21,77902
HNM,2024-10-08,8.31,8.31,8.21,8.21,65463
HNM,2024-10-09,8.21,8.31,8.21,8.31,83000
HNM,2024-10-10,8.31,8.4,8.31,8.31,78020
HNM,2024-10-11,8.4,8.4,8.21,8.4,109620
HNM,2024-10-14,8.4,8.4,8.4,8.4,110015
HNM,2024-10-15,8.49,8.49,8.4,8.4,88400
HNM,2024-10-16,8.4,8.49,8.21,8.49,104100
HNM,2024-10-17,8.31,8.31,8.31,8.31,70125
HNM,2024-10-18,8.4,8.4,8.31,8.4,68300
HNM,2024-10-21,8.31,8.31,8.21,8.31,78115
HNM,2024-10-22,8.21,8.31,8.21,8.31,88000
HNM,2024-10-23,8.31,8.31,8.31,8.31,29003
HNM,2024-10-24,8.21,8.21,8.12,8.21,55300
HNM,2024-10-25,8.31,8.31,8.12,8.12,30105
HNM,2024-10-28,8.31,8.31,8.31,8.31,80
HNM,2024-10-29,8.31,8.31,8.31,8.31,51700
HNM,2024-10-30,8.31,8.31,8.31,8.31,66508
HNM,2024-10-31,8.31,8.31,8.21,8.21,60222
HNM,2024-11-01,8.31,8.31,8.12,8.12,65840
HNM,2024-11-04,8.31,8.31,8.12,8.12,63200
HNM,2024-11-05,8.31,8.31,8.31,8.31,400
HNM,2024-11-06,8.21,8.21,8.12,8.21,74660
HNM,2024-11-07,8.21,8.21,8.12,8.21,64810
HNM,2024-11-08,8.12,8.21,8.12,8.21,56385
HNM,2024-11-11,8.12,8.21,8.12,8.21,2200
HNM,2024-11-12,8.21,8.21,8.12,8.12,800
HNM,2024-11-13,8.12,8.21,8.12,8.21,173101
HNM,2024-11-14,8.12,8.12,8.12,8.12,29000
HNM,2024-11-15,8.12,8.12,8.02,8.12,34310
HNM,2024-11-18,8.12,8.12,8.12,8.12,76201
HNM,2024-11-19,8.12,8.12,8.12,8.12,73300
HNM,2024-11-20,8.12,8.12,8.12,8.12,141107
HNM,2024-11-21,8.12,8.12,8.12,8.12,97700
HNM,2024-11-22,8.12,8.21,8.12,8.21,125501
HNM,2024-11-25,8.21,8.97,8.21,8.4,137700
HNM,2024-11-26,8.49,8.68,8.49,8.49,49812
HNM,2024-11-27,8.49,8.49,8.21,8.21,90400
HNM,2024-11-28,8.4,8.4,8.31,8.31,80405
HNM,2024-11-29,8.4,8.4,8.31,8.31,66701
HNM,2024-12-02,8.31,8.31,8.31,8.31,55122
HNM,2024-12-03,8.31,8.31,8.21,8.21,48017
HNM,2024-12-04,8.21,8.21,8.12,8.21,5600
HNM,2024-12-05,8.12,8.21,8.12,8.21,117800
HNM,2024-12-06,8.12,8.31,8.12,8.31,119500
HNM,2024-12-09,8.31,8.49,8.21,8.4,86911
HNM,2024-12-10,8.31,8.78,8.31,8.59,4251001
HNM,2024-12-11,8.78,8.78,8.49,8.59,52400
HNM,2024-12-12,8.59,8.68,8.49,8.59,84502
HNM,2024-12-13,8.59,8.68,8.49,8.49,49700
HNM,2024-12-16,8.59,8.59,8.49,8.49,50500
HNM,2024-12-17,8.49,8.49,8.4,8.49,73195
HNM,2024-12-18,8.59,9.72,8.49,9.06,6861962
HNM,2024-12-19,9.06,9.25,8.87,8.87,136152
HNM,2024-12-20,8.87,9.34,8.78,8.97,194683
HNM,2024-12-23,8.97,9.06,8.68,8.97,250582
HNM,2024-12-24,8.97,10.19,8.97,10.19,6297602
HNM,2024-12-25,10.66,10.76,10.19,10.38,499271
HNM,2024-12-26,10.48,10.48,9.63,9.91,531490
HNM,2024-12-27,9.91,9.91,9.06,9.25,747824
HNM,2024-12-30,9.25,9.53,8.87,8.97,332907
HNM,2024-12-31,8.97,9.25,8.97,9.15,247587
IDP,2021-01-07,42.31,42.31,42.31,42.31,0
IDP,2021-01-08,42.31,42.31,42.31,42.31,0
IDP,2021-01-11,42.31,42.31,42.31,42.31,0
IDP,2021-01-12,59.23,59.23,59.23,59.23,100
IDP,2021-01-13,59.23,59.23,59.23,59.23,0
IDP,2021-01-14,59.23,59.23,59.23,59.23,0
IDP,2021-01-15,59.23,59.23,59.23,59.23,0
IDP,2021-01-18,59.23,59.23,59.23,59.23,0
IDP,2021-01-19,59.23,59.23,59.23,59.23,0
IDP,2021-01-20,59.23,59.23,59.23,59.23,0
IDP,2021-01-21,59.23,59.23,59.23,59.23,0
IDP,2021-01-22,59.23,59.23,59.23,59.23,0
IDP,2021-01-25,59.23,59.23,59.23,59.23,0
IDP,2021-01-26,59.23,59.23,59.23,59.23,0
IDP,2021-01-27,59.23,59.23,59.23,59.23,0
IDP,2021-01-28,50.34,50.34,50.34,50.34,100
IDP,2021-01-29,50.34,50.34,50.34,50.34,0
IDP,2021-02-01,42.81,42.81,42.81,42.81,100
IDP,2021-02-02,42.81,42.81,42.81,42.81,0
IDP,2021-02-03,42.81,42.81,42.81,42.81,0
IDP,2021-02-04,42.81,42.81,42.81,42.81,0
IDP,2021-02-05,42.81,42.81,42.81,42.81,0
IDP,2021-02-08,42.81,42.81,42.81,42.81,0
IDP,2021-02-09,42.81,42.81,42.81,42.81,0
IDP,2021-02-17,42.81,42.81,42.81,42.81,0
IDP,2021-02-18,42.81,42.81,42.81,42.81,0
IDP,2021-02-19,42.81,42.81,42.81,42.81,0
IDP,2021-02-22,42.81,42.81,42.81,42.81,0
IDP,2021-02-23,42.81,42.81,42.81,42.81,0
IDP,2021-02-24,42.81,42.81,42.81,42.81,0
IDP,2021-02-25,42.81,42.81,42.81,42.81,0
IDP,2021-02-26,42.81,42.81,42.81,42.81,0
IDP,2021-03-01,42.81,42.81,42.81,42.81,0
IDP,2021-03-02,42.81,42.81,42.81,42.81,0
IDP,2021-03-03,42.81,42.81,42.81,42.81,0
IDP,2021-03-04,42.81,42.81,42.81,42.81,0
IDP,2021-03-05,42.81,42.81,42.81,42.81,0
IDP,2021-03-08,42.81,42.81,42.81,42.81,0
IDP,2021-03-09,42.81,42.81,42.81,42.81,0
IDP,2021-03-10,42.81,42.81,42.81,42.81,0
IDP,2021-03-11,42.81,42.81,42.81,42.81,0
IDP,2021-03-12,42.81,42.81,42.81,42.81,0
IDP,2021-03-15,42.81,42.81,42.81,42.81,0
IDP,2021-03-16,42.81,42.81,42.81,42.81,0
IDP,2021-03-17,42.81,42.81,42.81,42.81,0
IDP,2021-03-18,42.81,42.81,42.81,42.81,0
IDP,2021-03-19,42.81,42.81,42.81,42.81,0
IDP,2021-03-22,42.81,42.81,42.81,42.81,100
IDP,2021-03-23,42.81,42.81,42.81,42.81,0
IDP,2021-03-24,42.81,42.81,42.81,42.81,0
IDP,2021-03-25,42.81,42.81,42.81,42.81,0
IDP,2021-03-26,42.81,42.81,42.81,42.81,0
IDP,2021-03-29,42.81,42.81,42.81,42.81,0
IDP,2021-03-30,42.81,42.81,42.81,42.81,0
IDP,2021-03-31,42.81,42.81,42.81,42.81,0
IDP,2021-04-01,42.81,42.81,42.81,42.81,0
IDP,2021-04-02,42.81,42.81,42.81,42.81,0
IDP,2021-04-05,42.81,42.81,42.81,42.81,0
IDP,2021-04-06,42.81,42.81,42.81,42.81,0
IDP,2021-04-07,42.81,42.81,42.81,42.81,0
IDP,2021-04-08,42.81,42.81,42.81,42.81,0
IDP,2021-04-09,42.81,42.81,42.81,42.81,0
IDP,2021-04-12,42.81,42.81,42.81,42.81,0
IDP,2021-04-13,42.81,42.81,42.81,42.81,0
IDP,2021-04-14,42.81,42.81,42.81,42.81,0
IDP,2021-04-15,42.81,42.81,42.81,42.81,0
IDP,2021-04-16,42.81,42.81,42.81,42.81,0
IDP,2021-04-19,42.81,42.81,42.81,42.81,0
IDP,2021-04-20,42.81,42.81,42.81,42.81,0
IDP,2021-04-22,42.81,42.81,42.81,42.81,0
IDP,2021-04-23,42.81,42.81,42.81,42.81,0
IDP,2021-04-26,42.81,42.81,42.81,42.81,0
IDP,2021-04-27,42.81,42.81,42.81,42.81,0
IDP,2021-04-28,42.81,42.81,42.81,42.81,0
IDP,2021-04-29,42.81,42.81,42.81,42.81,0
IDP,2021-05-04,42.81,42.81,42.81,42.81,0
IDP,2021-05-05,42.81,42.81,42.81,42.81,0
IDP,2021-05-06,42.81,42.81,42.81,42.81,0
IDP,2021-05-07,42.81,42.81,42.81,42.81,0
IDP,2021-05-10,42.81,42.81,42.81,42.81,0
IDP,2021-05-11,59.91,59.91,59.91,59.91,100
IDP,2021-05-12,59.91,59.91,59.91,59.91,0
IDP,2021-05-13,59.91,59.91,59.91,59.91,0
IDP,2021-05-14,59.91,59.91,59.91,59.91,0
IDP,2021-05-17,59.91,59.91,59.91,59.91,0
IDP,2021-05-18,59.91,59.91,59.91,59.91,0
IDP,2021-05-19,59.91,59.91,59.91,59.91,0
IDP,2021-05-20,59.91,59.91,59.91,59.91,0
IDP,2021-05-21,59.91,59.91,59.91,59.91,0
IDP,2021-05-24,59.91,59.91,59.91,59.91,0
IDP,2021-05-25,59.91,59.91,59.91,59.91,0
IDP,2021-05-26,59.91,59.91,59.91,59.91,0
IDP,2021-05-27,59.91,59.91,59.91,59.91,0
IDP,2021-05-28,59.91,59.91,59.91,59.91,0
IDP,2021-05-31,59.91,59.91,59.91,59.91,0
IDP,2021-06-01,59.91,59.91,59.91,59.91,0
IDP,2021-06-02,59.91,59.91,59.91,59.91,0
IDP,2021-06-03,59.91,59.91,59.91,59.91,0
IDP,2021-06-04,59.91,59.91,59.91,59.91,0
IDP,2021-06-07,59.91,59.91,59.91,59.91,0
IDP,2021-06-08,59.91,59.91,59.91,59.91,0
IDP,2021-06-09,59.91,59.91,59.91,59.91,0
IDP,2021-06-10,59.91,59.91,59.91,59.91,0
IDP,2021-06-11,68.88,68.88,68.88,68.88,100
IDP,2021-06-14,68.88,68.88,68.88,68.88,0
IDP,2021-06-15,68.88,68.88,68.88,68.88,0
IDP,2021-06-16,68.88,68.88,68.88,68.88,0
IDP,2021-06-17,68.88,68.88,68.88,68.88,0
IDP,2021-06-18,79.2,79.2,79.2,79.2,100
IDP,2021-06-21,79.2,79.2,79.2,79.2,0
IDP,2021-06-22,79.2,79.2,79.2,79.2,0
IDP,2021-06-23,79.2,79.2,79.2,79.2,0
IDP,2021-06-24,79.2,79.2,79.2,79.2,0
IDP,2021-06-25,79.2,79.2,79.2,79.2,0
IDP,2021-06-28,79.2,79.2,79.2,79.2,0
IDP,2021-06-29,79.2,79.2,79.2,79.2,0
IDP,2021-06-30,79.2,79.2,79.2,79.2,0
IDP,2021-07-01,79.2,79.2,79.2,79.2,0
IDP,2021-07-02,79.2,79.2,79.2,79.2,0
IDP,2021-07-05,79.2,79.2,79.2,79.2,0
IDP,2021-07-06,79.2,79.2,79.2,79.2,0
IDP,2021-07-07,79.2,79.2,79.2,79.2,0
IDP,2021-07-08,79.2,79.2,79.2,79.2,0
IDP,2021-07-09,79.2,79.2,79.2,79.2,0
IDP,2021-07-12,79.2,79.2,79.2,79.2,0
IDP,2021-07-13,79.2,79.2,79.2,79.2,0
IDP,2021-07-14,79.2,79.2,79.2,79.2,0
IDP,2021-07-15,79.2,79.2,79.2,79.2,0
IDP,2021-07-16,79.2,79.2,79.2,79.2,0
IDP,2021-07-19,91.0,91.0,91.0,91.0,100
IDP,2021-07-20,91.0,91.0,91.0,91.0,0
IDP,2021-07-21,91.0,91.0,91.0,91.0,0
IDP,2021-07-22,91.0,91.0,91.0,91.0,0
IDP,2021-07-23,91.0,91.0,91.0,91.0,0
IDP,2021-07-26,91.0,91.0,91.0,91.0,0
IDP,2021-07-27,91.0,91.0,91.0,91.0,0
IDP,2021-07-28,91.0,91.0,91.0,91.0,0
IDP,2021-07-29,91.0,91.0,91.0,91.0,0
IDP,2021-07-30,91.0,91.0,91.0,91.0,0
IDP,2021-08-02,91.0,91.0,91.0,91.0,0
IDP,2021-08-03,91.0,91.0,91.0,91.0,0
IDP,2021-08-04,91.0,91.0,91.0,91.0,0
IDP,2021-08-05,91.0,91.0,91.0,91.0,0
IDP,2021-08-06,91.0,91.0,91.0,91.0,0
IDP,2021-08-09,91.0,91.0,91.0,91.0,0
IDP,2021-08-10,91.0,91.0,91.0,91.0,0
IDP,2021-08-11,91.0,91.0,91.0,91.0,0
IDP,2021-08-12,91.0,91.0,91.0,91.0,0
IDP,2021-08-13,91.0,91.0,91.0,91.0,0
IDP,2021-08-16,91.0,91.0,91.0,91.0,0
IDP,2021-08-17,91.0,91.0,91.0,91.0,0
IDP,2021-08-18,91.0,91.0,91.0,91.0,0
IDP,2021-08-19,91.0,91.0,91.0,91.0,0
IDP,2021-08-20,91.0,91.0,91.0,91.0,0
IDP,2021-08-23,91.0,91.0,91.0,91.0,0
IDP,2021-08-24,91.0,91.0,91.0,91.0,0
IDP,2021-08-25,91.0,91.0,91.0,91.0,0
IDP,2021-08-26,91.0,91.0,91.0,91.0,0
IDP,2021-08-27,91.0,91.0,91.0,91.0,0
IDP,2021-08-30,91.0,91.0,91.0,91.0,0
IDP,2021-08-31,91.0,91.0,91.0,91.0,0
IDP,2021-09-01,91.0,91.0,91.0,91.0,0
IDP,2021-09-06,91.0,91.0,91.0,91.0,0
IDP,2021-09-07,91.0,91.0,91.0,91.0,0
IDP,2021-09-08,91.0,91.0,91.0,91.0,0
IDP,2021-09-09,91.0,91.0,91.0,91.0,0
IDP,2021-09-10,91.0,91.0,91.0,91.0,0
IDP,2021-09-13,127.38,127.38,54.7,54.7,300
IDP,2021-09-14,91.0,91.0,91.0,91.0,0
IDP,2021-09-15,91.0,91.0,91.0,91.0,0
IDP,2021-09-16,91.0,91.0,91.0,91.0,8
IDP,2021-09-17,91.0,91.0,91.0,91.0,0
IDP,2021-09-20,91.0,91.0,91.0,91.0,0
IDP,2021-09-21,91.0,91.0,91.0,91.0,0
IDP,2021-09-22,91.0,91.0,91.0,91.0,0
IDP,2021-09-23,91.0,91.0,91.0,91.0,0
IDP,2021-09-24,104.58,104.58,102.79,104.58,4000
IDP,2021-09-27,104.22,104.22,104.22,104.22,0
IDP,2021-09-28,104.22,104.22,104.22,104.22,0
IDP,2021-09-29,119.78,119.78,119.78,119.78,100
IDP,2021-09-30,137.74,137.74,137.74,137.74,800
IDP,2021-10-01,137.66,147.49,137.66,143.02,600
IDP,2021-10-04,142.12,142.12,142.12,142.12,100
IDP,2021-10-05,120.85,142.12,120.85,142.12,200
IDP,2021-10-06,131.49,131.49,131.49,131.49,0
IDP,2021-10-07,131.4,131.4,131.4,131.4,1000
IDP,2021-10-08,134.08,150.17,133.19,150.17,4300
IDP,2021-10-11,137.21,138.55,137.21,138.55,600
IDP,2021-10-12,137.48,137.48,137.48,137.48,500
IDP,2021-10-13,132.29,147.49,132.29,143.02,12200
IDP,2021-10-14,143.02,143.02,136.31,139.44,7900
IDP,2021-10-15,140.61,140.61,139.44,139.44,900
IDP,2021-10-18,139.53,139.53,139.53,139.53,0
IDP,2021-10-19,139.53,139.53,139.53,139.53,0
IDP,2021-10-20,129.61,129.61,129.61,129.61,300
IDP,2021-10-21,137.66,137.66,137.66,137.66,100
IDP,2021-10-22,136.76,136.76,136.76,136.76,500
IDP,2021-10-25,134.08,134.08,134.08,134.08,2000
IDP,2021-10-26,134.08,134.08,134.08,134.08,1000
IDP,2021-10-27,133.19,133.19,133.19,133.19,100
IDP,2021-10-28,133.19,133.19,133.19,133.19,0
IDP,2021-10-29,130.06,130.06,130.06,130.06,600
IDP,2021-11-01,129.61,129.61,129.61,129.61,200
IDP,2021-11-02,129.61,129.61,127.02,127.02,1800
IDP,2021-11-03,127.82,127.82,126.93,126.93,1200
IDP,2021-11-04,127.11,127.11,127.11,127.11,0
IDP,2021-11-05,126.93,127.82,125.14,127.82,14600
IDP,2021-11-08,127.02,127.11,127.02,127.02,7000
IDP,2021-11-09,127.02,127.02,127.02,127.02,0
IDP,2021-11-10,125.14,125.14,125.14,125.14,100
IDP,2021-11-11,125.14,125.14,125.14,125.14,2200
IDP,2021-11-12,126.04,126.04,124.43,124.69,1200
IDP,2021-11-15,125.59,125.59,125.59,125.59,300
IDP,2021-11-16,125.59,125.59,125.59,125.59,0
IDP,2021-11-17,125.59,125.59,125.59,125.59,0
IDP,2021-11-18,125.59,125.59,125.59,125.59,0
IDP,2021-11-19,125.59,125.59,125.59,125.59,0
IDP,2021-11-22,125.14,125.14,124.07,124.07,5200
IDP,2021-11-23,125.14,125.14,125.14,125.14,4400
IDP,2021-11-24,125.14,125.14,123.8,123.8,14000
IDP,2021-11-25,124.69,125.14,123.8,125.14,21100
IDP,2021-11-26,125.14,125.14,125.14,125.14,10000
IDP,2021-11-29,123.35,124.16,123.35,124.16,800
IDP,2021-11-30,123.8,124.69,123.8,123.8,3000
IDP,2021-12-01,123.89,123.89,123.89,123.89,0
IDP,2021-12-02,107.35,125.14,107.35,125.14,11400
IDP,2021-12-03,107.26,107.26,107.26,107.26,5000
IDP,2021-12-06,107.26,107.26,107.26,107.26,0
IDP,2021-12-07,123.35,123.35,123.35,123.35,100
IDP,2021-12-08,123.35,123.35,123.35,123.35,0
IDP,2021-12-09,123.35,123.35,123.35,123.35,0
IDP,2021-12-10,125.14,125.14,125.14,125.14,6000
IDP,2021-12-13,125.14,125.14,125.14,125.14,40900
IDP,2021-12-14,125.14,125.14,125.14,125.14,10000
IDP,2021-12-15,125.14,125.14,125.14,125.14,14400
IDP,2021-12-16,123.35,125.14,123.35,125.14,5400
IDP,2021-12-17,125.14,125.14,125.14,125.14,500
IDP,2021-12-20,125.14,125.14,125.14,125.14,0
IDP,2021-12-21,125.14,125.14,125.14,125.14,4500
IDP,2021-12-22,125.14,125.14,125.14,125.14,100
IDP,2021-12-23,126.04,126.04,126.04,126.04,100
IDP,2021-12-24,126.04,126.04,126.04,126.04,0
IDP,2021-12-27,130.5,130.5,130.5,130.5,100
IDP,2021-12-28,130.5,130.5,130.5,130.5,0
IDP,2021-12-29,130.5,130.5,130.5,130.5,0
IDP,2021-12-30,130.5,130.5,130.5,130.5,0
IDP,2021-12-31,130.5,130.5,130.5,130.5,0
IDP,2022-01-04,130.5,130.5,130.5,130.5,0
IDP,2022-01-05,125.14,125.14,125.14,125.14,400
IDP,2022-01-06,125.14,125.14,125.14,125.14,2500
IDP,2022-01-07,125.14,125.14,125.14,125.14,0
IDP,2022-01-10,125.14,125.14,125.14,125.14,0
IDP,2022-01-11,125.14,125.14,125.14,125.14,5000
IDP,2022-01-12,106.37,125.14,106.37,125.14,13500
IDP,2022-01-13,118.17,118.17,118.17,118.17,0
IDP,2022-01-14,100.47,123.35,100.47,123.35,5100
IDP,2022-01-17,116.02,116.02,116.02,116.02,100
IDP,2022-01-18,111.82,111.82,111.82,111.82,5000
IDP,2022-01-19,111.73,126.93,95.2,126.93,6600
IDP,2022-01-20,115.58,115.58,115.58,115.58,100
IDP,2022-01-21,129.61,132.83,129.61,132.83,3500
IDP,2022-01-24,134.08,134.08,134.08,134.08,200
IDP,2022-01-25,122.46,143.02,122.46,143.02,7800
IDP,2022-01-26,138.82,138.82,138.82,138.82,0
IDP,2022-01-27,138.82,138.82,138.82,138.82,400
IDP,2022-01-28,138.82,138.82,138.82,138.82,0
IDP,2022-02-07,138.82,138.82,138.82,138.82,0
IDP,2022-02-08,138.82,139.44,138.82,139.44,9900
IDP,2022-02-09,139.44,139.44,139.44,139.44,100
IDP,2022-02-10,139.44,139.44,139.44,139.44,10
IDP,2022-02-11,134.08,139.44,134.08,139.44,200
IDP,2022-02-14,137.66,137.66,137.66,137.66,100
IDP,2022-02-15,141.23,141.23,141.23,141.23,400
IDP,2022-02-16,142.12,142.12,141.23,142.12,700
IDP,2022-02-17,142.12,147.49,142.12,147.49,20200
IDP,2022-02-18,141.23,141.23,141.23,141.23,100
IDP,2022-02-21,141.23,141.23,141.23,141.23,0
IDP,2022-02-22,141.23,141.23,141.23,141.23,0
IDP,2022-02-23,141.23,141.23,141.23,141.23,0
IDP,2022-02-24,141.23,141.23,141.23,141.23,100
IDP,2022-02-25,141.23,141.23,141.23,141.23,3500
IDP,2022-02-28,141.23,141.23,141.23,141.23,0
IDP,2022-03-01,141.23,141.23,141.23,141.23,2800
IDP,2022-03-02,141.23,141.23,141.23,141.23,0
IDP,2022-03-03,141.23,141.23,141.23,141.23,0
IDP,2022-03-04,141.23,141.23,141.23,141.23,0
IDP,2022-03-07,120.05,120.05,120.05,120.05,2500
IDP,2022-03-08,120.05,129.61,120.05,129.61,700
IDP,2022-03-09,126.04,140.69,126.04,126.93,900
IDP,2022-03-10,142.57,142.57,142.57,142.57,1000
IDP,2022-03-11,143.02,143.02,143.02,143.02,100
IDP,2022-03-14,143.02,143.02,143.02,143.02,0
IDP,2022-03-15,122.46,143.91,122.46,143.91,1200
IDP,2022-03-16,142.84,142.84,128.72,135.87,8800
IDP,2022-03-17,127.11,127.11,127.02,127.02,600
IDP,2022-03-18,142.93,143.02,142.93,143.02,5700
IDP,2022-03-21,143.02,143.02,143.02,143.02,0
IDP,2022-03-22,142.84,143.02,142.84,143.02,1000
IDP,2022-03-23,142.93,142.93,142.93,142.93,0
IDP,2022-03-24,138.55,141.68,138.55,141.23,4700
IDP,2022-03-25,143.02,145.7,142.75,145.7,19400
IDP,2022-03-28,143.64,143.64,143.64,143.64,0
IDP,2022-03-29,143.64,143.64,143.64,143.64,0
IDP,2022-03-30,143.64,143.64,143.64,143.64,0
IDP,2022-03-31,145.7,147.49,145.7,145.7,10500
IDP,2022-04-01,146.95,146.95,146.95,146.95,0
IDP,2022-04-04,124.96,124.96,124.96,124.96,6600
IDP,2022-04-05,127.38,137.66,127.38,137.66,300
IDP,2022-04-06,134.26,134.26,134.26,134.26,0
IDP,2022-04-07,134.26,134.26,134.26,134.26,0
IDP,2022-04-08,134.08,134.08,134.08,134.08,200
IDP,2022-04-12,134.08,134.08,134.08,134.08,0
IDP,2022-04-13,113.97,151.87,113.97,151.87,13600
IDP,2022-04-14,115.4,151.96,115.4,151.96,10100
IDP,2022-04-15,126.93,126.93,120.67,120.67,1500
IDP,2022-04-18,124.87,124.87,124.87,124.87,0
IDP,2022-04-19,124.87,143.47,107.53,141.14,11100
IDP,2022-04-20,100.11,100.11,97.34,97.34,10100
IDP,2022-04-21,97.34,97.34,97.34,97.34,0
IDP,2022-04-22,111.91,111.91,111.91,111.91,100
IDP,2022-04-25,103.24,123.09,103.24,123.09,1300
IDP,2022-04-26,123.44,123.44,123.44,107.35,100
IDP,2022-04-27,107.35,107.35,107.35,107.35,0
IDP,2022-04-28,139.89,139.89,139.89,139.89,100
IDP,2022-04-29,139.89,139.89,139.89,139.89,0
IDP,2022-05-04,139.89,139.89,139.89,139.89,0
IDP,2022-05-05,139.89,139.89,139.89,139.89,0
IDP,2022-05-06,134.08,134.08,134.08,134.08,900
IDP,2022-05-09,138.55,138.55,138.55,138.55,100
IDP,2022-05-10,138.55,138.55,138.55,138.55,0
IDP,2022-05-11,138.55,138.55,138.55,138.55,0
IDP,2022-05-12,138.55,138.55,138.55,138.55,0
IDP,2022-05-13,120.67,120.67,120.67,120.67,200
IDP,2022-05-16,135.87,138.73,135.87,138.73,15000
IDP,2022-05-17,138.64,138.64,138.64,138.64,0
IDP,2022-05-18,138.64,138.64,138.64,138.64,0
IDP,2022-05-19,137.66,137.66,137.66,137.66,200
IDP,2022-05-20,136.76,136.76,134.97,137.66,3100
IDP,2022-05-23,134.97,134.97,134.97,137.66,500
IDP,2022-05-24,137.64,137.64,137.64,137.64,0
IDP,2022-05-25,135.89,135.89,135.89,135.89,200
IDP,2022-05-26,135.89,135.89,135.89,135.89,400
IDP,2022-05-27,135.89,135.89,135.89,135.89,0
IDP,2022-05-30,135.89,135.89,135.89,135.89,0
IDP,2022-05-31,135.89,135.89,135.89,135.89,0
IDP,2022-06-01,135.89,135.89,135.89,135.89,0
IDP,2022-06-02,135.89,135.89,135.89,135.89,0
IDP,2022-06-03,135.89,135.89,135.89,135.89,0
IDP,2022-06-06,135.89,135.89,135.89,135.89,0
IDP,2022-06-07,135.89,135.89,135.89,135.89,0
IDP,2022-06-08,135.89,135.89,135.89,135.89,0
IDP,2022-06-09,135.89,135.89,135.89,135.89,100
IDP,2022-06-10,135.89,135.89,135.89,135.89,0
IDP,2022-06-13,135.89,135.89,135.89,135.89,0
IDP,2022-06-14,115.69,115.69,115.69,115.69,600
IDP,2022-06-15,133.05,133.05,133.05,133.05,100
IDP,2022-06-16,133.05,133.05,133.05,133.05,0
IDP,2022-06-17,133.05,133.05,133.05,133.05,0
IDP,2022-06-20,133.05,133.05,133.05,133.05,0
IDP,2022-06-21,133.05,133.05,133.05,133.05,0
IDP,2022-06-22,151.96,151.96,151.96,151.96,100
IDP,2022-06-23,151.96,151.96,151.96,151.96,0
IDP,2022-06-24,151.96,174.73,137.73,137.73,500
IDP,2022-06-27,177.21,177.21,177.21,177.21,500
IDP,2022-06-28,183.64,183.64,151.5,151.5,600
IDP,2022-06-29,179.97,179.97,151.5,151.5,2600
IDP,2022-06-30,173.36,173.36,173.36,173.36,0
IDP,2022-07-01,173.36,173.36,173.36,173.36,0
IDP,2022-07-04,173.36,173.36,173.36,173.36,0
IDP,2022-07-05,147.83,147.83,147.83,147.83,100
IDP,2022-07-06,137.73,137.73,137.73,137.73,400
IDP,2022-07-07,135.89,137.73,128.73,128.73,800
IDP,2022-07-08,130.75,130.75,130.75,130.75,0
IDP,2022-07-11,149.67,149.67,149.67,149.67,100
IDP,2022-07-12,149.57,149.57,149.57,149.57,100
IDP,2022-07-13,149.57,149.57,149.57,149.57,0
IDP,2022-07-14,149.48,149.48,149.48,149.48,100
IDP,2022-07-15,127.63,127.63,127.63,127.63,100
IDP,2022-07-18,127.63,146.73,127.63,146.73,1200
IDP,2022-07-19,145.17,145.17,145.17,145.17,0
IDP,2022-07-20,161.6,161.6,142.41,142.41,1500
IDP,2022-07-21,165.18,165.18,165.18,165.18,100
IDP,2022-07-22,189.88,189.88,140.58,149.57,1400
IDP,2022-07-25,149.3,149.3,149.3,149.3,0
IDP,2022-07-26,149.3,149.3,149.3,149.3,0
IDP,2022-07-27,157.84,157.93,157.84,157.93,300
IDP,2022-07-28,157.93,157.93,157.93,157.93,100
IDP,2022-07-29,154.72,154.72,153.16,153.16,1100
IDP,2022-08-01,148.47,159.58,148.47,159.58,200
IDP,2022-08-02,154.26,154.26,154.26,154.26,1000
IDP,2022-08-03,154.26,154.26,154.26,154.26,0
IDP,2022-08-04,154.26,154.26,154.26,154.26,0
IDP,2022-08-05,154.26,154.26,154.26,154.26,0
IDP,2022-08-08,154.26,154.26,154.26,154.26,0
IDP,2022-08-09,154.26,154.26,154.26,154.26,0
IDP,2022-08-10,153.8,153.8,153.8,153.8,1000
IDP,2022-08-11,153.8,153.8,153.8,153.8,0
IDP,2022-08-12,153.8,153.8,153.8,153.8,0
IDP,2022-08-15,152.42,152.88,137.73,137.73,11400
IDP,2022-08-16,146.91,146.91,139.75,143.24,3200
IDP,2022-08-17,151.41,151.41,137.73,137.73,1200
IDP,2022-08-18,137.91,137.91,137.91,137.91,1000
IDP,2022-08-19,137.91,137.91,137.91,137.91,0
IDP,2022-08-22,137.73,137.82,137.73,137.82,1500
IDP,2022-08-23,137.82,143.97,137.82,143.97,600
IDP,2022-08-24,142.96,143.06,142.96,143.06,1400
IDP,2022-08-25,143.06,143.06,143.06,143.06,0
IDP,2022-08-26,143.42,143.79,143.42,143.7,1300
IDP,2022-08-29,143.61,143.61,143.61,143.61,0
IDP,2022-08-30,143.61,143.61,143.61,143.61,0
IDP,2022-08-31,143.61,143.61,143.61,143.61,0
IDP,2022-09-05,143.61,145.08,142.78,145.08,3400
IDP,2022-09-06,141.4,141.4,141.4,141.4,2000
IDP,2022-09-07,136.63,139.57,136.63,136.63,2900
IDP,2022-09-08,137.64,137.64,137.64,137.64,0
IDP,2022-09-09,137.64,137.64,137.64,137.64,0
IDP,2022-09-12,137.64,137.64,137.64,137.64,0
IDP,2022-09-13,137.64,137.64,137.64,137.64,0
IDP,2022-09-14,137.64,137.64,137.64,137.64,100
IDP,2022-09-15,137.64,137.64,137.64,137.64,0
IDP,2022-09-16,137.73,137.73,137.73,137.73,500
IDP,2022-09-19,137.73,137.73,137.73,137.73,0
IDP,2022-09-20,137.73,137.73,137.73,137.73,0
IDP,2022-09-21,137.73,137.73,137.73,137.73,0
IDP,2022-09-22,137.73,137.73,137.73,137.73,0
IDP,2022-09-23,137.73,137.73,137.73,137.73,0
IDP,2022-09-26,137.73,137.73,137.73,137.73,0
IDP,2022-09-27,137.73,137.73,137.73,137.73,0
IDP,2022-09-28,128.55,128.55,128.55,128.55,1000
IDP,2022-09-29,128.55,128.55,128.55,128.55,900
IDP,2022-09-30,128.55,128.55,128.55,128.55,0
IDP,2022-10-03,128.55,128.55,128.55,128.55,0
IDP,2022-10-04,128.55,128.55,128.55,128.55,0
IDP,2022-10-05,137.73,137.73,137.73,137.73,500
IDP,2022-10-06,137.73,137.73,137.73,137.73,0
IDP,2022-10-07,137.73,137.73,137.73,137.73,0
IDP,2022-10-10,142.32,142.32,142.32,142.32,2000
IDP,2022-10-11,142.32,142.32,142.32,142.32,0
IDP,2022-10-12,141.4,142.32,141.4,142.32,2300
IDP,2022-10-13,142.23,142.23,142.23,142.23,0
IDP,2022-10-14,142.23,142.23,142.23,142.23,0
IDP,2022-10-17,142.23,142.23,142.23,142.23,0
IDP,2022-10-18,142.23,142.23,142.23,142.23,0
IDP,2022-10-19,142.23,142.23,142.23,142.23,0
IDP,2022-10-20,163.35,163.35,156.09,156.09,900
IDP,2022-10-21,134.33,134.33,134.33,134.33,100
IDP,2022-10-24,134.33,134.33,134.33,134.33,0
IDP,2022-10-25,134.34,134.34,134.34,134.34,0
IDP,2022-10-26,134.34,134.34,134.34,134.34,0
IDP,2022-10-27,134.34,134.34,134.34,134.34,0
IDP,2022-10-28,134.34,134.34,134.34,134.34,0
IDP,2022-10-31,134.34,134.34,134.34,134.34,0
IDP,2022-11-01,134.34,134.34,134.34,134.34,0
IDP,2022-11-02,134.34,134.34,134.34,134.34,0
IDP,2022-11-03,147.51,147.51,147.51,147.51,200
IDP,2022-11-04,147.51,147.51,147.51,147.51,0
IDP,2022-11-07,139.16,139.16,139.16,139.16,500
IDP,2022-11-08,118.29,118.29,118.29,118.29,3000
IDP,2022-11-09,101.59,136.01,101.59,101.68,38500
IDP,2022-11-10,92.87,92.87,92.87,92.87,23000
IDP,2022-11-11,88.23,102.05,79.88,102.05,10100
IDP,2022-11-14,92.13,92.13,69.77,92.13,20400
IDP,2022-11-15,70.88,70.88,70.88,70.88,0
IDP,2022-11-16,81.46,81.46,81.46,81.46,100
IDP,2022-11-17,93.61,93.61,93.61,93.61,100
IDP,2022-11-18,107.62,107.62,107.62,107.62,100
IDP,2022-11-21,123.76,123.76,123.76,123.76,100
IDP,2022-11-22,135.64,142.32,135.64,142.32,600
IDP,2022-11-23,137.77,137.77,137.77,137.77,0
IDP,2022-11-24,137.77,137.77,137.77,137.77,0
IDP,2022-11-25,155.77,155.77,155.77,155.77,100
IDP,2022-11-28,155.77,155.77,155.77,155.77,0
IDP,2022-11-29,155.77,155.77,155.77,155.77,0
IDP,2022-11-30,155.77,155.77,155.77,155.77,0
IDP,2022-12-01,152.89,157.72,152.89,153.08,16000
IDP,2022-12-02,154.47,154.47,154.47,154.47,0
IDP,2022-12-05,156.79,156.79,155.4,155.68,3600
IDP,2022-12-06,134.52,134.52,134.52,134.52,100
IDP,2022-12-07,134.52,134.52,134.52,134.52,0
IDP,2022-12-08,148.44,154.66,148.44,154.66,400
IDP,2022-12-09,153.08,153.08,153.08,153.08,0
IDP,2022-12-12,153.08,153.08,153.08,153.08,100
IDP,2022-12-13,153.08,154.94,153.08,154.94,600
IDP,2022-12-14,157.72,157.72,156.33,156.79,3300
IDP,2022-12-15,156.7,156.7,156.7,156.7,0
IDP,2022-12-16,156.79,156.79,156.7,156.7,4000
IDP,2022-12-19,143.8,143.8,143.8,143.8,3500
IDP,2022-12-20,143.8,143.8,143.8,143.8,0
IDP,2022-12-21,165.33,165.33,147.51,147.51,600
IDP,2022-12-22,147.51,147.51,147.51,147.51,500
IDP,2022-12-23,147.51,147.51,147.51,147.51,200
IDP,2022-12-26,147.51,147.51,147.51,147.51,0
IDP,2022-12-27,147.51,147.51,147.51,147.51,0
IDP,2022-12-28,147.51,147.51,147.51,147.51,0
IDP,2022-12-29,169.59,169.59,169.59,169.59,100
IDP,2022-12-30,169.78,169.78,169.69,169.69,6900
IDP,2023-01-03,169.78,169.78,169.78,169.78,0
IDP,2023-01-04,169.78,169.78,169.78,169.78,0
IDP,2023-01-05,169.78,169.78,166.07,166.07,200
IDP,2023-01-06,167.92,167.92,167.92,167.92,0
IDP,2023-01-09,167.92,167.92,167.92,167.92,0
IDP,2023-01-10,167.92,167.92,167.92,167.92,0
IDP,2023-01-11,167.92,167.92,167.92,167.92,0
IDP,2023-01-12,167.92,167.92,167.92,167.92,0
IDP,2023-01-13,167.92,167.92,167.92,167.92,0
IDP,2023-01-16,167.92,167.92,167.92,167.92,0
IDP,2023-01-17,167.92,167.92,167.92,167.92,0
IDP,2023-01-18,167.92,167.92,167.92,167.92,0
IDP,2023-01-19,167.92,167.92,167.92,167.92,0
IDP,2023-01-27,167.92,167.92,167.92,167.92,0
IDP,2023-01-30,167.92,167.92,167.92,167.92,5000
IDP,2023-01-31,167.92,167.92,167.92,167.92,0
IDP,2023-02-01,167.92,167.92,167.92,167.92,0
IDP,2023-02-02,167.92,167.92,167.92,167.92,0
IDP,2023-02-03,167.92,167.92,167.92,167.92,0
IDP,2023-02-06,167.92,167.92,167.92,167.92,0
IDP,2023-02-07,167.92,167.92,167.92,167.92,0
IDP,2023-02-08,167.92,167.92,167.92,167.92,0
IDP,2023-02-09,167.92,167.92,167.92,167.92,100
IDP,2023-02-10,167.92,167.92,167.92,167.92,100
IDP,2023-02-13,171.63,171.63,167.92,167.92,4800
IDP,2023-02-14,168.76,168.76,168.76,168.76,0
IDP,2023-02-15,168.39,168.76,168.39,168.76,4300
IDP,2023-02-16,168.48,168.48,168.48,168.48,100
IDP,2023-02-17,168.57,168.57,168.57,168.57,200
IDP,2023-02-20,168.57,168.57,168.57,168.57,0
IDP,2023-02-21,168.57,168.57,168.57,168.57,0
IDP,2023-02-22,168.57,168.57,168.57,168.57,0
IDP,2023-02-23,168.57,168.57,168.57,168.57,0
IDP,2023-02-24,168.57,168.57,168.57,168.57,0
IDP,2023-02-27,168.57,168.57,168.57,168.57,0
IDP,2023-02-28,168.57,168.57,168.57,168.57,0
IDP,2023-03-01,168.57,168.57,168.57,168.57,0
IDP,2023-03-02,168.85,168.85,168.85,168.85,400
IDP,2023-03-03,168.85,168.85,168.85,168.85,0
IDP,2023-03-06,168.85,168.85,168.85,168.85,0
IDP,2023-03-07,168.85,168.85,168.85,168.85,0
IDP,2023-03-08,170.71,171.63,170.71,171.63,1300
IDP,2023-03-09,172.38,172.38,172.38,172.38,500
IDP,2023-03-10,176.27,190.19,176.27,190.19,1900
IDP,2023-03-13,184.34,202.25,184.34,184.62,9400
IDP,2023-03-14,195.01,202.25,195.01,202.25,1600
IDP,2023-03-15,207.82,213.38,169.78,169.78,7800
IDP,2023-03-16,200.58,200.58,200.58,200.58,0
IDP,2023-03-17,200.86,204.11,200.86,204.11,2000
IDP,2023-03-20,202.53,222.66,202.53,222.66,600
IDP,2023-03-21,228.23,228.23,176.27,176.27,2400
IDP,2023-03-22,204.11,204.11,204.11,204.11,1000
IDP,2023-03-23,222.66,222.66,216.26,216.26,1200
IDP,2023-03-24,221.64,221.64,221.64,221.64,0
IDP,2023-03-27,221.64,221.64,221.64,221.64,0
IDP,2023-03-28,221.64,221.64,221.64,221.64,0
IDP,2023-03-29,189.26,231.01,189.26,231.01,6100
IDP,2023-03-30,216.63,216.63,216.63,216.63,0
IDP,2023-03-31,216.91,216.91,216.91,216.91,1000
IDP,2023-04-03,216.63,216.63,216.63,216.63,800
IDP,2023-04-04,216.63,216.63,216.63,216.63,0
IDP,2023-04-05,216.82,216.82,216.82,216.82,100
IDP,2023-04-06,216.82,216.82,216.82,216.82,0
IDP,2023-04-07,216.82,216.82,216.82,216.82,0
IDP,2023-04-10,185.64,248.64,185.55,216.17,15000
IDP,2023-04-11,215.15,215.15,215.15,215.15,0
IDP,2023-04-12,215.15,215.15,215.15,215.15,0
IDP,2023-04-13,245.67,245.86,245.67,245.86,7000
IDP,2023-04-14,245.39,245.39,245.39,245.39,1100
IDP,2023-04-17,245.86,246.32,241.22,241.22,2400
IDP,2023-04-18,245.3,245.3,245.3,245.3,0
IDP,2023-04-19,209.67,209.67,209.67,209.67,100
IDP,2023-04-20,191.12,191.12,191.12,191.12,200
IDP,2023-04-21,191.12,191.12,191.12,191.12,0
IDP,2023-04-24,167.92,167.92,167.92,167.92,200
IDP,2023-04-25,192.97,192.97,192.97,192.97,200
IDP,2023-04-26,169.78,169.78,169.78,169.78,200
IDP,2023-04-27,169.78,169.78,169.78,169.78,0
IDP,2023-04-28,169.78,169.78,169.78,169.78,0
IDP,2023-05-04,169.78,169.78,169.78,169.78,0
IDP,2023-05-05,169.78,169.78,169.78,169.78,0
IDP,2023-05-08,169.78,169.78,169.78,169.78,0
IDP,2023-05-09,169.78,169.78,169.78,169.78,2200
IDP,2023-05-10,169.78,169.78,169.78,169.78,0
IDP,2023-05-11,195.2,195.2,195.2,195.2,100
IDP,2023-05-12,213.38,213.38,213.38,213.38,2000
IDP,2023-05-15,213.38,213.38,213.38,213.38,0
IDP,2023-05-16,213.38,213.38,213.38,213.38,0
IDP,2023-05-17,213.38,213.38,213.38,213.38,0
IDP,2023-05-18,213.39,213.39,213.39,213.39,0
IDP,2023-05-19,213.39,213.39,213.39,213.39,0
IDP,2023-05-22,213.39,213.39,213.39,213.39,0
IDP,2023-05-23,213.39,213.39,213.39,213.39,0
IDP,2023-05-24,213.39,213.39,213.39,213.39,0
IDP,2023-05-25,213.39,213.39,213.39,213.39,0
IDP,2023-05-26,213.39,213.39,213.39,213.39,0
IDP,2023-05-29,213.39,213.39,213.39,213.39,0
IDP,2023-05-30,213.39,213.39,213.39,213.39,0
IDP,2023-05-31,213.39,213.39,213.39,213.39,0
IDP,2023-06-01,213.39,213.39,213.39,213.39,0
IDP,2023-06-02,213.39,213.39,213.39,213.39,0
IDP,2023-06-05,213.39,213.39,213.39,213.39,0
IDP,2023-06-06,213.39,213.39,213.39,213.39,0
IDP,2023-06-07,213.39,213.39,213.39,213.39,0
IDP,2023-06-08,213.39,213.39,213.39,213.39,0
IDP,2023-06-09,213.39,213.39,213.39,213.39,0
IDP,2023-06-12,213.39,213.39,213.39,213.39,0
IDP,2023-06-13,213.39,213.39,213.39,213.39,0
IDP,2023-06-14,245.09,245.09,245.09,245.09,200
IDP,2023-06-15,245.09,245.09,245.09,245.09,0
IDP,2023-06-16,245.09,245.09,245.09,245.09,0
IDP,2023-06-19,250.77,250.77,250.77,250.77,100
IDP,2023-06-20,250.77,250.77,250.77,250.77,0
IDP,2023-06-21,250.77,250.77,250.77,250.77,0
IDP,2023-06-22,250.77,250.77,250.77,250.77,0
IDP,2023-06-23,254.56,254.56,254.56,254.56,100
IDP,2023-06-26,254.56,254.56,254.56,254.56,0
IDP,2023-06-27,254.56,254.56,254.56,254.56,0
IDP,2023-06-28,283.89,283.89,283.89,283.89,100
IDP,2023-06-29,283.89,283.89,283.89,283.89,0
IDP,2023-06-30,302.82,302.82,246.04,302.72,300
IDP,2023-07-03,246.04,246.04,246.04,246.04,100
IDP,2023-07-04,211.97,211.97,211.97,211.97,100
IDP,2023-07-05,180.74,180.74,180.74,180.74,100
IDP,2023-07-06,180.74,180.74,180.74,180.74,0
IDP,2023-07-07,154.25,154.25,154.25,154.25,100
IDP,2023-07-10,177.34,177.34,177.34,177.34,100
IDP,2023-07-11,203.93,203.93,203.93,203.93,100
IDP,2023-07-12,174.12,174.12,174.12,174.12,100
IDP,2023-07-13,174.12,174.12,174.12,174.12,0
IDP,2023-07-14,174.12,174.12,174.12,174.12,0
IDP,2023-07-17,174.12,174.12,174.12,174.12,0
IDP,2023-07-18,199.67,199.67,199.67,199.67,100
IDP,2023-07-19,199.67,199.67,199.67,199.67,0
IDP,2023-07-20,229.57,229.57,229.57,229.57,300
IDP,2023-07-21,229.57,229.57,229.57,229.57,0
IDP,2023-07-24,229.57,229.57,229.57,229.57,0
IDP,2023-07-25,196.83,196.83,196.83,196.83,100
IDP,2023-07-26,170.33,226.17,170.33,226.17,200
IDP,2023-07-27,198.25,198.25,198.25,198.25,0
IDP,2023-07-28,198.25,198.25,198.25,198.25,0
IDP,2023-07-31,198.25,198.25,198.25,198.25,0
IDP,2023-08-01,198.25,198.25,198.25,198.25,0
IDP,2023-08-02,198.25,198.25,198.25,198.25,0
IDP,2023-08-03,179.89,227.96,179.89,227.96,200
IDP,2023-08-04,234.49,234.49,234.49,234.49,300
IDP,2023-08-07,234.49,234.49,234.49,234.49,0
IDP,2023-08-08,268.75,268.75,268.75,268.75,100
IDP,2023-08-09,268.75,268.75,268.75,268.75,0
IDP,2023-08-10,228.44,228.44,228.44,228.44,500
IDP,2023-08-11,228.44,228.44,228.44,228.44,0
IDP,2023-08-14,228.44,228.44,228.44,228.44,0
IDP,2023-08-15,228.44,228.44,228.44,228.44,100
IDP,2023-08-16,228.44,228.44,228.44,228.44,0
IDP,2023-08-17,228.44,228.44,228.44,228.44,0
IDP,2023-08-18,210.27,210.27,210.27,210.27,100
IDP,2023-08-21,210.27,210.27,210.27,210.27,0
IDP,2023-08-22,210.27,210.27,210.27,210.27,0
IDP,2023-08-23,210.27,210.27,210.27,210.27,0
IDP,2023-08-24,210.27,210.27,210.27,210.27,0
IDP,2023-08-25,210.27,210.27,210.27,210.27,0
IDP,2023-08-28,210.27,210.27,210.27,210.27,0
IDP,2023-08-29,210.27,210.27,210.27,210.27,0
IDP,2023-08-30,210.27,210.27,210.27,210.27,0
IDP,2023-08-31,210.27,210.27,210.27,210.27,100
IDP,2023-09-05,236.58,236.58,236.58,236.58,100
IDP,2023-09-06,236.58,236.58,236.58,236.58,0
IDP,2023-09-07,236.58,236.58,236.58,236.58,0
IDP,2023-09-08,236.58,236.58,236.58,236.58,0
IDP,2023-09-11,208.19,236.58,208.19,236.58,1700
IDP,2023-09-12,212.92,212.92,212.92,212.92,100
IDP,2023-09-13,212.92,212.92,212.92,212.92,0
IDP,2023-09-14,212.92,212.92,212.92,212.92,0
IDP,2023-09-15,244.15,244.15,244.15,244.15,300
IDP,2023-09-18,208.19,208.19,208.19,208.19,1000
IDP,2023-09-19,177.9,177.9,177.9,177.9,600
IDP,2023-09-20,170.33,170.33,170.33,170.33,500
IDP,2023-09-21,170.33,170.33,170.33,170.33,0
IDP,2023-09-22,170.33,170.33,170.33,170.33,0
IDP,2023-09-25,195.88,195.88,195.88,195.88,100
IDP,2023-09-26,225.22,225.22,225.22,225.22,100
IDP,2023-09-27,225.22,225.22,225.22,225.22,0
IDP,2023-09-28,236.58,236.58,236.58,236.58,100
IDP,2023-09-29,236.58,236.58,236.58,236.58,0
IDP,2023-10-02,236.58,236.58,236.58,236.58,0
IDP,2023-10-03,236.58,236.58,236.58,236.58,0
IDP,2023-10-04,236.58,236.58,236.58,236.58,0
IDP,2023-10-05,236.58,236.58,236.58,236.58,0
IDP,2023-10-06,236.58,236.58,236.58,236.58,0
IDP,2023-10-09,208.19,217.65,208.19,208.19,1900
IDP,2023-10-10,212.16,212.16,212.16,212.16,0
IDP,2023-10-11,212.16,212.16,212.16,212.16,0
IDP,2023-10-12,212.16,212.16,212.16,212.16,0
IDP,2023-10-13,212.16,212.16,212.16,212.16,0
IDP,2023-10-16,212.16,212.16,212.16,212.16,0
IDP,2023-10-17,212.16,212.16,212.16,212.16,0
IDP,2023-10-18,212.16,212.16,212.16,212.16,0
IDP,2023-10-19,212.16,212.16,212.16,212.16,0
IDP,2023-10-20,212.16,212.16,212.16,212.16,0
IDP,2023-10-23,212.16,212.16,212.16,212.16,0
IDP,2023-10-24,212.16,212.16,212.16,212.16,0
IDP,2023-10-25,212.16,212.16,212.16,212.16,0
IDP,2023-10-26,212.16,212.16,212.16,212.16,0
IDP,2023-10-27,212.16,212.16,212.16,212.16,0
IDP,2023-10-30,212.16,212.16,212.16,212.16,0
IDP,2023-10-31,212.16,212.16,212.16,212.16,1500
IDP,2023-11-01,212.16,212.16,212.16,212.16,0
IDP,2023-11-02,212.16,212.16,212.16,212.16,0
IDP,2023-11-03,212.16,212.16,212.16,212.16,0
IDP,2023-11-06,212.16,212.16,212.16,212.16,0
IDP,2023-11-07,212.16,212.16,212.16,212.16,800
IDP,2023-11-08,212.16,212.16,212.16,212.16,1000
IDP,2023-11-09,212.16,212.16,212.16,212.16,0
IDP,2023-11-10,212.16,212.16,212.16,212.16,0
IDP,2023-11-13,212.16,212.16,212.16,212.16,0
IDP,2023-11-14,243.67,243.67,243.67,243.67,100
IDP,2023-11-15,243.67,243.67,243.67,243.67,100
IDP,2023-11-16,243.67,243.67,243.67,243.67,0
IDP,2023-11-17,243.67,243.67,243.67,243.67,0
IDP,2023-11-20,243.67,243.67,243.67,243.67,0
IDP,2023-11-21,243.67,243.67,243.67,243.67,0
IDP,2023-11-22,243.67,243.67,243.67,243.67,0
IDP,2023-11-23,243.67,243.67,243.67,243.67,0
IDP,2023-11-24,243.67,243.67,243.67,243.67,0
IDP,2023-11-27,243.67,243.67,243.67,243.67,0
IDP,2023-11-28,243.67,243.67,243.67,243.67,0
IDP,2023-11-29,243.67,243.67,243.67,243.67,0
IDP,2023-11-30,243.67,243.67,243.67,243.67,0
IDP,2023-12-01,243.67,243.67,243.67,243.67,0
IDP,2023-12-04,243.67,243.67,243.67,243.67,0
IDP,2023-12-05,236.58,236.58,236.58,236.58,100
IDP,2023-12-06,236.58,236.58,236.58,236.58,0
IDP,2023-12-07,236.58,236.58,236.58,236.58,0
IDP,2023-12-08,236.58,236.58,236.58,236.58,0
IDP,2023-12-11,236.58,236.58,236.58,236.58,100
IDP,2023-12-12,236.58,236.58,236.58,236.58,0
IDP,2023-12-13,236.58,236.58,236.58,236.58,55000
IDP,2023-12-14,236.58,236.58,236.58,236.58,0
IDP,2023-12-15,236.58,236.58,236.58,236.58,0
IDP,2023-12-18,236.58,236.58,236.58,236.58,0
IDP,2023-12-19,236.58,236.58,236.58,236.58,0
IDP,2023-12-20,236.58,236.58,236.58,236.58,0
IDP,2023-12-21,236.58,236.58,236.58,236.58,0
IDP,2023-12-22,236.58,236.58,236.58,236.58,0
IDP,2023-12-25,203.46,203.46,203.46,203.46,2000
IDP,2023-12-26,212.92,212.92,212.92,212.92,100
IDP,2023-12-27,231.84,231.84,231.84,231.84,2000
IDP,2023-12-28,231.84,231.84,231.84,231.84,0
IDP,2023-12-29,231.84,231.84,231.84,231.84,0
IDP,2024-01-02,236.58,236.58,236.58,236.58,1000
IDP,2024-01-03,236.58,236.58,236.58,236.58,0
IDP,2024-01-04,236.58,236.58,236.58,236.58,0
IDP,2024-01-05,236.58,236.58,236.58,236.58,0
IDP,2024-01-08,236.58,236.58,236.58,236.58,0
IDP,2024-01-09,236.58,236.58,236.58,236.58,0
IDP,2024-01-10,236.58,236.58,236.58,236.58,100
IDP,2024-01-11,241.31,241.31,241.31,241.31,100
IDP,2024-01-12,241.31,241.31,241.31,241.31,0
IDP,2024-01-15,241.31,241.31,241.31,241.31,100
IDP,2024-01-16,241.31,241.31,241.31,241.31,0
IDP,2024-01-17,241.31,241.31,241.31,241.31,0
IDP,2024-01-18,241.31,241.31,241.31,241.31,0
IDP,2024-01-19,241.3,241.3,241.3,241.3,0
IDP,2024-01-22,241.3,241.3,241.3,241.3,0
IDP,2024-01-23,241.3,241.3,241.3,241.3,0
IDP,2024-01-24,241.3,241.3,241.3,241.3,0
IDP,2024-01-25,241.3,241.3,241.3,241.3,0
IDP,2024-01-26,241.3,241.3,241.3,241.3,0
IDP,2024-01-29,241.3,241.3,241.3,241.3,0
IDP,2024-01-30,241.3,241.3,241.3,241.3,0
IDP,2024-01-31,253.54,253.54,253.54,253.54,200
IDP,2024-02-01,253.54,253.54,253.54,253.54,0
IDP,2024-02-02,253.54,253.54,253.54,253.54,0
IDP,2024-02-05,253.54,253.54,253.54,253.54,0
IDP,2024-02-06,253.54,253.54,253.54,253.54,0
IDP,2024-02-07,253.54,253.54,253.54,253.54,0
IDP,2024-02-15,253.54,253.54,253.54,253.54,0
IDP,2024-02-16,253.54,253.54,253.54,253.54,0
IDP,2024-02-19,253.54,253.54,253.54,253.54,0
IDP,2024-02-20,253.54,253.54,253.54,253.54,0
IDP,2024-02-21,253.54,253.54,253.54,253.54,0
IDP,2024-02-22,244.72,244.72,244.72,244.72,100
IDP,2024-02-23,244.72,244.72,244.72,244.72,0
IDP,2024-02-26,244.72,244.72,244.72,244.72,0
IDP,2024-02-27,244.72,244.72,244.72,244.72,0
IDP,2024-02-28,244.72,244.72,244.72,244.72,1000
IDP,2024-02-29,244.72,244.72,244.72,244.72,0
IDP,2024-03-01,244.72,244.72,244.72,244.72,0
IDP,2024-03-04,244.72,244.72,244.72,244.72,0
IDP,2024-03-05,244.72,244.72,244.72,244.72,200
IDP,2024-03-06,244.72,244.72,244.72,244.72,0
IDP,2024-03-07,234.94,234.94,234.94,234.94,200
IDP,2024-03-08,234.94,234.94,234.94,234.94,0
IDP,2024-03-11,234.94,234.94,234.94,234.94,0
IDP,2024-03-12,234.94,234.94,234.94,234.94,0
IDP,2024-03-13,234.94,234.94,234.94,234.94,0
IDP,2024-03-14,230.04,249.62,230.04,249.62,5800
IDP,2024-03-15,248.44,248.44,248.44,248.44,0
IDP,2024-03-18,247.66,247.66,247.66,247.66,100
IDP,2024-03-19,247.66,247.66,247.66,247.66,0
IDP,2024-03-20,247.66,247.66,247.66,247.66,0
IDP,2024-03-21,247.66,247.66,247.66,247.66,0
IDP,2024-03-22,247.66,247.66,247.66,247.66,0
IDP,2024-03-25,247.66,247.66,247.66,247.66,0
IDP,2024-03-26,247.66,247.66,247.66,247.66,0
IDP,2024-03-27,247.66,247.66,247.66,247.66,0
IDP,2024-03-28,247.66,247.66,247.66,247.66,0
IDP,2024-03-29,247.66,247.66,247.66,247.66,0
IDP,2024-04-01,236.89,236.89,236.89,236.89,100
IDP,2024-04-02,239.83,239.83,239.83,239.83,600
IDP,2024-04-03,239.83,239.83,239.83,239.83,100
IDP,2024-04-04,239.83,239.83,239.83,239.83,0
IDP,2024-04-05,239.83,239.83,239.83,239.83,0
IDP,2024-04-08,244.72,244.72,242.77,242.77,200
IDP,2024-04-09,243.75,243.75,243.75,243.75,0
IDP,2024-04-10,243.75,243.75,243.75,243.75,0
IDP,2024-04-11,243.75,243.75,243.75,243.75,0
IDP,2024-04-12,243.75,243.75,243.75,243.75,0
IDP,2024-04-15,243.75,243.75,243.75,243.75,0
IDP,2024-04-16,243.75,243.75,243.75,243.75,0
IDP,2024-04-17,243.75,243.75,243.75,243.75,0
IDP,2024-04-19,243.75,243.75,243.75,243.75,0
IDP,2024-04-22,243.75,243.75,243.75,243.75,0
IDP,2024-04-23,239.83,239.83,239.83,239.83,100
IDP,2024-04-24,239.83,239.83,239.83,239.83,0
IDP,2024-04-25,239.83,239.83,239.83,239.83,0
IDP,2024-04-26,239.83,239.83,239.83,239.83,0
IDP,2024-05-02,239.83,239.83,239.83,239.83,0
IDP,2024-05-03,239.83,239.83,239.83,239.83,0
IDP,2024-05-06,239.83,239.83,239.83,239.83,0
IDP,2024-05-07,239.83,239.83,239.83,239.83,0
IDP,2024-05-08,239.83,239.83,239.83,239.83,0
IDP,2024-05-09,239.83,239.83,239.83,239.83,0
IDP,2024-05-10,239.83,239.83,239.83,239.83,0
IDP,2024-05-13,239.83,239.83,239.83,239.83,0
IDP,2024-05-14,239.83,239.83,239.83,239.83,100
IDP,2024-05-15,239.83,239.83,239.83,239.83,0
IDP,2024-05-16,239.83,239.83,239.83,239.83,0
IDP,2024-05-17,239.83,239.83,239.83,239.83,0
IDP,2024-05-20,239.83,239.83,239.83,239.83,0
IDP,2024-05-21,239.83,239.83,239.83,239.83,0
IDP,2024-05-22,244.24,244.24,244.24,244.24,100
IDP,2024-05-23,244.24,244.24,244.24,244.24,0
IDP,2024-05-24,244.24,244.24,244.24,244.24,0
IDP,2024-05-27,244.24,244.24,244.24,244.24,0
IDP,2024-05-28,244.24,244.24,244.24,244.24,0
IDP,2024-05-29,244.24,244.24,244.24,244.24,0
IDP,2024-05-30,244.24,244.24,244.24,244.24,0
IDP,2024-05-31,244.24,244.24,244.24,244.24,0
IDP,2024-06-03,244.24,244.24,244.24,244.24,0
IDP,2024-06-04,244.24,244.24,244.24,244.24,0
IDP,2024-06-05,244.24,244.24,244.24,244.24,0
IDP,2024-06-06,244.24,244.24,244.24,244.24,0
IDP,2024-06-07,244.24,244.24,244.24,244.24,0
IDP,2024-06-10,244.24,244.24,244.24,244.24,0
IDP,2024-06-11,244.24,244.24,244.24,244.24,100
IDP,2024-06-12,215.36,215.36,215.36,215.36,300
IDP,2024-06-13,215.36,215.36,215.36,215.36,0
IDP,2024-06-14,215.36,215.36,215.36,215.36,0
IDP,2024-06-17,215.36,215.36,215.36,215.36,0
IDP,2024-06-18,215.36,215.36,215.36,215.36,0
IDP,2024-06-19,215.36,215.36,215.36,215.36,0
IDP,2024-06-20,234.84,234.94,234.84,234.94,200
IDP,2024-06-21,244.72,270.18,244.72,270.18,200
IDP,2024-06-24,244.72,244.72,244.72,244.72,200
IDP,2024-06-25,244.72,244.72,244.72,244.72,0
IDP,2024-06-26,243.75,244.72,242.77,244.72,300
IDP,2024-06-27,243.75,243.75,243.75,243.75,0
IDP,2024-06-28,243.75,243.75,243.75,243.75,0
IDP,2024-07-01,244.72,244.72,244.72,244.72,100
IDP,2024-07-02,244.72,249.62,244.72,249.62,200
IDP,2024-07-03,247.17,247.17,247.17,247.17,0
IDP,2024-07-04,234.94,234.94,234.94,234.94,1000
IDP,2024-07-05,264.3,269.2,245.21,245.21,6800
IDP,2024-07-08,244.72,258.43,244.72,258.43,1100
IDP,2024-07-09,260.39,260.39,260.39,260.39,100
IDP,2024-07-10,268.22,268.22,268.22,268.22,300
IDP,2024-07-11,268.22,269.2,268.22,268.22,900
IDP,2024-07-12,268.9,268.9,268.9,268.9,0
IDP,2024-07-15,252.56,252.56,252.56,252.56,1000
IDP,2024-07-16,267.24,268.22,267.24,267.24,800
IDP,2024-07-17,249.62,249.62,249.62,249.62,2000
IDP,2024-07-18,254.51,254.51,254.51,254.51,1000
IDP,2024-07-19,249.62,249.62,249.62,249.62,1000
IDP,2024-07-22,249.62,249.62,249.62,249.62,0
IDP,2024-07-23,249.62,249.62,249.62,249.62,0
IDP,2024-07-24,244.72,244.72,244.72,244.72,1200
IDP,2024-07-25,244.72,244.72,244.72,244.72,0
IDP,2024-07-26,244.72,244.72,244.72,244.72,0
IDP,2024-07-29,244.72,244.72,244.72,244.72,0
IDP,2024-07-30,244.72,244.72,244.72,244.72,0
IDP,2024-07-31,244.72,244.72,244.72,244.72,0
IDP,2024-08-01,244.72,244.72,244.72,244.72,1100
IDP,2024-08-02,244.72,244.72,244.72,244.72,0
IDP,2024-08-05,250.6,250.6,250.6,250.6,100
IDP,2024-08-06,244.72,244.72,244.72,244.72,3800
IDP,2024-08-07,244.72,244.72,244.72,244.72,0
IDP,2024-08-08,244.72,244.72,244.72,244.72,0
IDP,2024-08-09,244.72,244.72,244.72,244.72,0
IDP,2024-08-12,244.72,244.72,244.72,244.72,0
IDP,2024-08-13,244.72,244.72,244.72,244.72,0
IDP,2024-08-14,254.51,259.41,254.51,259.41,1000
IDP,2024-08-15,256.96,256.96,256.96,256.96,0
IDP,2024-08-16,244.72,244.72,244.72,244.72,600
IDP,2024-08-19,244.72,244.72,244.72,244.72,1000
IDP,2024-08-20,244.72,244.72,244.72,244.72,500
IDP,2024-08-21,254.51,254.51,254.51,254.51,1000
IDP,2024-08-22,254.51,254.51,254.51,254.51,0
IDP,2024-08-23,259.41,264.3,259.41,264.3,1000
IDP,2024-08-26,261.86,261.86,261.86,261.86,0
IDP,2024-08-27,264.3,264.3,264.3,264.3,1200
IDP,2024-08-28,264.3,264.3,264.3,264.3,0
IDP,2024-08-29,264.3,267.24,264.3,267.24,5200
IDP,2024-08-30,264.3,267.24,264.3,267.24,600
IDP,2024-09-04,259.51,259.51,259.51,259.51,1200
IDP,2024-09-05,261.37,261.37,261.37,261.37,200
IDP,2024-09-06,261.37,261.37,261.37,261.37,0
IDP,2024-09-09,261.37,261.37,259.41,259.41,1700
IDP,2024-09-10,259.41,259.41,254.51,254.51,1800
IDP,2024-09-11,259.41,259.41,259.41,259.41,200
IDP,2024-09-12,259.41,259.41,259.41,259.41,0
IDP,2024-09-13,259.41,259.41,259.41,259.41,0
IDP,2024-09-16,259.41,259.41,259.41,259.41,0
IDP,2024-09-17,255.0,259.41,255.0,255.49,3100
IDP,2024-09-18,256.47,256.47,256.47,256.47,0
IDP,2024-09-19,256.47,256.47,256.47,256.47,0
IDP,2024-09-20,263.32,263.32,244.72,244.72,4200
IDP,2024-09-23,239.83,239.83,239.83,239.83,100
IDP,2024-09-24,239.83,239.83,239.83,239.83,0
IDP,2024-09-25,239.83,239.83,239.83,239.83,0
IDP,2024-09-26,239.83,239.83,239.83,239.83,0
IDP,2024-09-27,239.83,239.83,239.83,239.83,0
IDP,2024-09-30,239.83,239.83,239.83,239.83,0
IDP,2024-10-01,239.83,239.83,239.83,239.83,0
IDP,2024-10-02,239.83,239.83,239.83,239.83,0
IDP,2024-10-03,239.83,239.83,239.83,239.83,0
IDP,2024-10-04,239.83,239.83,239.83,239.83,0
IDP,2024-10-07,239.83,239.83,239.83,239.83,0
IDP,2024-10-08,239.83,239.83,239.83,239.83,0
IDP,2024-10-09,230.04,230.04,225.15,225.15,1000
IDP,2024-10-10,227.59,227.59,227.59,227.59,0
IDP,2024-10-11,227.59,227.59,227.59,227.59,0
IDP,2024-10-14,227.59,227.59,227.59,227.59,0
IDP,2024-10-15,227.59,227.59,227.59,227.59,0
IDP,2024-10-16,227.59,227.59,227.59,227.59,0
IDP,2024-10-17,244.82,244.82,244.82,244.82,700
IDP,2024-10-18,244.82,244.82,244.82,244.82,0
IDP,2024-10-21,244.82,244.82,244.82,244.82,0
IDP,2024-10-22,244.82,244.82,244.82,244.82,0
IDP,2024-10-23,244.82,244.82,244.82,244.82,0
IDP,2024-10-24,244.82,244.82,244.82,244.82,0
IDP,2024-10-25,244.82,244.82,244.82,244.82,0
IDP,2024-10-28,244.82,244.82,244.82,244.82,0
IDP,2024-10-29,244.82,244.82,244.82,244.82,0
IDP,2024-10-30,244.82,244.82,244.82,244.82,0
IDP,2024-10-31,244.82,244.82,244.82,244.82,100
IDP,2024-11-01,244.82,244.82,244.82,244.82,0
IDP,2024-11-04,244.82,244.82,244.82,244.82,0
IDP,2024-11-05,244.82,244.82,244.82,244.82,0
IDP,2024-11-06,244.82,244.82,244.82,244.82,0
IDP,2024-11-07,244.82,244.82,244.82,244.82,0
IDP,2024-11-08,244.82,244.82,244.82,244.82,0
IDP,2024-11-11,244.82,244.82,244.82,244.82,0
IDP,2024-11-12,239.83,244.72,239.83,244.72,1500
IDP,2024-11-13,241.49,241.49,241.49,241.49,0
IDP,2024-11-14,241.49,241.49,241.49,241.49,0
IDP,2024-11-15,244.63,244.63,244.63,244.63,100
IDP,2024-11-18,244.72,246.68,244.72,244.72,3800
IDP,2024-11-19,248.64,248.64,241.79,245.7,2800
IDP,2024-11-20,245.7,245.7,225.15,234.94,4800
IDP,2024-11-21,244.24,244.24,244.24,244.24,2000
IDP,2024-11-22,244.24,244.24,244.24,244.24,0
IDP,2024-11-25,230.04,230.04,225.15,225.24,6200
IDP,2024-11-26,225.34,225.34,225.34,225.34,0
IDP,2024-11-27,230.04,230.04,225.34,230.04,400
IDP,2024-11-28,229.06,230.04,229.06,230.04,400
IDP,2024-11-29,230.04,230.04,229.06,229.06,300
IDP,2024-12-02,230.04,230.04,225.15,225.15,1000
IDP,2024-12-03,230.04,230.04,230.04,230.04,1200
IDP,2024-12-04,230.04,230.04,230.04,230.04,1200
IDP,2024-12-05,230.04,230.04,230.04,230.04,0
IDP,2024-12-06,234.94,234.94,232.98,232.98,800
IDP,2024-12-09,230.04,234.94,230.04,234.94,1100
IDP,2024-12-10,232.98,232.98,232.98,232.98,100
IDP,2024-12-11,232.98,232.98,232.98,232.98,0
IDP,2024-12-12,232.98,232.98,232.98,232.98,0
IDP,2024-12-13,232.98,232.98,232.98,232.98,0
IDP,2024-12-16,232.98,232.98,232.98,232.98,0
IDP,2024-12-17,234.94,234.94,234.94,234.94,600
IDP,2024-12-18,234.94,234.94,234.94,234.94,0
IDP,2024-12-19,234.94,234.94,234.94,234.94,300
IDP,2024-12-20,234.94,234.94,234.94,234.94,0
IDP,2024-12-23,234.94,234.94,234.94,234.94,0
IDP,2024-12-24,234.94,234.94,234.94,234.94,0
IDP,2024-12-25,234.94,234.94,234.94,234.94,200
IDP,2024-12-26,234.94,235.91,234.94,234.94,1200
IDP,2024-12-27,234.94,234.94,234.94,234.94,300
IDP,2024-12-30,234.94,234.94,234.94,234.94,500
IDP,2024-12-31,234.45,234.45,234.45,234.45,100
MCM,2020-12-18,31.74,31.74,31.74,31.74,100
MCM,2020-12-21,36.5,36.5,36.5,36.5,108
MCM,2020-12-22,41.94,41.94,41.94,41.94,100
MCM,2020-12-23,48.21,48.21,48.21,48.21,900
MCM,2020-12-24,55.39,55.39,55.39,55.39,204500
MCM,2020-12-25,63.62,63.62,55.92,60.45,730732
MCM,2020-12-28,62.75,62.75,59.53,61.1,99383
MCM,2020-12-29,60.94,61.65,59.22,59.53,150154
MCM,2020-12-30,57.18,58.75,56.56,57.03,222102
MCM,2020-12-31,57.03,57.03,55.77,56.56,254954
MCM,2021-01-04,56.56,58.91,56.56,58.44,160423
MCM,2021-01-05,57.81,58.36,57.5,57.89,92603
MCM,2021-01-06,57.97,57.97,57.42,57.5,105405
MCM,2021-01-07,57.73,57.81,48.96,57.18,114900
MCM,2021-01-08,57.03,57.11,56.64,56.79,97620
MCM,2021-01-11,56.4,56.79,56.01,56.09,88450
MCM,2021-01-12,56.09,57.97,56.09,57.18,126950
MCM,2021-01-13,57.97,60.32,57.58,59.3,394260
MCM,2021-01-14,59.38,60.71,58.36,60.32,214730
MCM,2021-01-15,60.24,60.79,60.0,60.71,251852
MCM,2021-01-18,61.1,61.1,59.14,60.71,178150
MCM,2021-01-19,59.53,60.47,57.18,59.14,209297
MCM,2021-01-20,59.14,59.85,57.58,58.75,170110
MCM,2021-01-21,59.38,60.71,58.36,60.4,220006
MCM,2021-01-22,60.32,60.71,59.93,60.32,148829
MCM,2021-01-25,60.55,60.55,57.97,58.83,133600
MCM,2021-01-26,59.06,59.06,57.58,57.97,182110
MCM,2021-01-27,57.26,57.58,55.23,57.18,128700
MCM,2021-01-28,56.4,56.79,49.04,50.92,370075
MCM,2021-01-29,49.27,56.01,48.96,54.83,70800
MCM,2021-02-01,56.4,56.4,53.27,54.05,48861
MCM,2021-02-02,53.89,54.83,53.89,54.83,105900
MCM,2021-02-03,56.01,56.01,54.83,55.3,22700
MCM,2021-02-04,55.62,55.77,53.89,54.44,67200
MCM,2021-02-05,54.29,54.83,54.05,54.83,35500
MCM,2021-02-08,54.83,54.83,53.74,54.05,46090
MCM,2021-02-09,54.44,54.44,52.95,54.05,73200
MCM,2021-02-17,54.05,54.83,54.05,54.83,28700
MCM,2021-02-18,54.83,54.83,54.29,54.52,34806
MCM,2021-02-19,54.83,54.83,53.74,54.05,45800
MCM,2021-02-22,54.05,54.44,53.42,54.13,49630
MCM,2021-02-23,54.13,54.68,53.42,54.68,43106
MCM,2021-02-24,54.05,54.21,53.66,53.74,34400
MCM,2021-02-25,53.42,53.97,53.35,53.89,10800
MCM,2021-02-26,53.58,54.05,53.58,53.58,41600
MCM,2021-03-01,53.97,54.44,53.74,54.13,56340
MCM,2021-03-02,54.6,55.54,54.6,55.54,84257
MCM,2021-03-03,55.54,55.62,54.83,55.3,17600
MCM,2021-03-04,54.83,55.23,54.05,54.36,39100
MCM,2021-03-05,53.97,54.36,53.42,53.97,31300
MCM,2021-03-08,54.05,55.46,53.89,55.23,77500
MCM,2021-03-09,54.68,55.23,54.05,54.68,60400
MCM,2021-03-10,54.6,55.15,54.05,54.13,46500
MCM,2021-03-11,54.68,54.68,54.05,54.36,78400
MCM,2021-03-12,54.44,54.44,54.05,54.44,56316
MCM,2021-03-15,54.21,54.21,53.66,53.97,67300
MCM,2021-03-16,53.97,54.05,53.66,54.05,45900
MCM,2021-03-17,54.76,54.76,53.82,53.82,12900
MCM,2021-03-18,53.97,54.44,53.82,53.89,11205
MCM,2021-03-19,53.74,54.05,53.5,53.89,38700
MCM,2021-03-22,54.05,54.05,53.11,53.27,230881
MCM,2021-03-23,53.66,53.66,53.27,53.5,50600
MCM,2021-03-24,53.42,53.42,53.19,53.35,51783
MCM,2021-03-25,53.27,53.27,52.09,52.25,70800
MCM,2021-03-26,52.41,52.41,51.7,52.09,20590
MCM,2021-03-29,52.48,53.66,51.7,51.94,51200
MCM,2021-03-30,51.94,52.09,50.53,50.92,37600
MCM,2021-03-31,51.23,51.23,49.74,49.82,59011
MCM,2021-04-01,50.92,51.7,49.98,50.92,40932
MCM,2021-04-02,50.68,50.92,50.29,50.92,30460
MCM,2021-04-05,50.92,50.92,50.68,50.92,8530
MCM,2021-04-06,50.76,50.76,50.13,50.29,19500
MCM,2021-04-07,50.92,50.92,50.13,50.13,32330
MCM,2021-04-08,50.13,50.13,49.98,50.06,56500
MCM,2021-04-09,49.74,49.74,48.57,49.04,65614
MCM,2021-04-12,49.12,49.12,48.02,48.02,53663
MCM,2021-04-13,48.02,48.57,47.86,48.18,26570
MCM,2021-04-14,48.33,48.33,47.0,47.78,32260
MCM,2021-04-15,47.78,47.78,46.92,47.16,42212
MCM,2021-04-16,46.92,46.92,45.98,46.06,72736
MCM,2021-04-19,46.06,46.06,42.3,43.71,128205
MCM,2021-04-20,43.87,43.87,42.61,43.16,118899
MCM,2021-04-22,43.08,43.08,41.36,41.36,108663
MCM,2021-04-23,41.36,41.44,39.17,40.11,273463
MCM,2021-04-26,40.19,43.87,40.19,41.91,145010
MCM,2021-04-27,41.99,44.42,41.99,44.26,156670
MCM,2021-04-28,44.26,44.26,43.79,44.18,76689
MCM,2021-04-29,44.18,44.26,42.69,44.26,79634
MCM,2021-05-04,42.3,42.93,41.52,42.3,33900
MCM,2021-05-05,43.48,43.71,42.69,43.63,51779
MCM,2021-05-06,43.87,43.87,42.69,43.01,38105
MCM,2021-05-07,42.3,42.3,42.07,42.3,39665
MCM,2021-05-10,41.83,41.91,41.13,41.6,60690
MCM,2021-05-11,41.6,41.91,41.36,41.75,22972
MCM,2021-05-12,42.54,42.54,41.6,41.6,12174
MCM,2021-05-13,41.67,41.91,41.13,41.52,44229
MCM,2021-05-14,41.52,41.67,40.73,41.2,45850
MCM,2021-05-17,41.28,41.83,41.28,41.52,63850
MCM,2021-05-18,41.52,41.52,41.2,41.36,75700
MCM,2021-05-19,41.36,41.36,40.73,41.28,28830
MCM,2021-05-20,41.94,42.34,41.78,42.34,63025
MCM,2021-05-21,42.1,42.1,41.37,41.53,24237
MCM,2021-05-24,41.53,41.53,40.49,40.89,75750
MCM,2021-05-25,41.13,41.13,40.57,40.65,36729
MCM,2021-05-26,40.73,40.73,39.92,40.0,60230
MCM,2021-05-27,39.84,39.84,38.87,38.95,55135
MCM,2021-05-28,39.12,42.66,39.12,39.52,50440
MCM,2021-05-31,39.44,39.52,39.28,39.52,51605
MCM,2021-06-01,39.52,41.86,39.52,39.92,12550
MCM,2021-06-02,39.92,40.32,39.12,40.08,51225
MCM,2021-06-03,40.32,41.13,40.24,40.32,49086
MCM,2021-06-04,40.73,41.13,39.92,40.97,74115
MCM,2021-06-07,40.65,40.89,40.0,40.57,104700
MCM,2021-06-08,40.0,40.57,39.92,40.0,46500
MCM,2021-06-09,39.92,40.97,39.92,40.73,71705
MCM,2021-06-10,40.57,41.94,40.32,41.94,101617
MCM,2021-06-11,41.94,41.94,41.29,41.37,52760
MCM,2021-06-14,41.78,42.74,41.78,42.1,35631
MCM,2021-06-15,42.18,42.66,41.53,41.62,45900
MCM,2021-06-16,41.86,41.86,40.81,40.81,52355
MCM,2021-06-17,40.73,41.45,40.73,41.45,12340
MCM,2021-06-18,41.7,41.7,41.05,41.37,29813
MCM,2021-06-21,40.89,41.78,40.89,41.45,41554
MCM,2021-06-22,41.37,41.53,41.13,41.37,27800
MCM,2021-06-23,41.37,41.94,41.05,41.21,21640
MCM,2021-06-24,41.13,41.13,40.32,40.41,52135
MCM,2021-06-25,40.57,40.73,40.32,40.32,24655
MCM,2021-06-28,40.32,40.49,40.32,40.32,29400
MCM,2021-06-29,40.32,40.73,40.32,40.41,25486
MCM,2021-06-30,40.41,40.49,40.16,40.41,33647
MCM,2021-07-01,40.41,40.73,40.32,40.65,31102
MCM,2021-07-02,40.65,40.81,40.49,40.49,18002
MCM,2021-07-05,40.57,40.57,39.68,39.68,51400
MCM,2021-07-06,39.92,40.08,39.12,39.12,39800
MCM,2021-07-07,39.12,39.12,38.07,38.31,63110
MCM,2021-07-08,39.2,39.2,38.31,38.47,12840
MCM,2021-07-09,38.07,38.15,37.18,37.5,40992
MCM,2021-07-12,37.1,37.1,33.87,35.49,77347
MCM,2021-07-13,35.89,37.74,35.89,36.21,16300
MCM,2021-07-14,36.45,36.45,35.81,35.89,14700
MCM,2021-07-15,36.53,37.1,36.29,37.1,12510
MCM,2021-07-16,37.1,39.36,36.62,38.15,10673
MCM,2021-07-19,37.91,37.91,34.76,36.78,21846
MCM,2021-07-20,36.37,36.94,36.13,36.94,34400
MCM,2021-07-21,37.1,39.52,37.1,38.47,81200
MCM,2021-07-22,38.63,39.2,38.31,38.79,51383
MCM,2021-07-23,38.31,38.87,37.91,37.91,16119
MCM,2021-07-26,37.5,38.39,37.1,37.66,47005
MCM,2021-07-27,37.58,42.74,37.58,38.31,10420
MCM,2021-07-28,39.6,39.6,37.99,38.31,33100
MCM,2021-07-29,39.03,39.03,38.07,38.39,11005
MCM,2021-07-30,39.03,39.03,37.66,38.23,12297
MCM,2021-08-02,39.03,39.03,37.91,38.23,30122
MCM,2021-08-03,38.55,38.55,38.07,38.31,7655
MCM,2021-08-04,38.15,38.15,37.82,37.99,20500
MCM,2021-08-05,38.07,38.63,37.82,37.99,27210
MCM,2021-08-06,38.07,39.12,38.07,38.71,62474
MCM,2021-08-09,38.71,39.52,38.71,39.44,47749
MCM,2021-08-10,40.32,40.32,38.71,40.08,79154
MCM,2021-08-11,40.08,41.45,39.52,41.29,156506
MCM,2021-08-12,40.73,41.7,40.73,41.53,116203
MCM,2021-08-13,41.45,41.78,40.89,41.78,90420
MCM,2021-08-16,41.29,43.79,41.29,43.71,143526
MCM,2021-08-17,43.79,45.41,43.79,45.16,128190
MCM,2021-08-18,44.76,45.16,42.91,44.03,76106
MCM,2021-08-19,44.36,44.36,43.47,43.95,44029
MCM,2021-08-20,43.55,44.2,41.45,41.53,149810
MCM,2021-08-23,41.13,41.94,41.13,41.53,57070
MCM,2021-08-24,41.94,41.94,41.37,41.86,22400
MCM,2021-08-25,41.86,43.39,41.7,43.15,47731
MCM,2021-08-26,43.15,43.55,42.34,42.66,19505
MCM,2021-08-27,42.66,43.95,42.5,43.95,98500
MCM,2021-08-30,44.12,44.2,43.55,43.95,37014
MCM,2021-08-31,43.71,44.36,43.47,44.2,63837
MCM,2021-09-01,44.2,44.2,43.55,43.79,25012
MCM,2021-09-06,43.79,43.79,43.15,43.39,33603
MCM,2021-09-07,42.99,43.31,42.18,42.66,43625
MCM,2021-09-08,44.28,44.28,42.74,43.31,34621
MCM,2021-09-09,43.39,43.47,42.74,43.15,38341
MCM,2021-09-10,43.79,43.79,42.99,43.15,14900
MCM,2021-09-13,43.15,45.57,43.07,44.92,112018
MCM,2021-09-14,45.24,47.34,45.16,47.02,170646
MCM,2021-09-15,47.18,49.6,47.18,48.79,215496
MCM,2021-09-16,49.6,49.6,47.99,48.39,201806
MCM,2021-09-17,48.39,48.39,46.86,48.23,138390
MCM,2021-09-20,48.39,48.39,47.18,47.42,86654
MCM,2021-09-21,47.18,47.18,46.05,46.78,78052
MCM,2021-09-22,46.78,48.95,46.78,48.39,264725
MCM,2021-09-23,48.79,48.79,47.91,47.91,126704
MCM,2021-09-24,47.99,48.39,47.83,47.99,42116
MCM,2021-09-27,47.99,47.99,46.78,47.18,79501
MCM,2021-09-28,45.57,48.47,45.57,47.99,103300
MCM,2021-09-29,47.99,48.55,45.81,48.47,143425
MCM,2021-09-30,48.63,50.73,48.55,50.73,366419
MCM,2021-10-01,50.49,53.23,50.49,52.1,238118
MCM,2021-10-04,53.23,55.25,52.83,54.76,607162
MCM,2021-10-05,54.76,54.76,52.66,53.23,405110
MCM,2021-10-06,53.23,53.63,52.83,52.99,161349
MCM,2021-10-07,53.15,54.84,52.74,54.44,236520
MCM,2021-10-08,54.44,55.08,54.28,54.76,333006
MCM,2021-10-11,55.0,56.62,55.0,55.65,370594
MCM,2021-10-12,55.65,56.05,55.41,55.49,242044
MCM,2021-10-13,55.65,55.65,54.84,55.08,115000
MCM,2021-10-14,55.08,55.65,54.92,55.0,102650
MCM,2021-10-15,55.0,55.41,54.84,55.25,139000
MCM,2021-10-18,55.65,55.65,54.84,55.16,132233
MCM,2021-10-19,55.25,56.37,54.84,55.97,458050
MCM,2021-10-20,56.29,56.29,55.57,55.81,228000
MCM,2021-10-21,56.37,56.37,55.25,55.57,125518
MCM,2021-10-22,55.41,55.41,54.36,54.6,201284
MCM,2021-10-25,54.6,54.84,53.39,54.68,86767
MCM,2021-10-26,54.68,54.68,53.47,53.87,82996
MCM,2021-10-27,53.79,53.87,53.31,53.71,138701
MCM,2021-10-28,53.71,54.44,52.1,52.34,241200
MCM,2021-10-29,52.26,52.42,51.62,52.42,163846
MCM,2021-11-01,54.44,54.44,52.83,52.83,120096
MCM,2021-11-02,53.47,53.47,52.58,52.74,97200
MCM,2021-11-03,52.5,52.5,52.02,52.1,144243
MCM,2021-11-04,52.42,52.42,51.7,52.26,114648
MCM,2021-11-05,52.26,52.26,51.05,51.54,182300
MCM,2021-11-08,51.62,51.62,50.65,51.05,139148
MCM,2021-11-09,51.13,51.94,51.05,51.86,85015
MCM,2021-11-10,52.02,52.02,50.97,51.13,102376
MCM,2021-11-11,51.21,51.45,50.16,50.16,114660
MCM,2021-11-12,50.65,50.65,48.79,49.52,157321
MCM,2021-11-15,49.2,49.28,48.47,49.04,189250
MCM,2021-11-16,49.04,51.62,48.55,50.41,129710
MCM,2021-11-17,50.08,51.21,50.08,50.81,50700
MCM,2021-11-18,50.81,50.81,49.2,49.68,68909
MCM,2021-11-19,49.52,49.52,48.71,48.95,118511
MCM,2021-11-22,48.87,48.87,47.91,48.15,212325
MCM,2021-11-23,48.15,48.23,47.58,48.15,110400
MCM,2021-11-24,50.0,51.13,48.55,49.12,47670
MCM,2021-11-25,48.39,49.12,44.36,48.47,71473
MCM,2021-11-26,48.07,48.79,48.07,48.63,51801
MCM,2021-11-29,49.05,49.62,48.39,49.29,93625
MCM,2021-11-30,49.21,49.62,48.8,49.54,83600
MCM,2021-12-01,50.69,50.69,48.97,49.21,67700
MCM,2021-12-02,49.29,49.95,48.8,49.62,76200
MCM,2021-12-03,49.62,49.95,48.8,49.05,68582
MCM,2021-12-06,49.05,49.21,48.39,48.47,83500
MCM,2021-12-07,48.8,49.21,48.72,49.05,48400
MCM,2021-12-08,49.05,49.05,48.8,48.8,49563
MCM,2021-12-09,48.8,49.87,48.64,49.05,148318
MCM,2021-12-10,48.8,49.62,41.75,49.21,77901
MCM,2021-12-13,49.21,49.21,48.39,49.13,63515
MCM,2021-12-14,49.13,49.21,48.64,49.21,100450
MCM,2021-12-15,48.97,49.13,48.88,48.97,63125
MCM,2021-12-16,49.05,49.21,48.8,49.21,113320
MCM,2021-12-17,49.21,49.29,48.97,49.21,76459
MCM,2021-12-20,49.21,49.21,48.8,49.13,45088
MCM,2021-12-21,48.97,48.97,48.72,48.8,32942
MCM,2021-12-22,48.56,48.88,48.06,48.06,74572
MCM,2021-12-23,48.23,48.23,45.93,46.75,126005
MCM,2021-12-24,46.75,46.75,45.68,45.93,101451
MCM,2021-12-27,46.18,46.75,45.11,45.27,112357
MCM,2021-12-28,45.27,45.6,45.03,45.36,80550
MCM,2021-12-29,45.27,46.75,45.27,46.75,175000
MCM,2021-12-30,46.67,47.08,45.93,46.75,55900
MCM,2021-12-31,46.92,47.33,45.93,46.75,27700
MCM,2022-01-04,46.42,46.42,45.11,46.01,41700
MCM,2022-01-05,45.77,45.77,45.19,45.19,42863
MCM,2022-01-06,45.77,45.77,44.78,45.11,86425
MCM,2022-01-07,45.11,45.11,44.29,44.37,43300
MCM,2022-01-10,45.77,45.77,43.96,44.54,62200
MCM,2022-01-11,44.29,44.45,43.96,44.45,31747
MCM,2022-01-12,44.29,45.11,44.29,44.95,117900
MCM,2022-01-13,44.29,44.86,43.47,44.29,77312
MCM,2022-01-14,44.29,44.78,44.21,44.21,48109
MCM,2022-01-17,44.21,44.78,43.47,43.88,88400
MCM,2022-01-18,44.21,44.29,43.47,44.13,74810
MCM,2022-01-19,43.88,44.13,43.47,43.96,27400
MCM,2022-01-20,43.55,45.11,43.55,45.11,50800
MCM,2022-01-21,45.11,45.11,43.47,44.7,29909
MCM,2022-01-24,44.04,44.04,43.55,43.55,56000
MCM,2022-01-25,44.95,44.95,43.47,44.13,41680
MCM,2022-01-26,44.29,44.29,43.63,43.8,13500
MCM,2022-01-27,45.11,45.11,43.63,43.8,16472
MCM,2022-01-28,43.8,44.13,43.47,44.13,32581
MCM,2022-02-07,43.88,44.37,43.88,43.96,18000
MCM,2022-02-08,44.13,44.37,43.47,44.04,44752
MCM,2022-02-09,44.13,44.29,43.96,44.29,9800
MCM,2022-02-10,44.21,44.62,44.21,44.62,21500
MCM,2022-02-11,44.29,45.11,44.29,44.95,34960
MCM,2022-02-14,44.78,45.27,44.04,44.29,38900
MCM,2022-02-15,44.95,44.95,43.96,44.13,17291
MCM,2022-02-16,44.54,44.54,44.04,44.13,24800
MCM,2022-02-17,44.54,44.54,44.13,44.29,72500
MCM,2022-02-18,44.29,47.16,44.29,46.75,122460
MCM,2022-02-21,46.67,47.49,45.6,46.83,47900
MCM,2022-02-22,45.93,47.33,45.93,46.92,68130
MCM,2022-02-23,46.75,48.39,46.42,47.57,110812
MCM,2022-02-24,47.57,48.39,47.33,47.57,141602
MCM,2022-02-25,48.31,48.39,47.41,47.41,63000
MCM,2022-02-28,47.57,47.57,46.59,47.49,48200
MCM,2022-03-01,46.75,46.75,46.01,46.59,66700
MCM,2022-03-02,47.74,47.74,46.34,46.51,46400
MCM,2022-03-03,47.49,47.57,46.42,46.59,48400
MCM,2022-03-04,46.75,47.33,46.09,46.18,60400
MCM,2022-03-07,46.09,46.09,45.6,45.85,105720
MCM,2022-03-08,46.42,46.42,45.11,45.36,68400
MCM,2022-03-09,45.27,45.6,44.86,45.52,38610
MCM,2022-03-10,45.11,45.52,45.11,45.36,14857
MCM,2022-03-11,45.44,46.59,45.36,45.93,77700
MCM,2022-03-14,45.93,47.08,45.93,46.59,45968
MCM,2022-03-15,45.36,46.59,45.36,46.42,68428
MCM,2022-03-16,46.75,46.92,46.18,46.18,74328
MCM,2022-03-17,46.18,46.75,45.52,46.01,30724
MCM,2022-03-18,46.59,46.59,45.44,45.93,73145
MCM,2022-03-21,46.59,46.59,45.52,45.68,19400
MCM,2022-03-22,45.93,46.26,45.52,45.52,25119
MCM,2022-03-23,45.52,45.93,44.54,45.44,56100
MCM,2022-03-24,45.11,45.44,44.54,45.11,19736
MCM,2022-03-25,45.6,45.6,44.45,44.62,38600
MCM,2022-03-28,44.78,44.78,43.47,44.21,111460
MCM,2022-03-29,43.96,45.27,43.72,45.19,51584
MCM,2022-03-30,45.11,45.6,44.54,45.11,78900
MCM,2022-03-31,45.11,46.75,45.11,46.67,138102
MCM,2022-04-01,46.34,46.75,45.93,45.93,47140
MCM,2022-04-04,45.93,46.01,45.36,45.52,37060
MCM,2022-04-05,45.19,45.19,44.86,45.11,28799
MCM,2022-04-06,45.19,45.19,44.37,44.95,36900
MCM,2022-04-07,45.36,45.36,44.7,44.7,18161
MCM,2022-04-08,44.86,44.95,44.37,44.7,10430
MCM,2022-04-12,45.03,45.03,42.81,43.47,53666
MCM,2022-04-13,43.47,44.29,43.47,44.13,19410
MCM,2022-04-14,44.95,45.11,43.88,44.37,34815
MCM,2022-04-15,44.95,44.95,43.55,43.55,16200
MCM,2022-04-18,43.47,44.29,43.06,43.06,38000
MCM,2022-04-19,43.14,43.47,42.81,43.06,15300
MCM,2022-04-20,42.9,42.9,41.91,42.32,50200
MCM,2022-04-21,43.47,43.47,42.24,42.4,28301
MCM,2022-04-22,42.4,42.65,42.24,42.32,54400
MCM,2022-04-25,42.32,42.4,41.01,42.4,124700
MCM,2022-04-26,41.42,43.47,41.01,43.47,46560
MCM,2022-04-27,43.06,43.88,41.91,42.81,267643
MCM,2022-04-28,42.81,43.06,41.83,42.81,28600
MCM,2022-04-29,43.47,43.47,42.32,42.65,48200
MCM,2022-05-04,41.83,42.98,41.83,42.16,82200
MCM,2022-05-05,43.47,43.47,41.83,41.83,22413
MCM,2022-05-06,41.83,42.24,41.83,41.83,9600
MCM,2022-05-09,42.08,42.08,40.19,40.19,25605
MCM,2022-05-10,40.52,40.76,40.19,40.52,20700
MCM,2022-05-11,40.6,40.85,40.6,40.6,6800
MCM,2022-05-12,40.68,40.68,39.53,39.53,19130
MCM,2022-05-13,39.78,39.78,38.63,38.96,54800
MCM,2022-05-16,38.96,39.37,38.96,38.96,24600
MCM,2022-05-17,38.39,40.19,38.14,40.19,23900
MCM,2022-05-18,43.47,43.47,39.29,39.37,21841
MCM,2022-05-19,40.62,40.62,39.86,39.86,7600
MCM,2022-05-20,39.86,41.3,39.86,40.62,9200
MCM,2022-05-23,40.62,40.62,40.03,40.03,6800
MCM,2022-05-24,40.12,40.54,40.12,40.29,19700
MCM,2022-05-25,40.2,40.79,40.2,40.62,21000
MCM,2022-05-26,40.46,41.05,40.37,41.05,12400
MCM,2022-05-27,41.72,41.72,41.05,41.05,5934
MCM,2022-05-30,41.39,41.39,40.62,41.3,17000
MCM,2022-05-31,41.05,41.05,40.62,40.88,6800
MCM,2022-06-01,40.62,41.05,40.62,40.96,21440
MCM,2022-06-02,40.79,40.79,40.37,40.37,88600
MCM,2022-06-03,40.46,40.62,40.03,40.12,12925
MCM,2022-06-06,40.12,40.62,39.78,39.78,6000
MCM,2022-06-07,40.29,40.29,39.61,39.78,6832
MCM,2022-06-08,39.78,41.47,39.61,39.78,20925
MCM,2022-06-09,39.78,39.78,39.44,39.52,15000
MCM,2022-06-10,39.02,39.52,39.02,39.36,26250
MCM,2022-06-13,38.93,39.52,38.09,38.51,21076
MCM,2022-06-14,38.09,38.59,38.09,38.59,10800
MCM,2022-06-15,38.09,38.25,37.24,38.09,17710
MCM,2022-06-16,37.24,39.69,37.24,39.69,26500
MCM,2022-06-17,37.24,39.1,37.24,39.1,14800
MCM,2022-06-20,38.85,38.85,37.24,37.24,4300
MCM,2022-06-21,36.48,38.34,36.39,38.0,7536
MCM,2022-06-22,37.49,38.09,36.48,37.24,17318
MCM,2022-06-23,37.24,37.24,36.39,37.24,16400
MCM,2022-06-24,37.07,37.41,36.39,37.07,44306
MCM,2022-06-27,37.07,37.07,36.9,36.99,34200
MCM,2022-06-28,36.99,37.15,36.99,37.15,14324
MCM,2022-06-29,36.82,37.07,36.73,36.82,8200
MCM,2022-06-30,37.15,39.27,36.82,39.27,21200
MCM,2022-07-01,37.24,37.24,36.82,37.15,39526
MCM,2022-07-04,38.0,38.0,37.07,37.49,24750
MCM,2022-07-05,37.75,37.92,37.24,37.92,34110
MCM,2022-07-06,36.9,37.83,36.82,37.75,12125
MCM,2022-07-07,36.9,37.75,36.82,37.49,20100
MCM,2022-07-08,36.99,37.66,36.9,37.66,33900
MCM,2022-07-11,37.66,37.83,37.24,37.24,30831
MCM,2022-07-12,37.58,38.09,37.58,37.92,17404
MCM,2022-07-13,37.92,38.09,37.66,37.92,5400
MCM,2022-07-14,37.75,38.09,37.66,37.66,7010
MCM,2022-07-15,37.66,37.92,37.32,37.83,7700
MCM,2022-07-18,37.83,38.0,37.32,37.41,5700
MCM,2022-07-19,37.66,37.66,37.24,37.49,21000
MCM,2022-07-20,37.41,37.66,37.24,37.24,50800
MCM,2022-07-21,37.24,37.41,37.07,37.07,40600
MCM,2022-07-22,37.07,37.32,37.07,37.32,2900
MCM,2022-07-25,37.24,37.32,36.99,36.99,11100
MCM,2022-07-26,36.99,37.07,36.82,36.82,11900
MCM,2022-07-27,37.07,37.07,36.99,36.99,2320
MCM,2022-07-28,37.24,37.24,36.9,37.15,12000
MCM,2022-07-29,37.07,37.07,36.65,36.65,41230
MCM,2022-08-01,36.9,37.07,36.82,36.82,20700
MCM,2022-08-02,37.15,37.24,36.82,37.15,20700
MCM,2022-08-03,36.99,37.15,36.82,36.99,35300
MCM,2022-08-04,36.99,37.32,36.9,36.99,54300
MCM,2022-08-05,37.15,37.32,36.9,37.15,28103
MCM,2022-08-08,37.15,37.41,37.07,37.41,37700
MCM,2022-08-09,37.24,37.83,37.24,37.83,25000
MCM,2022-08-10,37.66,38.09,37.49,37.58,23500
MCM,2022-08-11,37.66,37.92,37.24,37.49,24400
MCM,2022-08-12,37.49,37.66,37.49,37.49,26103
MCM,2022-08-15,37.58,37.66,37.24,37.66,35700
MCM,2022-08-16,37.66,39.02,37.66,38.25,69638
MCM,2022-08-17,39.1,39.1,38.34,38.51,24418
MCM,2022-08-18,38.51,38.76,38.34,38.51,13400
MCM,2022-08-19,38.51,38.68,38.34,38.42,23320
MCM,2022-08-22,38.42,38.42,37.32,37.49,75836
MCM,2022-08-23,37.24,38.09,37.24,38.09,58600
MCM,2022-08-24,37.83,39.1,37.75,38.68,133000
MCM,2022-08-25,39.27,40.12,39.02,39.1,66286
MCM,2022-08-26,39.36,39.52,38.51,38.51,67700
MCM,2022-08-29,37.92,37.92,37.24,37.49,112326
MCM,2022-08-30,37.75,38.17,37.41,37.49,45737
MCM,2022-08-31,37.32,37.83,37.15,37.66,52560
MCM,2022-09-05,37.66,38.0,36.99,37.66,44703
MCM,2022-09-06,37.66,37.83,37.24,37.58,16200
MCM,2022-09-07,37.75,37.75,36.9,36.9,40100
MCM,2022-09-08,37.41,37.41,36.99,37.24,14400
MCM,2022-09-09,37.07,37.41,36.48,36.99,46600
MCM,2022-09-12,36.99,37.24,36.56,36.65,25627
MCM,2022-09-13,36.65,36.82,36.65,36.73,15640
MCM,2022-09-14,36.39,36.73,36.39,36.65,27050
MCM,2022-09-15,36.48,37.15,36.39,36.48,30374
MCM,2022-09-16,36.39,36.82,36.22,36.39,34612
MCM,2022-09-19,36.39,36.39,34.78,35.38,78425
MCM,2022-09-20,35.55,35.97,35.55,35.97,16008
MCM,2022-09-21,35.97,35.97,35.55,35.63,19050
MCM,2022-09-22,35.8,35.97,35.63,35.97,29700
MCM,2022-09-23,36.05,36.05,35.8,35.8,8226
MCM,2022-09-26,35.55,35.55,34.45,35.04,35053
MCM,2022-09-27,34.7,35.12,34.62,35.12,23600
MCM,2022-09-28,34.28,34.36,33.85,33.94,28200
MCM,2022-09-29,34.11,34.28,33.85,33.85,16000
MCM,2022-09-30,33.85,33.85,33.01,33.6,24800
MCM,2022-10-03,33.68,33.68,32.16,32.84,6820
MCM,2022-10-04,33.01,33.01,32.16,32.58,12500
MCM,2022-10-05,33.01,33.35,33.01,33.01,10404
MCM,2022-10-06,33.01,33.01,32.16,32.16,8200
MCM,2022-10-07,32.16,32.16,30.55,31.06,12425
MCM,2022-10-10,29.71,31.48,29.71,31.48,21147
MCM,2022-10-11,30.55,31.31,30.38,30.47,17744
MCM,2022-10-12,29.79,31.23,29.79,30.89,13000
MCM,2022-10-13,30.64,31.31,30.64,31.31,16100
MCM,2022-10-14,31.31,31.91,31.23,31.91,13000
MCM,2022-10-17,31.31,32.58,31.31,32.58,8753
MCM,2022-10-18,31.74,32.42,31.65,32.16,15942
MCM,2022-10-19,32.58,32.58,31.99,32.08,20287
MCM,2022-10-20,32.5,32.5,31.31,32.16,3400
MCM,2022-10-21,31.31,32.16,30.81,30.81,7535
MCM,2022-10-24,30.89,31.15,29.54,29.88,57896
MCM,2022-10-25,30.05,30.47,27.93,30.05,31500
MCM,2022-10-26,29.62,32.16,29.62,32.08,89100
MCM,2022-10-27,30.05,30.89,30.05,30.89,45300
MCM,2022-10-28,30.89,30.89,30.72,30.89,61400
MCM,2022-10-31,30.89,30.89,30.05,30.47,29727
MCM,2022-11-01,30.47,32.08,30.38,31.91,172105
MCM,2022-11-02,31.91,31.99,31.31,31.91,16020
MCM,2022-11-03,31.31,31.99,31.31,31.74,31717
MCM,2022-11-04,31.65,31.91,30.38,31.31,79700
MCM,2022-11-07,31.15,32.25,31.15,31.31,74730
MCM,2022-11-08,31.65,32.42,31.65,32.33,85723
MCM,2022-11-09,31.31,33.85,31.31,33.43,87300
MCM,2022-11-10,32.58,33.01,31.65,32.58,21700
MCM,2022-11-11,32.58,33.43,31.82,33.01,18149
MCM,2022-11-14,33.01,33.01,31.31,32.25,43418
MCM,2022-11-15,26.91,31.57,26.91,30.38,83900
MCM,2022-11-16,30.64,32.16,29.79,32.08,39599
MCM,2022-11-17,32.08,32.58,31.4,32.58,40100
MCM,2022-11-18,31.99,32.75,31.65,32.42,12217
MCM,2022-11-21,32.16,32.92,31.91,31.91,15875
MCM,2022-11-22,32.16,32.25,31.57,32.16,9918
MCM,2022-11-23,32.08,32.16,31.91,32.08,35210
MCM,2022-11-24,32.08,32.16,31.91,32.08,4800
MCM,2022-11-25,31.99,32.25,31.91,32.16,39053
MCM,2022-11-28,32.84,33.01,32.16,32.16,29100
MCM,2022-11-29,32.41,33.02,31.37,32.59,8800
MCM,2022-11-30,33.02,33.46,32.59,33.02,28530
MCM,2022-12-01,33.2,33.28,32.68,32.68,35903
MCM,2022-12-02,32.68,33.28,32.33,33.2,19638
MCM,2022-12-05,32.41,33.89,32.41,33.37,11400
MCM,2022-12-06,32.94,32.94,32.33,32.33,17007
MCM,2022-12-07,32.85,32.85,32.33,32.41,7103
MCM,2022-12-08,32.41,32.94,32.41,32.5,19500
MCM,2022-12-09,32.5,32.59,32.33,32.41,12600
MCM,2022-12-12,32.41,32.85,31.98,31.98,32000
MCM,2022-12-13,32.15,32.24,31.81,32.15,79203
MCM,2022-12-14,32.15,32.59,32.15,32.33,57600
MCM,2022-12-15,31.29,32.76,31.29,32.59,44008
MCM,2022-12-16,32.15,32.85,32.15,32.59,15000
MCM,2022-12-19,32.59,32.68,32.33,32.59,33700
MCM,2022-12-20,32.5,33.02,31.29,32.59,92800
MCM,2022-12-21,32.59,34.59,32.59,33.81,100489
MCM,2022-12-22,33.11,33.89,33.11,33.72,84221
MCM,2022-12-23,34.07,34.33,33.2,33.72,81100
MCM,2022-12-26,33.72,34.07,33.28,33.89,50800
MCM,2022-12-27,33.81,34.07,33.46,34.07,113690
MCM,2022-12-28,34.24,35.46,33.98,34.76,89420
MCM,2022-12-29,35.46,36.33,34.59,35.8,70341
MCM,2022-12-30,36.06,37.37,36.06,36.67,113885
MCM,2023-01-03,37.19,37.19,35.2,35.37,42120
MCM,2023-01-04,35.2,36.15,35.02,35.37,12055
MCM,2023-01-05,34.41,35.54,34.41,35.54,20260
MCM,2023-01-06,35.11,35.98,34.76,35.37,30100
MCM,2023-01-09,35.54,35.89,34.76,35.54,43060
MCM,2023-01-10,34.93,35.28,34.76,34.76,5112
MCM,2023-01-11,35.54,35.54,32.24,34.15,56803
MCM,2023-01-12,33.63,34.67,33.63,33.89,6090
MCM,2023-01-13,33.54,34.24,33.54,34.07,12392
MCM,2023-01-16,33.81,34.07,33.02,33.02,27400
MCM,2023-01-17,33.89,33.89,33.02,33.37,53838
MCM,2023-01-18,33.63,34.41,33.46,33.89,18641
MCM,2023-01-19,33.89,34.41,33.46,34.15,12227
MCM,2023-01-27,34.15,34.15,32.59,33.28,41000
MCM,2023-01-30,33.89,34.15,33.46,33.89,29700
MCM,2023-01-31,33.28,33.89,33.02,33.37,36600
MCM,2023-02-01,33.28,33.72,33.02,33.02,18900
MCM,2023-02-02,33.02,33.72,32.59,33.02,18021
MCM,2023-02-03,32.94,33.28,32.68,32.68,11130
MCM,2023-02-06,32.33,33.2,32.33,33.2,3000
MCM,2023-02-07,33.02,33.2,32.85,33.02,14500
MCM,2023-02-08,32.85,33.2,32.76,33.02,11200
MCM,2023-02-09,33.02,33.11,32.94,33.02,2901
MCM,2023-02-10,33.02,33.11,32.94,33.02,9600
MCM,2023-02-13,32.94,33.11,32.68,33.02,43200
MCM,2023-02-14,33.02,33.02,32.76,32.85,4603
MCM,2023-02-15,33.02,33.02,32.68,33.02,14100
MCM,2023-02-16,33.02,33.02,32.41,33.02,6900
MCM,2023-02-17,33.46,33.46,32.59,33.02,2300
MCM,2023-02-20,33.11,33.37,33.02,33.37,26600
MCM,2023-02-21,33.2,33.28,32.15,33.28,12855
MCM,2023-02-22,32.41,33.02,31.29,32.94,10400
MCM,2023-02-23,32.5,32.94,32.24,32.33,7500
MCM,2023-02-24,32.41,32.94,32.15,32.5,7200
MCM,2023-02-27,32.15,32.59,32.07,32.07,7550
MCM,2023-02-28,32.15,32.24,32.07,32.15,2900
MCM,2023-03-01,32.15,32.41,32.15,32.24,12718
MCM,2023-03-02,32.94,32.94,32.15,32.59,15222
MCM,2023-03-03,32.85,32.85,32.15,32.24,3800
MCM,2023-03-06,32.41,32.85,32.41,32.59,4140
MCM,2023-03-07,32.59,32.59,32.15,32.41,11953
MCM,2023-03-08,32.33,32.5,32.15,32.15,26000
MCM,2023-03-09,32.33,33.2,32.15,32.5,53870
MCM,2023-03-10,32.24,32.59,32.24,32.59,5500
MCM,2023-03-13,32.15,32.33,32.15,32.33,5901
MCM,2023-03-14,32.24,32.5,31.98,32.07,4202
MCM,2023-03-15,32.07,32.33,32.07,32.33,6300
MCM,2023-03-16,32.24,32.24,31.81,32.15,5700
MCM,2023-03-17,32.07,32.15,32.07,32.15,5000
MCM,2023-03-20,31.98,32.07,31.81,31.89,5106
MCM,2023-03-21,32.15,32.24,31.89,32.24,7237
MCM,2023-03-22,32.07,32.5,31.72,32.5,40517
MCM,2023-03-23,32.15,32.33,32.15,32.33,4809
MCM,2023-03-24,32.15,32.24,32.15,32.24,6412
MCM,2023-03-27,32.33,32.33,32.15,32.33,5907
MCM,2023-03-28,32.15,32.33,31.98,32.33,12500
MCM,2023-03-29,32.33,32.59,32.33,32.41,23427
MCM,2023-03-30,32.33,32.5,32.15,32.5,24720
MCM,2023-03-31,32.59,33.02,32.33,32.41,6600
MCM,2023-04-03,32.59,32.59,32.41,32.5,24201
MCM,2023-04-04,32.59,32.76,32.5,32.68,20540
MCM,2023-04-05,32.68,33.02,32.59,32.59,26160
MCM,2023-04-06,32.59,33.11,28.68,32.15,107520
MCM,2023-04-07,33.02,33.02,32.5,32.5,9850
MCM,2023-04-10,32.15,32.59,32.15,32.33,23637
MCM,2023-04-11,32.15,32.41,32.15,32.33,25500
MCM,2023-04-12,32.41,32.59,32.15,32.41,3030
MCM,2023-04-13,32.41,32.41,31.89,31.89,39300
MCM,2023-04-14,31.89,32.15,31.81,31.89,20800
MCM,2023-04-17,31.98,31.98,31.72,31.81,22110
MCM,2023-04-18,32.15,32.15,31.89,32.07,10700
MCM,2023-04-19,31.98,32.15,31.98,31.98,10015
MCM,2023-04-20,31.98,32.15,31.89,32.15,18900
MCM,2023-04-21,32.15,32.33,31.98,32.07,10151
MCM,2023-04-24,32.33,32.59,31.98,32.24,14520
MCM,2023-04-25,32.15,32.5,32.07,32.07,9600
MCM,2023-04-26,32.33,32.33,32.15,32.33,12467
MCM,2023-04-27,32.24,32.5,32.15,32.5,41350
MCM,2023-04-28,32.41,33.11,32.41,33.02,48610
MCM,2023-05-04,33.63,33.63,32.85,32.94,21611
MCM,2023-05-05,33.2,33.72,33.11,33.72,59926
MCM,2023-05-08,33.72,33.89,33.46,33.89,51635
MCM,2023-05-09,33.81,33.81,33.63,33.72,35900
MCM,2023-05-10,33.63,34.33,33.54,34.33,58700
MCM,2023-05-11,34.33,34.93,33.98,34.76,27948
MCM,2023-05-12,35.2,35.37,34.76,34.93,16909
MCM,2023-05-15,34.76,34.76,34.24,34.24,12950
MCM,2023-05-16,34.5,34.59,34.33,34.41,21415
MCM,2023-05-17,34.24,34.33,34.15,34.15,6649
MCM,2023-05-18,34.15,34.33,34.15,34.33,15397
MCM,2023-05-19,34.24,34.33,34.07,34.24,2625
MCM,2023-05-22,34.24,34.41,33.89,34.41,13350
MCM,2023-05-23,34.33,34.59,34.15,34.5,14526
MCM,2023-05-24,34.15,34.5,33.72,33.89,14810
MCM,2023-05-25,34.07,34.07,33.44,33.89,9550
MCM,2023-05-26,33.89,34.34,33.62,34.25,7918
MCM,2023-05-29,33.44,34.07,33.27,33.8,6300
MCM,2023-05-30,34.25,34.25,33.62,33.89,9570
MCM,2023-05-31,33.89,34.16,33.8,33.8,9585
MCM,2023-06-01,33.8,33.89,33.62,33.71,20203
MCM,2023-06-02,33.71,33.89,33.53,33.89,17593
MCM,2023-06-05,33.8,33.89,33.71,33.71,12420
MCM,2023-06-06,33.71,33.89,33.62,33.8,9335
MCM,2023-06-07,33.71,33.8,33.44,33.62,13860
MCM,2023-06-08,33.8,33.89,33.53,33.8,49735
MCM,2023-06-09,33.8,34.34,33.8,34.34,106800
MCM,2023-06-12,34.34,35.5,34.34,34.87,83921
MCM,2023-06-13,34.96,35.14,34.69,34.87,23300
MCM,2023-06-14,34.87,34.96,34.16,34.16,33831
MCM,2023-06-15,34.34,34.6,34.16,34.6,17909
MCM,2023-06-16,34.25,34.43,34.25,34.25,28000
MCM,2023-06-19,34.16,34.25,34.07,34.25,19426
MCM,2023-06-20,34.34,34.34,34.16,34.16,27148
MCM,2023-06-21,34.52,34.52,34.07,34.16,31749
MCM,2023-06-22,34.16,34.34,34.16,34.16,29400
MCM,2023-06-23,34.16,34.78,34.16,34.78,30134
MCM,2023-06-26,34.16,34.78,34.16,34.52,32434
MCM,2023-06-27,34.78,35.32,34.52,35.05,25526
MCM,2023-06-28,34.96,35.5,34.96,35.41,85200
MCM,2023-06-29,35.41,35.41,34.6,34.6,27607
MCM,2023-06-30,34.78,34.78,34.34,34.34,25005
MCM,2023-07-03,34.52,34.52,34.34,34.52,22200
MCM,2023-07-04,34.43,34.6,34.16,34.34,43000
MCM,2023-07-05,34.34,34.69,34.25,34.25,23900
MCM,2023-07-06,34.25,34.52,34.25,34.52,21400
MCM,2023-07-07,34.34,34.87,34.34,34.52,81800
MCM,2023-07-10,34.6,35.32,34.6,35.32,181469
MCM,2023-07-11,35.32,35.41,34.6,34.6,51001
MCM,2023-07-12,35.05,35.67,34.96,35.14,60806
MCM,2023-07-13,35.23,35.5,35.05,35.32,118500
MCM,2023-07-14,35.59,35.59,34.78,34.96,94863
MCM,2023-07-17,34.96,35.23,34.69,34.78,79135
MCM,2023-07-18,34.87,35.05,34.78,34.96,41260
MCM,2023-07-19,34.87,36.21,34.87,35.94,296381
MCM,2023-07-20,35.85,37.1,35.85,36.92,144210
MCM,2023-07-21,36.48,36.83,36.12,36.57,43340
MCM,2023-07-24,36.39,36.39,35.41,35.67,237300
MCM,2023-07-25,35.67,36.12,35.32,35.85,53038
MCM,2023-07-26,35.67,35.76,35.23,35.5,99050
MCM,2023-07-27,35.41,35.67,35.05,35.59,67101
MCM,2023-07-28,35.23,35.67,34.87,34.96,120991
MCM,2023-07-31,35.32,35.5,34.96,35.41,47950
MCM,2023-08-01,35.23,35.23,34.78,34.78,102800
MCM,2023-08-02,34.78,34.96,34.69,34.96,44110
MCM,2023-08-03,34.87,34.96,34.43,34.52,83107
MCM,2023-08-04,34.6,34.78,34.43,34.69,63604
MCM,2023-08-07,34.78,34.78,34.52,34.69,51401
MCM,2023-08-08,34.6,35.67,34.6,35.41,112122
MCM,2023-08-09,35.32,35.85,35.32,35.5,82340
MCM,2023-08-10,35.67,35.67,35.14,35.41,84426
MCM,2023-08-11,35.05,35.32,34.78,35.14,80724
MCM,2023-08-14,34.96,35.14,34.87,35.14,57312
MCM,2023-08-15,34.96,34.96,34.78,34.96,25189
MCM,2023-08-16,35.23,35.23,34.78,34.96,31474
MCM,2023-08-17,34.87,34.96,34.6,34.6,36558
MCM,2023-08-18,34.52,34.52,33.53,33.89,104805
MCM,2023-08-21,34.16,34.16,33.53,33.89,24108
MCM,2023-08-22,33.89,33.89,33.27,33.62,27207
MCM,2023-08-23,33.62,33.62,33.36,33.53,15952
MCM,2023-08-24,33.53,33.89,33.44,33.71,16217
MCM,2023-08-25,33.62,33.71,33.44,33.44,17310
MCM,2023-08-28,33.44,34.25,33.44,34.16,55237
MCM,2023-08-29,34.16,34.25,33.89,34.07,33300
MCM,2023-08-30,33.98,34.07,33.8,33.98,17200
MCM,2023-08-31,33.89,34.16,33.8,33.98,30810
MCM,2023-09-05,33.98,34.78,33.98,34.52,95150
MCM,2023-09-06,34.52,34.78,34.43,34.52,40754
MCM,2023-09-07,35.05,35.05,34.52,34.69,22610
MCM,2023-09-08,34.78,34.96,34.6,34.78,42440
MCM,2023-09-11,34.78,34.96,34.25,34.25,42855
MCM,2023-09-12,34.34,34.69,34.34,34.6,36650
MCM,2023-09-13,34.6,34.78,34.25,34.6,88100
MCM,2023-09-14,34.52,34.52,34.16,34.16,27136
MCM,2023-09-15,34.43,34.78,34.16,34.6,78900
MCM,2023-09-18,34.69,34.69,34.34,34.52,17803
MCM,2023-09-19,34.43,34.52,34.25,34.43,31503
MCM,2023-09-20,34.25,34.34,34.07,34.34,13000
MCM,2023-09-21,34.25,34.34,34.07,34.34,7000
MCM,2023-09-22,34.25,34.25,33.8,33.89,70479
MCM,2023-09-25,33.89,34.43,33.44,33.44,29500
MCM,2023-09-26,33.62,33.71,33.27,33.27,49050
MCM,2023-09-27,33.27,33.44,32.73,32.91,34508
MCM,2023-09-28,32.91,32.91,32.64,32.82,24005
MCM,2023-09-29,32.73,33.0,32.64,32.73,13950
MCM,2023-10-02,32.64,33.18,32.64,32.91,8251
MCM,2023-10-03,32.91,34.25,32.82,33.53,130158
MCM,2023-10-04,33.53,34.52,33.53,33.89,42589
MCM,2023-10-05,33.98,34.34,33.71,33.71,22652
MCM,2023-10-06,33.89,34.07,33.71,33.98,31900
MCM,2023-10-09,33.98,34.07,33.62,33.98,31500
MCM,2023-10-10,34.34,34.87,34.16,34.52,64813
MCM,2023-10-11,34.34,34.69,34.16,34.52,14484
MCM,2023-10-12,34.52,35.23,34.34,34.87,44767
MCM,2023-10-13,34.78,34.78,34.52,34.78,9319
MCM,2023-10-16,34.78,35.05,34.34,34.43,33809
MCM,2023-10-17,34.96,34.96,34.34,34.43,21810
MCM,2023-10-18,34.43,34.43,33.27,33.53,97074
MCM,2023-10-19,33.53,34.16,33.44,33.89,16250
MCM,2023-10-20,33.71,33.89,33.44,33.8,16110
MCM,2023-10-23,33.8,33.8,33.62,33.62,10468
MCM,2023-10-24,33.62,33.89,33.62,33.71,12110
MCM,2023-10-25,33.89,34.07,33.8,33.8,8955
MCM,2023-10-26,33.53,33.53,32.91,33.36,55144
MCM,2023-10-27,33.0,33.62,33.0,33.62,67390
MCM,2023-10-30,33.44,33.44,33.09,33.36,27611
MCM,2023-10-31,33.53,33.8,32.91,32.91,103100
MCM,2023-11-01,33.0,33.36,32.91,33.0,149490
MCM,2023-11-02,33.53,33.53,33.0,33.36,15984
MCM,2023-11-03,33.53,33.53,33.18,33.36,30240
MCM,2023-11-06,33.71,33.71,33.18,33.53,32800
MCM,2023-11-07,33.27,33.44,33.0,33.27,29550
MCM,2023-11-08,33.09,33.44,33.09,33.44,34405
MCM,2023-11-09,33.44,33.44,33.18,33.36,35100
MCM,2023-11-10,33.27,33.44,33.27,33.27,29710
MCM,2023-11-13,33.36,33.8,33.36,33.71,26065
MCM,2023-11-14,33.71,34.34,33.62,33.89,31790
MCM,2023-11-15,34.07,34.07,33.89,33.89,16405
MCM,2023-11-16,33.89,33.98,33.8,33.98,7398
MCM,2023-11-17,33.89,34.35,33.89,33.89,16716
MCM,2023-11-20,33.89,34.16,33.8,34.16,4500
MCM,2023-11-21,34.16,34.16,33.89,34.07,40234
MCM,2023-11-22,34.07,34.16,33.89,34.07,17200
MCM,2023-11-23,34.07,34.16,33.89,33.89,12908
MCM,2023-11-24,33.89,33.89,33.62,33.89,9256
MCM,2023-11-27,33.71,34.07,33.62,33.8,45877
MCM,2023-11-28,33.71,33.71,33.52,33.71,16300
MCM,2023-11-29,33.89,33.89,33.52,33.89,10101
MCM,2023-11-30,33.8,34.16,33.52,33.8,31850
MCM,2023-12-01,33.8,33.98,33.52,33.8,10250
MCM,2023-12-04,33.62,34.81,33.52,34.81,53420
MCM,2023-12-05,34.81,34.81,34.16,34.26,38174
MCM,2023-12-06,34.62,34.62,34.07,34.26,18170
MCM,2023-12-07,34.26,34.44,33.71,34.26,42116
MCM,2023-12-08,34.16,34.16,33.8,33.8,43132
MCM,2023-12-11,33.8,34.26,33.8,33.98,25951
MCM,2023-12-12,33.89,34.16,33.89,33.98,19858
MCM,2023-12-13,33.98,34.16,33.89,33.98,13111
MCM,2023-12-14,33.98,34.07,33.8,33.8,15354
MCM,2023-12-15,33.8,33.89,33.71,33.8,10652
MCM,2023-12-18,33.8,33.8,33.43,33.62,25950
MCM,2023-12-19,33.62,33.71,33.43,33.62,4150
MCM,2023-12-20,33.43,33.71,33.43,33.62,7955
MCM,2023-12-21,33.52,33.8,33.52,33.8,11593
MCM,2023-12-22,33.71,33.89,33.52,33.62,9360
MCM,2023-12-25,33.89,33.89,33.71,33.71,55108
MCM,2023-12-26,33.89,33.89,33.8,33.89,11779
MCM,2023-12-27,33.89,33.89,33.71,33.8,10651
MCM,2023-12-28,33.8,33.98,33.8,33.89,12171
MCM,2023-12-29,33.89,33.89,33.71,33.89,26350
MCM,2024-01-02,33.8,34.26,33.8,33.89,35451
MCM,2024-01-03,33.98,34.16,33.89,34.16,24611
MCM,2024-01-04,34.07,34.26,33.98,34.16,24382
MCM,2024-01-05,34.07,34.07,33.89,34.07,19600
MCM,2024-01-08,33.98,34.07,33.52,34.07,39729
MCM,2024-01-09,33.89,34.07,33.89,34.07,32950
MCM,2024-01-10,34.07,34.07,33.89,34.07,25663
MCM,2024-01-11,33.89,34.35,33.89,34.16,55047
MCM,2024-01-12,34.16,34.16,33.8,33.89,19901
MCM,2024-01-15,33.89,33.89,33.71,33.8,18260
MCM,2024-01-16,34.07,34.07,33.71,33.8,6911
MCM,2024-01-17,33.62,34.16,33.62,33.89,10250
MCM,2024-01-18,33.8,33.98,33.8,33.8,7875
MCM,2024-01-19,34.07,34.16,33.8,34.16,29718
MCM,2024-01-22,34.07,34.53,34.07,34.53,68847
MCM,2024-01-23,34.62,34.9,34.44,34.81,45495
MCM,2024-01-24,34.81,36.64,34.81,35.72,84812
MCM,2024-01-25,35.81,35.91,35.36,35.63,15739
MCM,2024-01-26,35.72,35.91,35.63,35.81,16515
MCM,2024-01-29,35.81,36.0,35.36,35.72,13937
MCM,2024-01-30,36.0,36.0,35.63,35.72,6120
MCM,2024-01-31,35.54,35.91,35.54,35.63,30107
MCM,2024-02-01,35.54,36.64,35.45,36.45,65500
MCM,2024-02-02,36.55,39.84,36.55,38.01,249394
MCM,2024-02-05,37.55,38.47,37.55,38.29,21988
MCM,2024-02-06,38.47,38.47,38.01,38.29,34907
MCM,2024-02-07,38.47,39.75,38.47,39.02,71161
MCM,2024-02-15,39.2,39.39,38.93,38.93,23037
MCM,2024-02-16,38.56,39.48,38.47,39.11,75995
MCM,2024-02-19,39.29,39.39,38.84,38.93,67033
MCM,2024-02-20,39.02,39.2,38.01,38.93,65529
MCM,2024-02-21,38.56,38.93,38.47,38.84,23707
MCM,2024-02-22,38.74,39.39,38.65,39.39,52944
MCM,2024-02-23,39.39,40.12,38.65,38.93,111814
MCM,2024-02-26,39.02,39.2,38.47,39.02,16718
MCM,2024-02-27,39.2,39.2,38.56,39.02,24346
MCM,2024-02-28,39.84,39.84,38.65,38.93,19211
MCM,2024-02-29,39.66,39.66,38.47,38.47,31912
MCM,2024-03-01,39.29,44.24,39.29,40.67,288271
MCM,2024-03-04,40.67,41.03,40.03,40.3,56476
MCM,2024-03-05,40.12,40.12,39.39,39.57,59410
MCM,2024-03-06,39.39,39.94,39.2,39.57,47570
MCM,2024-03-07,39.2,39.75,39.2,39.48,37151
MCM,2024-03-08,39.39,39.39,39.2,39.39,24619
MCM,2024-03-11,39.2,39.84,38.47,39.2,40900
MCM,2024-03-12,38.74,39.39,38.29,38.74,22705
MCM,2024-03-13,38.47,39.11,38.2,38.84,43531
MCM,2024-03-14,39.11,39.2,38.74,39.02,23820
MCM,2024-03-15,38.93,38.93,38.38,38.65,19817
MCM,2024-03-18,37.92,42.59,37.92,39.2,117560
MCM,2024-03-19,40.12,40.12,38.93,39.2,10602
MCM,2024-03-20,39.2,39.39,38.93,39.2,19236
MCM,2024-03-21,38.74,39.39,38.74,39.11,21502
MCM,2024-03-22,38.93,39.2,38.65,39.02,11071
MCM,2024-03-25,38.56,38.74,38.29,38.56,62240
MCM,2024-03-26,38.65,38.74,38.56,38.74,16531
MCM,2024-03-27,38.74,38.84,38.56,38.56,18503
MCM,2024-03-28,38.56,38.93,38.47,38.93,18403
MCM,2024-03-29,38.65,38.84,38.47,38.84,18025
MCM,2024-04-01,38.56,38.65,38.47,38.47,23050
MCM,2024-04-02,38.47,38.65,38.01,38.56,35970
MCM,2024-04-03,38.47,38.47,38.01,38.29,29502
MCM,2024-04-04,38.1,38.29,37.37,37.46,139171
MCM,2024-04-05,37.19,37.55,36.91,36.91,41600
MCM,2024-04-08,36.91,37.19,36.64,36.64,53852
MCM,2024-04-09,36.82,36.82,36.18,36.55,88708
MCM,2024-04-10,36.36,36.36,35.91,36.09,34536
MCM,2024-04-11,35.72,36.27,35.72,36.18,10000
MCM,2024-04-12,36.18,36.64,36.18,36.55,66123
MCM,2024-04-15,36.55,36.64,36.09,36.09,23000
MCM,2024-04-16,36.64,36.64,35.26,35.91,61525
MCM,2024-04-17,35.91,36.36,35.72,35.72,28225
MCM,2024-04-19,35.72,35.72,35.08,35.17,34104
MCM,2024-04-22,35.08,35.26,34.53,35.17,77424
MCM,2024-04-23,34.9,35.26,34.62,34.62,14664
MCM,2024-04-24,35.36,35.36,34.53,34.71,38862
MCM,2024-04-25,35.26,35.26,34.44,34.62,10950
MCM,2024-04-26,35.26,35.26,34.71,34.81,14050
MCM,2024-05-02,34.81,35.26,34.81,35.08,17580
MCM,2024-05-03,35.08,35.17,34.81,34.81,9501
MCM,2024-05-06,35.26,35.26,34.81,34.99,40111
MCM,2024-05-07,35.17,36.55,35.17,36.09,75505
MCM,2024-05-08,36.09,36.09,35.72,35.81,13015
MCM,2024-05-09,36.0,36.0,35.45,35.72,30300
MCM,2024-05-10,35.72,36.45,35.72,36.18,38111
MCM,2024-05-13,36.18,36.45,36.18,36.27,16711
MCM,2024-05-14,36.27,36.27,36.0,36.18,7310
MCM,2024-05-15,36.18,36.64,36.18,36.55,46151
MCM,2024-05-16,36.55,36.64,36.45,36.64,29610
MCM,2024-05-17,37.74,37.74,36.64,36.73,19652
MCM,2024-05-20,36.64,36.73,36.45,36.64,26186
MCM,2024-05-21,36.18,36.55,35.72,36.45,11100
MCM,2024-05-22,36.55,36.73,36.18,36.73,34400
MCM,2024-05-23,36.73,36.82,36.45,36.82,19501
MCM,2024-05-24,37.77,37.77,35.7,36.73,59532
MCM,2024-05-27,37.58,42.09,37.58,41.05,279723
MCM,2024-05-28,41.15,46.97,41.15,46.97,840120
MCM,2024-05-29,47.07,49.32,45.0,45.47,471562
MCM,2024-05-30,45.09,45.09,41.62,43.59,378816
MCM,2024-05-31,43.21,44.62,43.21,43.5,137513
MCM,2024-06-03,43.59,43.97,43.4,43.59,178825
MCM,2024-06-04,43.68,44.06,42.74,43.31,190256
MCM,2024-06-05,42.74,45.56,42.74,44.91,453051
MCM,2024-06-06,44.53,45.94,44.53,45.09,262558
MCM,2024-06-07,44.34,48.38,44.34,47.16,634693
MCM,2024-06-10,47.44,49.23,46.69,46.69,432444
MCM,2024-06-11,47.07,47.07,44.44,45.56,374198
MCM,2024-06-12,45.56,46.31,44.15,44.44,221500
MCM,2024-06-13,44.72,45.66,44.25,45.09,250349
MCM,2024-06-25,45.56,45.56,41.34,41.34,386100
MCM,2024-06-26,42.09,42.09,39.08,39.55,218803
MCM,2024-06-27,39.46,39.46,38.05,38.38,190024
MCM,2024-06-28,38.66,39.83,38.33,38.38,136533
MCM,2024-07-01,38.14,38.38,37.72,38.14,98012
MCM,2024-07-02,38.89,38.99,38.14,38.94,94900
MCM,2024-07-03,38.99,39.41,38.52,38.99,61892
MCM,2024-07-04,39.17,39.32,38.52,38.89,82515
MCM,2024-07-05,38.99,39.93,38.52,38.99,104162
MCM,2024-07-08,38.99,39.08,38.14,38.24,121610
MCM,2024-07-09,38.7,38.7,38.19,38.52,139844
MCM,2024-07-10,38.52,38.52,37.95,38.33,184440
MCM,2024-07-11,38.19,38.28,37.72,37.77,110441
MCM,2024-07-12,37.77,37.77,37.15,37.44,117718
MCM,2024-07-15,37.44,39.93,37.44,38.19,188313
MCM,2024-07-16,38.19,38.19,37.44,37.44,61621
MCM,2024-07-17,37.58,37.67,36.5,36.64,121488
MCM,2024-07-18,36.64,36.83,36.17,36.5,92628
MCM,2024-07-19,36.45,36.5,36.03,36.17,41164
MCM,2024-07-22,36.17,36.17,35.23,35.32,114900
MCM,2024-07-23,35.28,35.42,34.15,34.15,179642
MCM,2024-07-24,34.52,34.76,34.15,34.67,31740
MCM,2024-07-25,34.71,34.71,34.34,34.52,25254
MCM,2024-07-26,34.43,34.95,34.43,34.52,35502
MCM,2024-07-29,34.52,35.04,34.52,34.99,47202
MCM,2024-07-30,35.42,35.42,35.04,35.37,27356
MCM,2024-07-31,35.42,37.58,35.37,36.92,104581
MCM,2024-08-01,37.2,37.2,34.95,35.37,51726
MCM,2024-08-02,35.37,35.37,34.76,34.9,65271
MCM,2024-08-05,35.09,35.09,34.01,34.01,144181
MCM,2024-08-06,34.38,34.71,34.01,34.71,77943
MCM,2024-08-07,35.23,35.28,34.67,34.81,24642
MCM,2024-08-08,34.81,35.23,34.71,35.04,67849
MCM,2024-08-09,34.99,35.23,34.76,35.23,41932
MCM,2024-08-12,35.13,35.7,35.13,35.42,10620
MCM,2024-08-13,35.51,35.65,34.9,35.51,32539
MCM,2024-08-14,35.46,35.56,35.13,35.13,18701
MCM,2024-08-15,35.13,35.56,35.13,35.42,33820
MCM,2024-08-16,35.42,35.65,35.13,35.51,59712
MCM,2024-08-19,35.56,36.97,35.56,36.92,81389
MCM,2024-08-20,37.01,37.01,36.17,36.68,40395
MCM,2024-08-21,36.64,36.73,36.07,36.45,26345
MCM,2024-08-22,36.5,36.5,35.84,35.98,15912
MCM,2024-08-23,35.98,36.07,35.79,35.93,19489
MCM,2024-08-26,35.79,35.84,35.51,35.79,37410
MCM,2024-08-27,36.03,36.03,35.37,35.7,24239
MCM,2024-08-28,35.7,35.79,35.51,35.51,32940
MCM,2024-08-29,35.51,35.7,35.42,35.6,22500
MCM,2024-08-30,35.6,35.65,35.23,35.6,22104
MCM,2024-09-04,35.6,35.6,35.23,35.51,20135
MCM,2024-09-05,35.51,35.51,35.23,35.23,14512
MCM,2024-09-06,35.23,35.32,35.23,35.23,21612
MCM,2024-09-09,34.95,35.51,34.67,34.67,45370
MCM,2024-09-10,34.95,35.23,34.01,34.62,37920
MCM,2024-09-11,34.62,34.62,34.29,34.29,34860
MCM,2024-09-12,34.48,34.76,34.43,34.71,22300
MCM,2024-09-13,34.95,34.95,34.52,34.76,9301
MCM,2024-09-16,34.76,34.76,34.29,34.52,55480
MCM,2024-09-17,34.29,34.57,34.24,34.48,35254
MCM,2024-09-18,34.76,34.76,34.52,34.62,8900
MCM,2024-09-19,34.62,34.62,34.29,34.57,29422
MCM,2024-09-20,34.76,34.76,34.38,34.52,30670
MCM,2024-09-23,34.76,34.76,34.2,34.2,31728
MCM,2024-09-24,34.24,34.76,34.2,34.48,46505
MCM,2024-09-25,34.67,34.76,34.57,34.71,32752
MCM,2024-09-26,34.71,35.04,34.67,35.04,33163
MCM,2024-09-27,35.23,35.23,34.85,34.95,27110
MCM,2024-09-30,35.42,36.12,34.95,34.95,95322
MCM,2024-10-01,35.04,35.13,34.9,34.95,16337
MCM,2024-10-02,35.23,35.23,34.67,34.95,9460
MCM,2024-10-03,34.67,34.85,34.57,34.85,16063
MCM,2024-10-04,34.76,34.76,34.48,34.48,18260
MCM,2024-10-07,34.62,34.76,34.52,34.57,23377
MCM,2024-10-08,34.57,34.57,34.48,34.52,10960
MCM,2024-10-09,34.85,35.51,34.29,34.57,27162
MCM,2024-10-10,34.76,34.76,34.48,34.48,7989
MCM,2024-10-11,34.52,34.62,34.1,34.43,45239
MCM,2024-10-14,34.43,34.57,34.38,34.57,23210
MCM,2024-10-15,34.71,34.71,34.29,34.34,40385
MCM,2024-10-16,34.29,34.57,34.15,34.52,19317
MCM,2024-10-17,34.34,34.67,34.34,34.67,5053
MCM,2024-10-18,34.48,34.48,34.29,34.38,25025
MCM,2024-10-21,34.15,34.38,34.15,34.38,24170
MCM,2024-10-22,34.38,34.38,34.1,34.24,22635
MCM,2024-10-23,34.24,34.24,34.01,34.24,15550
MCM,2024-10-24,34.2,34.29,33.82,33.96,53680
MCM,2024-10-25,33.91,34.24,33.87,34.01,12718
MCM,2024-10-28,34.05,34.05,33.96,34.01,16624
MCM,2024-10-29,34.01,34.01,33.82,33.91,27758
MCM,2024-10-30,34.01,34.2,33.91,34.01,25961
MCM,2024-10-31,33.91,34.2,33.82,34.01,25393
MCM,2024-11-01,34.1,34.1,33.73,33.82,20300
MCM,2024-11-04,33.82,33.96,33.73,33.82,16292
MCM,2024-11-05,33.58,33.91,33.49,33.82,8920
MCM,2024-11-06,33.91,34.05,33.82,33.91,29273
MCM,2024-11-07,33.91,34.1,33.63,33.82,31347
MCM,2024-11-08,33.91,34.1,33.87,33.96,86400
MCM,2024-11-11,34.01,34.57,34.01,34.1,33420
MCM,2024-11-12,34.24,34.34,34.1,34.1,23803
MCM,2024-11-13,34.1,34.2,33.63,33.91,32100
MCM,2024-11-14,34.11,34.11,33.62,33.72,32375
MCM,2024-11-15,33.72,33.72,33.24,33.24,24795
MCM,2024-11-18,35.27,35.27,33.24,33.53,135973
MCM,2024-11-19,33.58,33.82,33.43,33.53,3025
MCM,2024-11-20,33.53,33.77,33.04,33.33,14021
MCM,2024-11-21,33.24,33.38,33.09,33.38,4049
MCM,2024-11-22,33.38,33.38,33.14,33.33,2674
MCM,2024-11-25,33.43,33.62,33.14,33.14,6622
MCM,2024-11-26,33.14,33.43,33.04,33.09,7800
MCM,2024-11-27,33.09,33.24,33.09,33.14,2360
MCM,2024-11-28,33.14,33.33,33.04,33.14,5660
MCM,2024-11-29,33.04,33.24,30.82,32.85,29410
MCM,2024-12-02,32.85,33.24,32.17,33.19,2405
MCM,2024-12-03,32.42,33.14,32.37,32.8,34800
MCM,2024-12-04,32.75,32.75,32.46,32.66,11600
MCM,2024-12-05,32.66,32.66,32.51,32.66,15846
MCM,2024-12-06,32.66,32.66,32.37,32.42,19154
MCM,2024-12-09,32.56,32.8,32.51,32.75,19352
MCM,2024-12-10,32.85,32.85,32.42,32.46,23638
MCM,2024-12-11,32.42,32.51,32.37,32.46,12519
MCM,2024-12-12,32.46,32.56,32.46,32.46,11300
MCM,2024-12-13,32.46,34.73,32.37,33.43,54331
MCM,2024-12-16,33.72,34.2,33.48,33.53,24022
MCM,2024-12-17,33.53,33.53,33.43,33.48,54304
MCM,2024-12-18,33.43,33.62,33.43,33.48,5800
MCM,2024-12-19,33.48,33.53,32.85,33.43,16102
MCM,2024-12-20,33.43,33.53,33.33,33.43,10776
MCM,2024-12-23,33.43,33.72,33.43,33.67,6432
MCM,2024-12-24,33.0,33.67,33.0,33.53,2503
MCM,2024-12-25,33.53,33.82,33.53,33.77,41326
MCM,2024-12-26,33.67,33.91,33.62,33.67,70791
MCM,2024-12-27,33.67,34.06,33.62,33.82,258623
MCM,2024-12-30,33.91,34.01,33.72,33.72,17268
MCM,2024-12-31,33.72,33.72,33.14,33.14,12328
QNS,2020-01-02,16.61,16.67,16.31,16.61,411669
QNS,2020-01-03,16.49,17.17,16.49,16.92,43337
QNS,2020-01-06,16.92,16.92,16.49,16.61,54894
QNS,2020-01-07,16.61,16.61,16.43,16.55,66448
QNS,2020-01-08,16.49,16.49,16.31,16.37,120052
QNS,2020-01-09,16.31,16.49,16.31,16.43,72650
QNS,2020-01-10,16.37,16.61,16.37,16.55,115362
QNS,2020-01-13,16.49,16.8,16.49,16.67,64447
QNS,2020-01-14,16.61,16.67,16.49,16.61,38050
QNS,2020-01-15,16.61,16.67,16.55,16.61,105118
QNS,2020-01-16,16.61,16.67,16.55,16.61,145386
QNS,2020-01-17,16.61,16.61,16.49,16.49,101431
QNS,2020-01-20,16.61,16.67,16.43,16.61,67340
QNS,2020-01-21,16.61,16.67,16.55,16.61,98161
QNS,2020-01-22,16.74,17.17,16.67,17.04,67010
QNS,2020-01-30,16.92,17.23,16.86,16.92,90010
QNS,2020-01-31,16.98,16.98,16.8,16.92,206877
QNS,2020-02-03,16.74,16.74,16.18,16.61,131230
QNS,2020-02-04,16.61,16.86,16.49,16.86,261764
QNS,2020-02-05,16.74,17.17,16.74,17.11,224712
QNS,2020-02-06,17.04,17.6,17.04,17.35,321342
QNS,2020-02-07,17.54,17.54,17.35,17.47,140660
QNS,2020-02-10,17.54,17.66,17.47,17.47,117419
QNS,2020-02-11,17.47,17.54,17.41,17.41,157116
QNS,2020-02-12,17.47,17.97,17.47,17.91,358778
QNS,2020-02-13,17.97,18.52,17.84,18.15,254816
QNS,2020-02-14,18.15,18.21,18.15,18.15,199540
QNS,2020-02-17,18.15,18.15,17.84,18.03,320912
QNS,2020-02-18,18.03,18.03,17.66,17.78,151090
QNS,2020-02-19,17.84,17.84,17.66,17.78,170102
QNS,2020-02-20,17.85,17.98,17.34,17.59,76122
QNS,2020-02-21,17.59,17.85,17.34,17.34,197440
QNS,2020-02-24,17.27,17.27,16.7,16.76,224450
QNS,2020-02-25,16.7,17.02,16.51,16.89,41622
QNS,2020-02-26,16.89,16.89,16.76,16.76,60289
QNS,2020-02-27,16.83,16.83,16.57,16.64,49544
QNS,2020-02-28,16.64,16.7,16.45,16.57,96376
QNS,2020-03-02,16.45,16.51,16.19,16.25,182440
QNS,2020-03-03,16.32,16.38,16.13,16.25,141249
QNS,2020-03-04,16.25,16.25,16.13,16.25,88600
QNS,2020-03-05,16.38,16.96,16.38,16.83,101289
QNS,2020-03-06,16.76,16.83,16.57,16.76,38830
QNS,2020-03-09,16.7,16.7,15.74,15.81,266662
QNS,2020-03-10,15.87,15.87,15.55,15.68,135580
QNS,2020-03-11,15.94,16.45,15.55,15.62,293952
QNS,2020-03-12,15.94,15.94,15.23,15.43,177356
QNS,2020-03-13,15.23,15.43,14.98,15.43,232474
QNS,2020-03-16,15.17,15.23,14.98,15.04,385289
QNS,2020-03-17,14.98,14.98,14.34,14.41,291240
QNS,2020-03-18,14.34,14.66,14.28,14.34,203509
QNS,2020-03-19,14.41,14.41,14.02,14.02,261430
QNS,2020-03-20,14.02,14.34,13.96,14.21,401084
QNS,2020-03-23,14.21,14.21,12.75,12.75,573363
QNS,2020-03-24,12.75,13.39,12.75,13.32,491099
QNS,2020-03-25,13.32,14.21,13.32,14.15,586235
QNS,2020-03-26,14.15,15.36,14.02,14.41,472586
QNS,2020-03-27,14.92,14.92,14.15,14.6,123230
QNS,2020-03-30,14.02,14.41,13.77,14.21,83760
QNS,2020-03-31,14.02,14.53,14.02,14.28,277731
QNS,2020-04-01,14.15,14.79,14.15,14.79,173968
QNS,2020-04-03,14.79,15.43,14.79,15.36,487573
QNS,2020-04-06,15.43,16.0,15.43,15.87,366604
QNS,2020-04-07,16.06,16.13,15.68,15.74,273620
QNS,2020-04-08,15.68,15.68,15.43,15.68,269541
QNS,2020-04-09,15.62,15.87,15.62,15.87,251775
QNS,2020-04-10,15.87,15.94,15.81,15.81,169010
QNS,2020-04-13,15.3,15.87,15.3,15.74,291836
QNS,2020-04-14,15.87,15.87,15.36,15.43,502830
QNS,2020-04-15,15.62,15.68,15.36,15.49,695091
QNS,2020-04-16,15.42,15.63,15.15,15.22,256400
QNS,2020-04-17,15.22,15.97,15.22,15.7,331260
QNS,2020-04-20,15.63,15.83,15.56,15.7,136413
QNS,2020-04-21,15.76,15.76,15.29,15.29,228395
QNS,2020-04-22,15.42,15.42,15.02,15.29,260275
QNS,2020-04-23,15.36,15.42,15.29,15.42,34820
QNS,2020-04-24,15.42,15.49,15.29,15.49,124412
QNS,2020-04-27,15.49,15.76,15.42,15.56,236177
QNS,2020-04-28,15.56,15.63,15.49,15.56,76649
QNS,2020-04-29,15.56,15.7,15.49,15.56,156570
QNS,2020-05-04,15.63,15.63,15.22,15.49,205580
QNS,2020-05-05,15.56,15.56,15.15,15.42,127980
QNS,2020-05-06,15.29,15.56,15.29,15.42,163179
QNS,2020-05-07,15.42,15.49,15.36,15.42,77520
QNS,2020-05-08,15.42,15.7,15.42,15.63,408751
QNS,2020-05-11,15.7,15.9,15.63,15.76,360988
QNS,2020-05-12,15.83,15.83,15.7,15.83,310506
QNS,2020-05-13,15.76,16.04,15.76,15.97,430336
QNS,2020-05-14,15.97,16.17,15.97,16.1,323310
QNS,2020-05-15,16.1,16.24,15.97,16.04,198781
QNS,2020-05-18,15.97,16.04,15.9,15.97,316747
QNS,2020-05-19,16.17,16.44,15.97,16.31,853878
QNS,2020-05-20,16.44,16.44,16.17,16.24,300104
QNS,2020-05-21,16.31,16.51,16.24,16.51,338066
QNS,2020-05-22,16.31,16.58,16.24,16.58,469416
QNS,2020-05-25,16.51,17.33,16.44,17.26,557497
QNS,2020-05-26,17.12,17.94,17.12,17.8,389886
QNS,2020-05-27,17.8,17.8,17.33,17.33,431012
QNS,2020-05-28,17.33,17.6,17.33,17.46,312117
QNS,2020-05-29,17.53,17.6,17.26,17.53,236942
QNS,2020-06-01,17.46,17.8,17.46,17.73,176819
QNS,2020-06-02,17.73,18.01,17.67,17.73,231838
QNS,2020-06-03,17.67,17.73,17.6,17.67,118079
QNS,2020-06-04,17.67,17.67,17.53,17.67,128125
QNS,2020-06-05,17.6,17.73,17.53,17.73,203954
QNS,2020-06-08,17.73,17.87,17.6,17.73,320832
QNS,2020-06-09,17.8,18.01,17.67,18.01,484040
QNS,2020-06-10,18.01,18.21,17.87,18.01,478843
QNS,2020-06-11,18.01,18.21,17.8,18.07,529935
QNS,2020-06-12,17.87,18.14,17.46,18.01,438770
QNS,2020-06-15,17.8,18.07,17.67,18.01,330160
QNS,2020-06-16,18.14,18.55,18.01,18.41,436998
QNS,2020-06-17,18.41,18.41,18.28,18.41,116051
QNS,2020-06-18,18.41,18.48,18.35,18.35,79642
QNS,2020-06-19,18.41,18.55,18.35,18.55,283848
QNS,2020-06-22,18.48,18.89,18.48,18.82,261671
QNS,2020-06-23,18.89,19.84,18.89,19.77,767985
QNS,2020-06-24,19.77,21.54,19.77,20.66,873331
QNS,2020-06-25,20.79,20.79,19.71,20.25,237837
QNS,2020-06-26,20.11,20.79,20.11,20.25,359350
QNS,2020-06-29,19.71,20.18,19.3,19.37,303281
QNS,2020-06-30,19.71,20.04,19.64,19.71,265306
QNS,2020-07-01,18.96,20.04,18.96,19.91,1048006
QNS,2020-07-02,19.77,20.11,19.71,20.04,155980
QNS,2020-07-03,18.96,21.06,18.96,20.45,490647
QNS,2020-07-06,20.38,21.4,20.32,20.86,413867
QNS,2020-07-07,20.93,21.27,20.79,21.06,333656
QNS,2020-07-08,20.86,21.27,20.72,21.2,389765
QNS,2020-07-09,20.93,21.4,20.93,21.2,267230
QNS,2020-07-10,21.06,21.47,21.06,21.4,667093
QNS,2020-07-13,21.34,22.15,21.34,21.88,279943
QNS,2020-07-14,22.08,22.08,21.74,21.88,126518
QNS,2020-07-15,21.95,22.02,21.88,21.88,61606
QNS,2020-07-16,21.95,21.95,21.74,21.74,113672
QNS,2020-07-17,21.74,22.08,21.68,21.95,329681
QNS,2020-07-20,22.08,22.15,21.95,22.02,284757
QNS,2020-07-21,21.95,22.08,21.54,21.54,335070
QNS,2020-07-22,21.74,21.74,20.38,21.34,378900
QNS,2020-07-23,21.13,21.54,21.0,21.27,205741
QNS,2020-07-24,21.06,21.13,20.38,20.59,372455
QNS,2020-07-27,19.71,19.71,18.89,19.71,723552
QNS,2020-07-28,19.03,20.93,19.03,20.59,164270
QNS,2020-07-29,20.38,20.72,20.11,20.45,258878
QNS,2020-07-30,20.38,21.47,20.38,21.4,402425
QNS,2020-07-31,21.06,21.68,21.06,21.4,335985
QNS,2020-08-03,20.72,21.47,20.72,21.34,85170
QNS,2020-08-04,21.27,21.4,21.27,21.34,88325
QNS,2020-08-05,21.13,21.4,21.13,21.4,97276
QNS,2020-08-06,21.34,21.4,21.27,21.27,104418
QNS,2020-08-07,21.27,21.34,21.2,21.34,48420
QNS,2020-08-10,21.34,21.34,20.93,21.27,95742
QNS,2020-08-11,21.13,21.34,21.13,21.34,114104
QNS,2020-08-12,21.2,21.34,21.2,21.27,118231
QNS,2020-08-13,21.27,21.4,21.27,21.4,241047
QNS,2020-08-14,21.4,21.4,21.06,21.06,150219
QNS,2020-08-17,21.06,21.4,20.93,21.2,435578
QNS,2020-08-18,21.34,21.4,21.2,21.4,161017
QNS,2020-08-19,21.4,21.47,21.2,21.34,178800
QNS,2020-08-20,21.47,22.36,21.34,22.15,1086674
QNS,2020-08-21,22.22,22.49,22.22,22.29,260704
QNS,2020-08-24,22.42,22.97,22.42,22.83,236661
QNS,2020-08-25,22.83,23.1,22.42,22.97,792878
QNS,2020-08-26,23.1,23.71,22.9,23.58,542335
QNS,2020-08-27,23.31,25.01,23.31,24.87,563597
QNS,2020-08-28,24.87,25.41,24.8,24.94,496410
QNS,2020-08-31,25.01,25.01,24.12,24.26,235766
QNS,2020-09-01,24.26,24.26,23.44,23.85,282493
QNS,2020-09-03,23.92,23.92,23.58,23.78,258648
QNS,2020-09-04,23.78,23.92,23.51,23.85,359580
QNS,2020-09-07,23.85,23.85,23.44,23.44,248669
QNS,2020-09-08,23.37,23.51,23.3,23.37,251649
QNS,2020-09-09,23.09,23.44,22.68,23.23,297272
QNS,2020-09-10,23.37,23.92,23.37,23.51,158800
QNS,2020-09-11,23.37,23.37,23.09,23.09,118632
QNS,2020-09-14,23.09,24.82,23.02,23.09,100554
QNS,2020-09-15,23.16,23.16,22.75,22.96,260280
QNS,2020-09-16,23.02,23.3,22.89,23.16,325751
QNS,2020-09-17,23.09,23.78,23.09,23.64,362294
QNS,2020-09-18,23.64,23.78,23.3,23.44,158715
QNS,2020-09-21,23.37,23.44,23.16,23.23,155710
QNS,2020-09-22,23.02,23.16,22.89,23.02,139340
QNS,2020-09-23,23.16,23.16,22.75,23.02,340760
QNS,2020-09-24,23.02,23.71,23.02,23.44,415543
QNS,2020-09-25,23.51,23.51,23.23,23.37,96465
QNS,2020-09-28,23.37,23.37,22.89,23.23,134948
QNS,2020-09-29,23.16,23.23,22.96,23.09,112393
QNS,2020-09-30,23.02,23.37,22.89,23.16,95457
QNS,2020-10-01,23.16,23.37,23.09,23.3,336829
QNS,2020-10-02,23.3,24.13,23.3,23.64,969467
QNS,2020-10-05,23.64,23.92,23.64,23.92,321700
QNS,2020-10-06,23.99,24.13,23.78,23.85,243500
QNS,2020-10-07,23.85,23.85,23.51,23.51,395500
QNS,2020-10-08,23.51,23.71,23.02,23.44,463700
QNS,2020-10-09,23.09,23.51,23.09,23.44,157000
QNS,2020-10-12,23.3,23.37,22.75,23.3,408800
QNS,2020-10-13,23.09,23.09,22.96,23.02,202600
QNS,2020-10-14,22.75,23.02,22.54,22.82,197800
QNS,2020-10-15,22.82,22.82,22.47,22.61,263800
QNS,2020-10-16,22.61,22.68,22.33,22.54,132100
QNS,2020-10-19,22.4,22.4,21.99,22.13,218700
QNS,2020-10-20,21.92,22.06,21.92,21.92,168000
QNS,2020-10-21,21.78,22.2,21.71,22.13,76000
QNS,2020-10-22,22.06,22.2,22.06,22.2,52700
QNS,2020-10-23,22.2,22.33,22.2,22.33,85900
QNS,2020-10-26,22.33,22.4,22.06,22.13,92500
QNS,2020-10-27,22.2,22.2,21.92,22.06,70700
QNS,2020-10-28,21.85,22.2,21.71,21.92,83000
QNS,2020-10-29,21.51,22.06,21.51,21.92,37600
QNS,2020-10-30,21.92,22.06,21.71,21.92,56100
QNS,2020-11-02,21.85,22.06,21.71,21.78,40200
QNS,2020-11-03,21.78,21.85,21.37,21.78,274800
QNS,2020-11-04,21.71,21.78,21.65,21.78,23400
QNS,2020-11-05,21.99,22.2,21.92,21.99,138500
QNS,2020-11-06,22.06,22.54,21.99,22.54,281200
QNS,2020-11-09,22.33,22.75,22.33,22.54,219700
QNS,2020-11-10,22.75,22.82,22.54,22.61,114000
QNS,2020-11-11,22.75,23.3,22.54,23.23,443600
QNS,2020-11-12,23.09,23.85,23.09,23.51,335600
QNS,2020-11-13,23.64,23.64,23.23,23.37,197100
QNS,2020-11-16,23.44,23.51,23.23,23.3,172000
QNS,2020-11-17,23.23,23.71,23.09,23.58,258200
QNS,2020-11-18,23.51,23.92,23.44,23.85,350900
QNS,2020-11-19,23.78,23.92,23.64,23.78,208500
QNS,2020-11-20,23.85,23.92,23.58,23.85,164800
QNS,2020-11-23,23.78,23.85,23.51,23.85,159700
QNS,2020-11-24,23.85,24.26,23.85,24.06,278700
QNS,2020-11-25,24.13,24.26,23.85,24.13,155800
QNS,2020-11-26,24.13,24.13,23.92,23.99,81900
QNS,2020-11-27,24.06,24.13,23.85,24.06,111000
QNS,2020-11-30,24.06,24.82,23.99,24.47,308600
QNS,2020-12-01,24.47,24.47,23.99,24.2,141200
QNS,2020-12-02,23.99,24.47,23.99,24.33,185700
QNS,2020-12-03,24.26,24.54,24.2,24.47,318600
QNS,2020-12-04,24.47,24.82,24.33,24.82,345000
QNS,2020-12-07,24.68,24.95,24.61,24.95,249100
QNS,2020-12-08,25.09,25.92,24.89,25.85,797700
QNS,2020-12-09,25.51,26.54,25.51,26.33,324100
QNS,2020-12-10,26.26,26.33,25.64,25.85,226000
QNS,2020-12-11,25.51,25.85,25.23,25.85,153572
QNS,2020-12-14,25.64,26.4,25.44,26.06,257370
QNS,2020-12-15,26.06,26.4,25.85,26.33,312020
QNS,2020-12-16,26.2,26.47,26.2,26.4,169761
QNS,2020-12-17,26.4,26.4,26.2,26.33,264300
QNS,2020-12-18,26.26,26.47,26.26,26.33,156278
QNS,2020-12-21,26.47,27.16,26.47,27.09,350276
QNS,2020-12-22,27.23,27.92,27.23,27.64,429870
QNS,2020-12-23,27.78,27.78,26.82,27.16,318265
QNS,2020-12-24,27.02,27.3,25.57,27.23,370300
QNS,2020-12-25,27.16,27.16,26.54,26.61,187954
QNS,2020-12-28,26.88,26.88,26.54,26.68,123440
QNS,2020-12-29,26.68,27.02,26.54,26.88,90710
QNS,2020-12-30,26.88,27.3,26.82,27.02,336819
QNS,2020-12-31,26.54,27.16,26.54,27.09,179214
QNS,2021-01-04,27.02,27.57,27.02,27.5,346978
QNS,2021-01-05,28.26,28.26,27.44,27.99,558944
QNS,2021-01-06,27.92,28.06,27.64,27.92,411290
QNS,2021-01-07,27.85,27.92,27.71,27.78,218634
QNS,2021-01-08,27.78,27.85,27.23,27.44,312958
QNS,2021-01-11,27.5,27.57,27.23,27.23,199950
QNS,2021-01-12,27.23,28.13,27.16,28.06,427322
QNS,2021-01-13,28.06,28.06,27.57,27.78,313025
QNS,2021-01-14,27.78,27.78,27.23,27.64,252870
QNS,2021-01-15,27.64,27.85,27.37,27.5,283518
QNS,2021-01-18,28.95,28.95,27.5,27.64,174600
QNS,2021-01-19,27.64,27.64,26.26,27.16,303731
QNS,2021-01-20,26.88,27.57,26.61,27.16,218250
QNS,2021-01-21,27.37,27.37,26.88,27.16,125946
QNS,2021-01-22,27.16,27.44,27.02,27.02,130340
QNS,2021-01-25,27.16,27.16,26.88,26.88,126406
QNS,2021-01-26,26.88,26.95,26.47,26.75,156571
QNS,2021-01-27,26.2,26.47,25.57,25.92,224783
QNS,2021-01-28,25.92,25.92,23.09,23.64,330554
QNS,2021-01-29,23.78,25.44,23.78,25.09,144450
QNS,2021-02-01,25.3,25.3,24.33,24.54,96133
QNS,2021-02-02,24.61,25.16,24.54,24.82,125650
QNS,2021-02-03,24.82,25.85,24.61,25.64,113431
QNS,2021-02-04,25.51,26.26,25.51,26.2,116696
QNS,2021-02-05,25.78,26.47,25.71,26.2,78274
QNS,2021-02-08,26.2,26.26,25.51,25.64,109100
QNS,2021-02-09,25.64,26.13,25.57,26.13,68500
QNS,2021-02-17,26.2,27.92,26.2,27.57,300948
QNS,2021-02-18,27.57,27.92,27.3,27.44,126524
QNS,2021-02-19,27.5,28.68,27.23,28.26,989623
QNS,2021-02-22,28.33,29.64,28.26,29.23,1240463
QNS,2021-02-23,29.3,29.64,29.16,29.3,305033
QNS,2021-02-24,29.23,29.23,28.68,28.75,540666
QNS,2021-02-25,28.75,29.37,28.4,28.95,566723
QNS,2021-02-26,29.3,29.3,28.81,29.02,410304
QNS,2021-03-01,29.16,29.23,28.95,29.16,291094
QNS,2021-03-02,29.44,30.7,29.3,29.93,767055
QNS,2021-03-03,30.0,30.0,29.23,29.44,281255
QNS,2021-03-04,29.44,29.79,28.67,28.95,350631
QNS,2021-03-05,28.95,28.95,27.91,28.6,589007
QNS,2021-03-08,28.6,28.74,28.18,28.32,419875
QNS,2021-03-09,28.25,29.16,27.98,28.81,604261
QNS,2021-03-10,28.6,29.86,28.6,29.79,975091
QNS,2021-03-11,29.79,30.0,29.51,29.51,380192
QNS,2021-03-12,29.86,29.86,29.37,29.58,393306
QNS,2021-03-15,29.58,30.14,29.58,29.65,360062
QNS,2021-03-16,29.86,30.14,29.72,30.14,666084
QNS,2021-03-17,30.0,31.11,30.0,30.77,767521
QNS,2021-03-18,30.84,31.05,30.42,30.63,309890
QNS,2021-03-19,30.63,30.7,30.35,30.56,319629
QNS,2021-03-22,30.7,30.84,30.35,30.77,311295
QNS,2021-03-23,30.42,30.7,30.0,30.49,327712
QNS,2021-03-24,30.49,30.49,29.65,30.07,375697
QNS,2021-03-25,30.49,30.49,29.86,30.14,224367
QNS,2021-03-26,30.14,30.14,29.58,29.93,371823
QNS,2021-03-29,29.86,29.93,29.58,29.72,329037
QNS,2021-03-30,29.79,29.79,29.09,29.3,446710
QNS,2021-03-31,29.44,29.79,28.74,29.79,279500
QNS,2021-04-01,29.72,29.93,29.58,29.72,105277
QNS,2021-04-02,29.93,30.07,29.79,30.0,155765
QNS,2021-04-05,30.0,30.35,29.65,29.79,190774
QNS,2021-04-06,29.79,30.49,29.72,30.42,328041
QNS,2021-04-07,30.35,30.63,30.07,30.21,110960
QNS,2021-04-08,30.21,30.77,30.14,30.7,396520
QNS,2021-04-09,30.7,30.77,30.63,30.63,189119
QNS,2021-04-12,30.7,31.05,30.7,30.77,332260
QNS,2021-04-13,30.98,30.98,30.42,30.56,382030
QNS,2021-04-14,30.49,30.63,30.42,30.56,107149
QNS,2021-04-15,31.14,31.14,30.27,30.41,187981
QNS,2021-04-16,30.41,30.56,30.05,30.34,252058
QNS,2021-04-19,29.84,30.34,29.84,30.27,248813
QNS,2021-04-20,30.27,30.34,29.84,29.91,132331
QNS,2021-04-22,29.98,29.98,29.33,29.4,119508
QNS,2021-04-23,29.26,29.26,28.25,29.11,124402
QNS,2021-04-26,29.11,29.11,28.54,28.54,107310
QNS,2021-04-27,28.54,28.61,28.25,28.46,69900
QNS,2021-04-28,28.39,29.26,28.39,28.82,30714
QNS,2021-04-29,28.9,29.26,28.68,28.82,93480
QNS,2021-05-04,28.82,28.82,28.25,28.32,171420
QNS,2021-05-05,28.32,28.68,28.25,28.54,177295
QNS,2021-05-06,28.46,28.68,28.39,28.46,177100
QNS,2021-05-07,28.46,28.54,28.17,28.32,392882
QNS,2021-05-10,28.17,28.17,27.81,27.89,296572
QNS,2021-05-11,27.96,28.32,27.67,28.17,308252
QNS,2021-05-12,28.17,29.04,28.03,28.9,543402
QNS,2021-05-13,28.9,29.11,28.39,28.54,281905
QNS,2021-05-14,28.54,28.68,28.25,28.54,151210
QNS,2021-05-17,28.54,28.54,28.1,28.17,235382
QNS,2021-05-18,28.03,28.25,27.81,27.89,304044
QNS,2021-05-19,27.89,27.96,27.6,27.74,224900
QNS,2021-05-20,27.74,27.81,27.52,27.6,210747
QNS,2021-05-21,27.6,28.9,27.52,28.46,313800
QNS,2021-05-24,28.17,28.39,28.1,28.25,47000
QNS,2021-05-25,28.25,28.61,28.17,28.61,187051
QNS,2021-05-26,28.61,28.61,28.25,28.32,32224
QNS,2021-05-27,28.25,28.46,28.17,28.39,173031
QNS,2021-05-28,28.39,28.46,28.1,28.25,130056
QNS,2021-05-31,28.39,28.54,28.17,28.32,236507
QNS,2021-06-01,28.39,28.61,28.32,28.54,195279
QNS,2021-06-02,28.54,28.68,28.32,28.46,200462
QNS,2021-06-03,28.54,29.04,28.46,28.97,536645
QNS,2021-06-04,28.97,29.55,28.9,29.04,171074
QNS,2021-06-07,29.11,29.55,28.54,28.82,180241
QNS,2021-06-08,28.9,29.26,28.1,28.17,331918
QNS,2021-06-09,28.1,28.54,28.03,28.25,118660
QNS,2021-06-10,28.17,28.46,28.03,28.46,105216
QNS,2021-06-11,28.46,28.75,28.39,28.46,184109
QNS,2021-06-14,28.61,28.75,28.32,28.46,93422
QNS,2021-06-15,28.46,28.46,28.32,28.32,81562
QNS,2021-06-16,28.39,30.56,28.39,30.34,1578804
QNS,2021-06-17,30.34,30.99,29.98,30.92,595740
QNS,2021-06-18,31.06,32.08,30.85,31.14,453715
QNS,2021-06-21,31.57,31.57,30.41,30.56,1138748
QNS,2021-06-22,30.56,30.56,29.76,30.34,836347
QNS,2021-06-23,30.34,30.34,29.26,29.62,539551
QNS,2021-06-24,29.62,29.62,29.04,29.19,517719
QNS,2021-06-25,29.26,29.33,28.75,29.04,717688
QNS,2021-06-28,29.04,29.26,28.9,29.26,369401
QNS,2021-06-29,29.26,29.55,29.11,29.26,193500
QNS,2021-06-30,29.26,29.62,29.11,29.55,396902
QNS,2021-07-01,29.33,29.98,29.33,29.91,306446
QNS,2021-07-02,30.13,30.27,29.69,29.76,241514
QNS,2021-07-05,29.84,29.84,29.11,29.19,255100
QNS,2021-07-06,29.26,29.33,28.68,28.9,691197
QNS,2021-07-07,28.9,29.26,28.46,28.68,488718
QNS,2021-07-08,28.68,29.04,28.68,28.82,326080
QNS,2021-07-09,28.9,29.26,28.82,28.9,299458
QNS,2021-07-12,28.75,28.97,28.17,28.9,679319
QNS,2021-07-13,28.97,29.4,28.68,29.4,248697
QNS,2021-07-14,29.04,30.05,29.04,29.91,589867
QNS,2021-07-15,29.84,30.63,29.84,30.2,399522
QNS,2021-07-16,30.34,30.41,29.98,30.2,236186
QNS,2021-07-19,30.2,30.2,29.55,29.76,284307
QNS,2021-07-20,29.76,30.05,29.47,30.05,284782
QNS,2021-07-21,30.05,30.99,29.84,30.85,916794
QNS,2021-07-22,30.92,31.28,30.78,30.85,228560
QNS,2021-07-23,30.7,30.92,30.56,30.56,228970
QNS,2021-07-26,30.34,30.41,29.76,30.05,476353
QNS,2021-07-27,29.98,31.43,29.98,31.14,1227609
QNS,2021-07-28,31.06,31.64,30.85,30.99,418711
QNS,2021-07-29,31.06,31.35,30.7,31.21,433489
QNS,2021-07-30,31.21,31.64,30.85,31.06,563009
QNS,2021-08-02,31.06,32.44,30.85,32.08,1333787
QNS,2021-08-03,31.79,32.22,31.28,31.57,553526
QNS,2021-08-04,31.64,32.36,31.57,31.86,531994
QNS,2021-08-05,31.93,31.93,31.43,31.57,365017
QNS,2021-08-06,31.57,32.29,31.43,31.5,899941
QNS,2021-08-09,31.5,31.71,31.35,31.64,694225
QNS,2021-08-10,31.64,31.93,31.57,31.71,494612
QNS,2021-08-11,32.51,34.68,31.86,33.66,2327353
QNS,2021-08-12,33.66,34.68,33.59,33.88,736004
QNS,2021-08-13,33.95,33.95,33.01,33.81,777435
QNS,2021-08-16,33.81,34.68,33.81,34.39,1194977
QNS,2021-08-17,34.39,34.39,33.66,33.81,752049
QNS,2021-08-18,34.17,34.68,33.37,34.24,657173
QNS,2021-08-19,34.32,35.41,34.24,34.9,1984262
QNS,2021-08-20,34.97,35.05,33.59,33.88,1012336
QNS,2021-08-23,32.93,34.32,32.93,33.95,626587
QNS,2021-08-24,33.66,35.12,33.3,34.68,1046335
QNS,2021-08-25,34.68,35.34,34.61,35.34,1020373
QNS,2021-08-26,35.78,35.78,34.97,35.05,732476
QNS,2021-08-27,35.05,35.56,34.61,35.49,797210
QNS,2021-08-30,35.49,36.14,35.49,36.0,777432
QNS,2021-08-31,36.07,37.53,35.78,37.02,1952045
QNS,2021-09-01,36.87,39.06,36.87,37.97,1701434
QNS,2021-09-06,37.97,38.33,37.24,37.31,1104977
QNS,2021-09-07,37.6,37.6,36.0,36.14,1446784
QNS,2021-09-08,36.14,36.36,35.56,35.85,625863
QNS,2021-09-09,35.85,36.73,35.85,36.73,300767
QNS,2021-09-10,36.51,37.02,36.51,36.87,443265
QNS,2021-09-13,36.8,36.8,35.56,36.14,758018
QNS,2021-09-14,36.0,36.51,35.71,36.29,428870
QNS,2021-09-15,36.36,37.82,36.14,37.82,1208819
QNS,2021-09-16,37.97,40.16,37.9,39.43,2443339
QNS,2021-09-17,39.43,40.31,38.99,39.43,1362563
QNS,2021-09-20,39.5,39.79,38.26,38.48,1164927
QNS,2021-09-21,37.97,38.26,37.02,37.9,1379428
QNS,2021-09-22,38.11,39.43,38.11,39.28,1205374
QNS,2021-09-23,39.36,40.23,39.28,39.5,1049410
QNS,2021-09-24,39.57,39.65,38.33,38.63,908146
QNS,2021-09-27,38.7,38.7,37.02,37.17,1209049
QNS,2021-09-28,37.17,37.82,36.58,37.68,453427
QNS,2021-09-29,37.38,37.97,37.24,37.75,450352
QNS,2021-09-30,37.82,38.26,37.38,37.46,610358
QNS,2021-10-01,37.6,38.04,37.24,37.46,755274
QNS,2021-10-04,37.46,37.82,37.09,37.6,852241
QNS,2021-10-05,37.6,38.11,37.53,37.68,1022510
QNS,2021-10-06,37.97,37.97,37.53,37.9,785961
QNS,2021-10-07,37.97,38.63,37.82,38.41,2400791
QNS,2021-10-08,38.48,39.43,37.97,38.7,1581099
QNS,2021-10-11,38.77,39.36,38.48,38.77,1252457
QNS,2021-10-12,38.84,38.99,37.82,38.04,1704698
QNS,2021-10-13,38.04,38.04,37.46,37.75,1126516
QNS,2021-10-14,37.75,38.26,37.75,38.19,1515052
QNS,2021-10-15,38.19,38.33,37.68,37.82,809354
QNS,2021-10-18,37.82,38.41,37.75,37.97,1329186
QNS,2021-10-19,37.9,38.11,37.68,37.97,585430
QNS,2021-10-20,37.9,37.97,37.31,37.68,759985
QNS,2021-10-21,37.82,37.82,36.95,37.02,1143373
QNS,2021-10-22,37.17,37.17,35.85,36.36,1835404
QNS,2021-10-25,36.51,36.65,35.71,36.14,1413859
QNS,2021-10-26,36.22,36.8,35.78,36.73,741640
QNS,2021-10-27,36.8,37.02,36.58,37.02,707688
QNS,2021-10-28,36.95,38.04,36.51,37.82,1535040
QNS,2021-10-29,37.53,38.63,37.24,37.9,1039732
QNS,2021-11-01,37.97,38.19,37.02,37.31,1351099
QNS,2021-11-02,37.24,37.24,36.73,36.95,1137444
QNS,2021-11-03,36.95,37.6,36.44,36.8,1568551
QNS,2021-11-04,36.95,37.24,36.51,36.87,608400
QNS,2021-11-05,36.8,37.53,36.29,37.24,1122778
QNS,2021-11-08,37.24,39.79,37.24,38.77,4174023
QNS,2021-11-09,38.77,39.06,38.04,38.26,1049009
QNS,2021-11-10,38.33,39.28,37.75,38.77,2269396
QNS,2021-11-11,38.7,39.14,37.82,38.55,1649294
QNS,2021-11-12,38.7,39.79,38.41,39.57,3452103
QNS,2021-11-15,39.79,41.33,39.5,40.82,2909229
QNS,2021-11-16,40.82,40.82,39.79,40.23,1269592
QNS,2021-11-17,40.16,40.45,39.65,40.16,1281921
QNS,2021-11-18,40.01,41.04,40.01,40.89,2184193
QNS,2021-11-19,40.89,41.91,39.36,41.25,2452735
QNS,2021-11-22,41.18,41.25,39.57,40.45,2117580
QNS,2021-11-23,40.01,40.89,39.5,40.82,1013516
QNS,2021-11-24,40.31,41.62,40.31,41.47,1192495
QNS,2021-11-25,41.33,42.35,40.67,41.11,1337047
QNS,2021-11-26,41.11,41.25,40.16,40.45,1178181
QNS,2021-11-29,40.01,40.23,39.06,40.09,1367835
QNS,2021-11-30,40.09,40.31,39.14,39.43,1007989
QNS,2021-12-01,39.57,39.57,38.63,38.84,1026580
QNS,2021-12-02,39.14,39.87,38.48,39.21,497529
QNS,2021-12-03,39.06,39.5,37.97,37.97,760143
QNS,2021-12-06,37.97,37.97,35.41,36.29,1187184
QNS,2021-12-07,36.51,37.24,35.34,36.51,1139744
QNS,2021-12-08,36.51,36.95,35.92,36.36,363843
QNS,2021-12-09,36.36,37.17,36.22,37.09,481943
QNS,2021-12-10,36.95,37.6,36.87,37.6,450390
QNS,2021-12-13,37.24,37.6,37.09,37.17,347156
QNS,2021-12-14,37.09,37.31,36.51,36.87,477858
QNS,2021-12-15,37.17,37.17,36.14,36.22,498071
QNS,2021-12-16,36.36,36.51,35.78,36.0,477690
QNS,2021-12-17,36.14,36.14,35.71,35.78,632717
QNS,2021-12-20,35.71,36.14,35.34,35.34,569663
QNS,2021-12-21,35.56,36.29,34.9,35.92,741558
QNS,2021-12-22,36.0,36.07,35.56,35.56,296330
QNS,2021-12-23,35.78,35.78,35.12,35.27,567430
QNS,2021-12-24,35.12,35.56,35.05,35.19,348067
QNS,2021-12-27,35.19,35.63,35.05,35.12,271949
QNS,2021-12-28,35.12,35.19,34.17,34.61,852900
QNS,2021-12-29,34.54,34.9,34.39,34.39,321625
QNS,2021-12-30,34.39,35.78,34.39,35.78,435548
QNS,2021-12-31,35.78,35.78,35.12,35.34,217955
QNS,2022-01-04,35.34,35.41,34.97,35.05,519181
QNS,2022-01-05,35.19,35.34,34.68,34.97,621137
QNS,2022-01-06,34.97,35.19,34.68,34.9,466555
QNS,2022-01-07,34.9,35.05,34.61,34.76,382510
QNS,2022-01-10,34.76,34.76,34.1,34.17,771990
QNS,2022-01-11,34.32,34.46,33.73,33.88,483812
QNS,2022-01-12,34.03,34.03,32.86,33.59,634277
QNS,2022-01-13,33.59,34.17,33.59,33.88,423654
QNS,2022-01-14,33.88,34.61,33.73,34.46,433963
QNS,2022-01-17,34.46,35.05,33.95,34.03,647108
QNS,2022-01-18,34.03,34.54,33.44,34.54,342339
QNS,2022-01-19,34.32,34.91,34.1,34.77,288100
QNS,2022-01-20,34.69,35.14,34.32,34.69,274300
QNS,2022-01-21,34.99,35.21,34.84,34.84,458964
QNS,2022-01-24,34.84,34.99,33.95,34.32,572320
QNS,2022-01-25,34.47,35.14,34.1,34.77,473500
QNS,2022-01-26,34.77,35.28,34.69,35.28,501320
QNS,2022-01-27,35.06,35.87,34.99,35.8,602817
QNS,2022-01-28,35.65,36.02,35.43,35.43,357201
QNS,2022-02-07,35.65,36.46,35.5,36.39,466151
QNS,2022-02-08,36.17,36.39,36.09,36.09,278945
QNS,2022-02-09,36.32,36.54,36.09,36.54,584991
QNS,2022-02-10,36.39,36.69,36.02,36.46,642573
QNS,2022-02-11,36.32,36.39,35.65,35.87,412672
QNS,2022-02-14,35.95,35.95,34.91,35.06,259805
QNS,2022-02-15,35.06,35.28,34.62,35.14,353505
QNS,2022-02-16,35.14,35.14,33.95,34.69,989353
QNS,2022-02-17,34.69,34.84,34.54,34.77,392104
QNS,2022-02-18,34.77,34.77,34.47,34.69,294617
QNS,2022-02-21,34.69,34.91,34.32,34.84,560335
QNS,2022-02-22,34.62,34.84,34.25,34.32,467150
QNS,2022-02-23,34.4,34.69,34.18,34.69,341565
QNS,2022-02-24,34.69,34.69,33.81,34.1,413936
QNS,2022-02-25,34.18,34.18,33.51,33.66,690022
QNS,2022-02-28,33.73,33.95,33.07,33.22,704057
QNS,2022-03-01,33.14,34.03,32.92,33.88,354316
QNS,2022-03-02,33.88,34.62,33.88,34.47,554404
QNS,2022-03-03,34.47,36.46,34.4,36.46,1909748
QNS,2022-03-04,36.39,37.2,35.87,36.02,532660
QNS,2022-03-07,36.17,36.83,35.87,36.54,975788
QNS,2022-03-08,36.54,36.61,35.73,35.87,1006239
QNS,2022-03-09,35.95,35.95,35.14,35.43,542526
QNS,2022-03-10,35.43,35.95,34.77,34.99,462114
QNS,2022-03-11,34.84,35.36,34.77,35.28,560075
QNS,2022-03-14,35.14,35.65,34.4,34.47,354769
QNS,2022-03-15,34.84,35.06,34.03,35.06,647826
QNS,2022-03-16,35.06,35.06,34.4,34.47,362600
QNS,2022-03-17,34.62,34.84,34.4,34.54,195953
QNS,2022-03-18,34.69,34.84,34.47,34.69,466400
QNS,2022-03-21,34.69,35.43,34.69,35.28,324138
QNS,2022-03-22,35.36,35.65,35.14,35.58,394870
QNS,2022-03-23,35.58,35.65,35.21,35.5,420507
QNS,2022-03-24,35.5,35.8,35.36,35.8,457067
QNS,2022-03-25,35.73,36.32,35.73,36.17,564576
QNS,2022-03-28,36.17,36.24,35.58,35.95,423600
QNS,2022-03-29,35.95,36.83,35.8,36.83,878104
QNS,2022-03-30,36.76,37.35,36.54,36.98,1033586
QNS,2022-03-31,37.05,37.35,36.76,37.28,828599
QNS,2022-04-01,37.2,38.01,36.39,37.94,1389926
QNS,2022-04-04,37.94,38.16,37.35,37.42,1035550
QNS,2022-04-05,37.57,37.87,37.28,37.5,644082
QNS,2022-04-06,37.28,37.57,36.76,36.98,429197
QNS,2022-04-07,37.13,37.28,36.69,36.76,297015
QNS,2022-04-08,36.83,36.91,36.54,36.69,304240
QNS,2022-04-12,36.69,37.2,36.46,36.69,698230
QNS,2022-04-13,36.69,37.5,36.46,37.28,312403
QNS,2022-04-14,37.28,38.75,37.28,38.53,1053790
QNS,2022-04-15,38.6,38.9,38.01,38.09,350893
QNS,2022-04-18,38.31,38.31,37.28,37.64,460400
QNS,2022-04-19,37.79,38.46,37.28,37.42,471901
QNS,2022-04-20,37.42,37.5,36.69,36.83,747346
QNS,2022-04-21,36.91,37.75,34.6,37.6,580127
QNS,2022-04-22,37.83,38.06,37.37,37.91,794804
QNS,2022-04-25,37.91,37.91,34.45,34.98,515398
QNS,2022-04-26,34.6,35.37,33.06,35.29,398738
QNS,2022-04-27,35.29,35.29,33.83,34.22,227352
QNS,2022-04-28,34.6,34.91,34.22,34.6,227400
QNS,2022-04-29,34.6,34.75,34.29,34.75,141100
QNS,2022-05-04,34.75,34.75,34.37,34.45,133490
QNS,2022-05-05,34.6,34.75,33.83,34.22,196517
QNS,2022-05-06,34.6,35.37,34.06,35.14,507104
QNS,2022-05-09,34.68,34.83,33.83,33.91,569506
QNS,2022-05-10,33.75,34.06,33.06,33.98,185103
QNS,2022-05-11,33.91,34.29,33.83,34.29,199942
QNS,2022-05-12,34.14,34.45,33.68,33.98,218250
QNS,2022-05-13,33.98,33.98,33.06,33.37,394747
QNS,2022-05-16,33.22,33.83,33.14,33.75,168017
QNS,2022-05-17,33.75,34.52,33.75,34.52,188610
QNS,2022-05-18,34.91,34.98,34.52,34.68,118869
QNS,2022-05-19,34.37,34.75,34.29,34.52,253348
QNS,2022-05-20,34.45,34.45,34.14,34.37,153432
QNS,2022-05-23,34.37,34.52,34.29,34.52,220310
QNS,2022-05-24,34.45,34.6,34.29,34.52,177900
QNS,2022-05-25,34.6,35.29,34.6,35.22,177860
QNS,2022-05-26,35.37,36.45,35.29,36.37,549649
QNS,2022-05-27,36.14,37.29,36.14,36.91,397372
QNS,2022-05-30,37.06,37.21,36.21,36.45,162447
QNS,2022-05-31,36.29,36.52,35.91,36.14,190222
QNS,2022-06-01,36.14,36.14,35.37,35.68,113500
QNS,2022-06-02,35.68,35.83,35.29,35.6,212100
QNS,2022-06-03,35.37,35.6,35.29,35.45,93820
QNS,2022-06-06,35.75,35.98,35.29,35.45,207310
QNS,2022-06-07,35.45,35.91,34.83,35.75,228644
QNS,2022-06-08,35.91,37.75,35.75,36.91,503363
QNS,2022-06-09,36.91,36.91,36.14,36.6,129601
QNS,2022-06-10,36.45,37.14,36.21,36.21,259710
QNS,2022-06-13,36.14,36.14,34.45,34.6,429350
QNS,2022-06-14,34.6,35.37,34.22,34.75,101432
QNS,2022-06-15,35.29,35.37,34.06,34.6,182300
QNS,2022-06-16,34.29,34.98,34.29,34.37,86120
QNS,2022-06-17,34.45,34.75,34.06,34.6,180200
QNS,2022-06-20,34.6,34.6,33.6,33.75,81843
QNS,2022-06-21,33.45,33.83,33.06,33.45,141100
QNS,2022-06-22,33.45,33.83,33.45,33.68,57200
QNS,2022-06-23,33.45,33.83,33.45,33.83,62500
QNS,2022-06-24,33.98,34.75,33.75,34.29,180322
QNS,2022-06-27,34.29,34.6,33.98,34.37,138000
QNS,2022-06-28,34.37,34.68,34.22,34.52,94541
QNS,2022-06-29,34.45,34.75,34.29,34.75,207400
QNS,2022-06-30,34.75,35.14,34.45,34.6,129110
QNS,2022-07-01,34.37,34.6,34.06,34.83,116229
QNS,2022-07-04,34.29,34.52,33.91,34.37,32400
QNS,2022-07-05,34.6,34.6,33.75,33.75,134560
QNS,2022-07-06,33.6,34.06,33.45,33.45,134010
QNS,2022-07-07,33.75,33.75,33.45,33.68,63000
QNS,2022-07-08,33.83,34.14,33.68,33.68,120900
QNS,2022-07-11,33.6,33.83,33.45,33.45,75132
QNS,2022-07-12,33.45,33.68,33.45,33.6,72250
QNS,2022-07-13,33.83,33.83,33.6,33.75,96700
QNS,2022-07-14,33.68,35.14,33.52,34.6,251712
QNS,2022-07-15,34.83,34.98,33.98,34.06,95606
QNS,2022-07-18,34.29,34.37,34.06,34.14,38400
QNS,2022-07-19,34.14,34.14,33.6,33.83,105358
QNS,2022-07-20,33.83,34.22,33.75,33.91,138900
QNS,2022-07-21,33.91,34.14,33.83,33.91,46995
QNS,2022-07-22,34.14,34.14,33.75,33.98,66501
QNS,2022-07-25,34.06,34.14,33.83,33.98,109220
QNS,2022-07-26,33.98,34.14,33.91,33.98,119740
QNS,2022-07-27,33.98,33.98,33.52,33.83,48300
QNS,2022-07-28,33.83,33.98,33.6,33.75,143700
QNS,2022-07-29,33.83,33.91,33.68,33.91,143020
QNS,2022-08-01,35.06,35.06,33.37,33.37,382621
QNS,2022-08-02,33.68,34.75,33.37,33.6,553405
QNS,2022-08-03,33.83,33.98,33.6,33.6,223320
QNS,2022-08-04,33.06,34.06,31.68,33.75,287319
QNS,2022-08-05,33.6,33.75,33.52,33.52,266810
QNS,2022-08-08,33.6,35.06,33.6,33.98,956200
QNS,2022-08-09,34.22,34.83,34.06,34.29,441616
QNS,2022-08-10,34.14,34.37,33.91,34.22,238952
QNS,2022-08-11,34.14,34.22,33.52,33.6,456400
QNS,2022-08-12,33.6,33.83,33.52,33.68,275301
QNS,2022-08-15,31.68,33.91,31.68,33.83,451647
QNS,2022-08-16,33.83,34.29,33.75,34.14,569030
QNS,2022-08-17,34.06,34.91,34.06,34.52,614160
QNS,2022-08-18,34.45,35.98,34.45,35.37,565976
QNS,2022-08-19,35.37,35.98,34.98,35.37,358851
QNS,2022-08-22,35.22,37.14,35.06,36.52,776671
QNS,2022-08-23,36.29,37.75,36.29,37.6,1004577
QNS,2022-08-24,37.45,37.91,36.6,36.83,1016958
QNS,2022-08-25,37.14,37.84,37.14,37.61,641723
QNS,2022-08-26,37.53,37.76,36.67,36.67,349618
QNS,2022-08-29,36.6,36.6,35.97,36.28,551373
QNS,2022-08-30,36.52,38.23,36.52,37.61,1336207
QNS,2022-08-31,37.68,37.76,37.22,37.29,224951
QNS,2022-09-05,37.29,37.61,36.52,37.22,195240
QNS,2022-09-06,37.29,37.68,36.91,37.14,309862
QNS,2022-09-07,36.98,36.98,35.9,36.05,488358
QNS,2022-09-08,36.13,36.67,35.97,36.13,350460
QNS,2022-09-09,36.21,36.91,36.21,36.83,298604
QNS,2022-09-12,36.67,37.22,36.52,36.98,161063
QNS,2022-09-13,36.83,37.22,36.44,36.52,105119
QNS,2022-09-14,36.52,36.52,35.51,35.82,526206
QNS,2022-09-15,35.97,36.6,35.66,36.6,280840
QNS,2022-09-16,36.13,36.13,35.59,35.9,105429
QNS,2022-09-19,35.82,35.97,35.27,35.43,249980
QNS,2022-09-20,35.59,35.97,35.51,35.74,174592
QNS,2022-09-21,35.74,35.9,35.35,35.51,246448
QNS,2022-09-22,35.51,35.9,35.27,35.82,253114
QNS,2022-09-23,35.74,36.21,35.66,36.13,201466
QNS,2022-09-26,35.97,35.97,35.43,35.59,362050
QNS,2022-09-27,35.59,35.59,35.27,35.51,181725
QNS,2022-09-28,35.35,35.66,34.96,35.04,213320
QNS,2022-09-29,35.12,35.27,34.5,34.58,306905
QNS,2022-09-30,34.58,34.96,33.72,34.96,341121
QNS,2022-10-03,34.34,34.58,33.64,33.95,135364
QNS,2022-10-04,34.03,34.81,33.41,34.11,307421
QNS,2022-10-05,34.11,34.34,33.95,34.26,91398
QNS,2022-10-06,34.19,34.19,33.33,33.72,224349
QNS,2022-10-07,33.41,33.41,32.24,33.41,348923
QNS,2022-10-10,33.02,33.02,32.01,32.56,124151
QNS,2022-10-11,32.56,32.71,32.4,32.63,233124
QNS,2022-10-12,32.4,33.25,32.24,33.25,175849
QNS,2022-10-13,32.71,33.1,32.32,32.87,35896
QNS,2022-10-14,32.87,34.11,32.87,33.8,178820
QNS,2022-10-17,33.02,33.57,33.02,33.02,116106
QNS,2022-10-18,33.41,33.72,33.25,33.72,118521
QNS,2022-10-19,33.72,33.88,33.18,33.8,225200
QNS,2022-10-20,33.64,34.11,33.41,34.03,158704
QNS,2022-10-21,34.03,34.19,33.41,33.64,135375
QNS,2022-10-24,33.41,33.8,33.02,33.49,234941
QNS,2022-10-25,33.64,33.95,33.33,33.8,258299
QNS,2022-10-26,33.8,33.8,33.41,33.64,68918
QNS,2022-10-27,33.8,33.8,33.57,33.8,93746
QNS,2022-10-28,33.8,33.95,33.64,33.8,28859
QNS,2022-10-31,33.8,33.95,33.02,33.95,119128
QNS,2022-11-01,33.57,33.95,33.41,33.8,97275
QNS,2022-11-02,33.57,33.8,33.02,33.02,121726
QNS,2022-11-03,33.02,33.18,32.79,32.94,105912
QNS,2022-11-04,32.94,32.94,32.17,32.4,69653
QNS,2022-11-07,32.48,32.48,31.7,31.7,109426
QNS,2022-11-08,31.86,31.86,30.69,31.47,127357
QNS,2022-11-09,31.23,31.23,30.54,30.54,74850
QNS,2022-11-10,30.38,30.85,27.66,27.89,252382
QNS,2022-11-11,28.75,29.52,28.44,29.52,210261
QNS,2022-11-14,28.98,29.21,28.36,28.98,82349
QNS,2022-11-15,28.28,28.51,24.63,26.81,256614
QNS,2022-11-16,25.64,27.19,24.24,26.81,459413
QNS,2022-11-17,25.8,27.19,25.8,27.19,123005
QNS,2022-11-18,26.96,26.96,26.42,26.96,75037
QNS,2022-11-21,26.81,27.43,26.81,27.35,353395
QNS,2022-11-22,27.35,27.5,27.19,27.19,102725
QNS,2022-11-23,27.19,27.5,26.81,27.5,60920
QNS,2022-11-24,27.35,27.43,27.19,27.27,86246
QNS,2022-11-25,27.27,28.05,27.27,27.74,79800
QNS,2022-11-28,27.97,28.59,27.97,28.51,294487
QNS,2022-11-29,28.59,29.21,28.36,28.75,100388
QNS,2022-11-30,28.67,29.06,28.67,29.06,96000
QNS,2022-12-01,28.83,29.52,28.83,28.83,115303
QNS,2022-12-02,28.9,29.52,28.9,29.52,113200
QNS,2022-12-05,29.45,30.07,29.45,29.76,102877
QNS,2022-12-06,29.84,29.84,28.75,28.9,114352
QNS,2022-12-07,29.14,29.52,28.75,28.98,98710
QNS,2022-12-08,29.14,29.14,28.59,28.67,180523
QNS,2022-12-09,28.75,28.75,28.44,28.44,61692
QNS,2022-12-12,28.67,28.75,27.89,27.97,178023
QNS,2022-12-13,28.2,28.2,27.19,27.89,131199
QNS,2022-12-14,27.89,27.97,27.58,27.82,285277
QNS,2022-12-15,27.82,28.05,27.66,27.74,93010
QNS,2022-12-16,27.97,27.97,27.74,27.82,163433
QNS,2022-12-19,27.82,28.2,27.82,27.89,169650
QNS,2022-12-20,27.89,27.89,27.43,27.58,103846
QNS,2022-12-21,27.74,28.05,27.58,27.74,402770
QNS,2022-12-22,27.97,28.59,27.97,28.13,369458
QNS,2022-12-23,28.36,28.36,28.13,28.13,222157
QNS,2022-12-26,28.2,28.59,27.27,27.43,349485
QNS,2022-12-27,27.19,28.2,27.19,27.74,162202
QNS,2022-12-28,27.82,28.05,27.66,27.97,151551
QNS,2022-12-29,28.2,28.28,27.74,27.82,70324
QNS,2022-12-30,27.97,27.97,27.74,27.82,144176
QNS,2023-01-03,27.89,28.36,27.82,28.28,150868
QNS,2023-01-04,29.0,29.0,27.17,27.17,89389
QNS,2023-01-05,27.81,28.13,27.81,27.81,88468
QNS,2023-01-06,27.97,27.97,27.41,27.41,103743
QNS,2023-01-09,27.65,27.89,27.17,27.41,110576
QNS,2023-01-10,27.49,27.49,27.17,27.33,115490
QNS,2023-01-11,27.33,27.57,27.17,27.33,160289
QNS,2023-01-12,27.33,27.41,27.17,27.33,99121
QNS,2023-01-13,27.25,27.33,26.93,27.25,114423
QNS,2023-01-16,27.25,27.41,26.77,27.41,119581
QNS,2023-01-17,27.17,27.65,27.17,27.57,199332
QNS,2023-01-18,27.57,28.13,27.57,27.97,154909
QNS,2023-01-19,27.97,28.05,27.65,27.97,130753
QNS,2023-01-27,28.37,28.53,28.13,28.37,83576
QNS,2023-01-30,28.45,28.92,28.29,28.92,315090
QNS,2023-01-31,28.92,29.64,28.76,28.76,327729
QNS,2023-02-01,29.0,30.68,28.92,29.88,570360
QNS,2023-02-02,29.88,30.04,29.16,29.4,292245
QNS,2023-02-03,29.56,30.36,29.56,30.04,399392
QNS,2023-02-06,30.04,30.04,29.64,29.8,151440
QNS,2023-02-07,29.8,30.28,29.72,30.28,429675
QNS,2023-02-08,30.28,30.6,30.04,30.44,247808
QNS,2023-02-09,30.52,31.56,30.52,31.48,353070
QNS,2023-02-10,31.48,31.96,30.36,30.76,208072
QNS,2023-02-13,31.08,31.08,29.8,30.52,164585
QNS,2023-02-14,30.28,30.68,29.88,30.04,151472
QNS,2023-02-15,30.2,30.6,30.2,30.6,72653
QNS,2023-02-16,30.52,30.92,30.52,30.92,116110
QNS,2023-02-17,30.92,31.08,30.68,30.68,125151
QNS,2023-02-20,30.92,31.32,30.76,31.32,182530
QNS,2023-02-21,31.16,31.64,31.16,31.56,216500
QNS,2023-02-22,31.48,31.48,30.36,31.16,79344
QNS,2023-02-23,30.76,31.16,30.36,30.68,197853
QNS,2023-02-24,30.68,31.16,30.68,31.08,119020
QNS,2023-02-27,30.44,31.16,30.44,30.68,21237
QNS,2023-02-28,31.0,31.4,30.92,31.16,209002
QNS,2023-03-01,31.24,31.4,31.0,31.4,61207
QNS,2023-03-02,31.4,31.4,30.76,30.84,47181
QNS,2023-03-03,30.84,31.24,30.76,31.08,86101
QNS,2023-03-06,31.08,31.16,30.6,30.68,116500
QNS,2023-03-07,30.68,30.92,30.68,30.84,55621
QNS,2023-03-08,30.84,30.92,30.76,30.84,40600
QNS,2023-03-09,31.0,31.0,30.68,30.76,161139
QNS,2023-03-10,30.76,31.4,30.76,31.16,94225
QNS,2023-03-13,31.0,31.0,30.76,30.76,105756
QNS,2023-03-14,30.76,30.76,30.2,30.36,259036
QNS,2023-03-15,30.76,31.08,30.6,31.08,296800
QNS,2023-03-16,30.6,30.92,30.6,30.92,136341
QNS,2023-03-17,30.76,31.0,30.76,30.84,114610
QNS,2023-03-20,30.68,30.84,30.6,30.76,107516
QNS,2023-03-21,30.76,30.92,30.68,30.84,135775
QNS,2023-03-22,30.84,30.84,30.52,30.6,161542
QNS,2023-03-23,30.68,30.84,30.6,30.84,22102
QNS,2023-03-24,30.68,30.68,30.36,30.36,113405
QNS,2023-03-27,30.6,30.92,30.6,30.92,80989
QNS,2023-03-28,30.84,30.92,30.76,30.92,88759
QNS,2023-03-29,31.0,31.24,31.0,31.24,225690
QNS,2023-03-30,31.4,32.12,31.4,32.04,317560
QNS,2023-03-31,31.96,32.68,31.96,32.12,52576
QNS,2023-04-03,32.12,32.52,31.16,32.36,437945
QNS,2023-04-04,32.6,33.8,32.6,33.56,457786
QNS,2023-04-05,33.4,33.88,33.4,33.72,131549
QNS,2023-04-06,33.88,34.36,33.48,33.48,234861
QNS,2023-04-07,33.56,33.88,33.32,33.32,264086
QNS,2023-04-10,33.4,34.36,33.4,33.56,300762
QNS,2023-04-11,33.64,34.04,33.56,33.8,40367
QNS,2023-04-12,33.72,34.36,33.56,34.2,275890
QNS,2023-04-13,34.28,34.36,34.2,34.28,191055
QNS,2023-04-14,34.2,34.6,34.2,34.28,591418
QNS,2023-04-17,35.52,35.52,33.94,34.28,44269
QNS,2023-04-18,34.36,35.19,34.03,34.69,267180
QNS,2023-04-19,34.77,34.77,34.44,34.52,209645
QNS,2023-04-20,33.61,34.44,33.61,34.28,124086
QNS,2023-04-21,34.36,36.35,34.36,35.19,472343
QNS,2023-04-24,35.35,36.26,35.35,36.01,391729
QNS,2023-04-25,36.18,36.43,35.6,35.93,257990
QNS,2023-04-26,35.93,36.43,35.43,35.6,125318
QNS,2023-04-27,35.43,35.85,34.69,35.02,117898
QNS,2023-04-28,34.94,35.52,34.94,35.19,170845
QNS,2023-05-04,35.19,35.19,34.77,35.02,180061
QNS,2023-05-05,35.1,37.26,35.1,36.43,529418
QNS,2023-05-08,36.51,36.84,36.51,36.84,183044
QNS,2023-05-09,36.68,36.84,36.43,36.43,149764
QNS,2023-05-10,36.43,36.68,36.43,36.68,124313
QNS,2023-05-11,36.59,36.84,36.59,36.68,125496
QNS,2023-05-12,36.68,37.59,36.68,37.42,583597
QNS,2023-05-15,37.42,38.42,37.42,38.08,904210
QNS,2023-05-16,38.08,38.08,37.67,38.08,290960
QNS,2023-05-17,38.17,41.23,37.42,37.84,1170058
QNS,2023-05-18,37.84,38.33,37.5,37.59,233694
QNS,2023-05-19,37.84,37.84,37.59,37.75,352235
QNS,2023-05-22,37.67,37.75,36.68,36.84,511533
QNS,2023-05-23,37.26,37.26,36.76,36.84,221148
QNS,2023-05-24,37.01,37.01,36.43,36.43,374608
QNS,2023-05-25,36.59,36.59,35.85,36.01,391704
QNS,2023-05-26,35.93,36.1,35.52,35.6,289503
QNS,2023-05-29,35.77,35.85,35.27,35.35,232229
QNS,2023-05-30,35.27,36.68,35.27,36.43,1232749
QNS,2023-05-31,36.43,37.01,35.68,35.68,1147804
QNS,2023-06-01,35.93,37.59,35.93,37.26,800597
QNS,2023-06-02,37.34,37.84,36.93,37.26,699384
QNS,2023-06-05,37.34,37.34,36.01,36.18,671586
QNS,2023-06-06,36.18,36.35,35.93,36.01,1076588
QNS,2023-06-07,36.01,36.26,35.6,35.93,467609
QNS,2023-06-08,35.93,36.1,35.52,35.6,594944
QNS,2023-06-09,35.52,36.76,35.52,36.01,455070
QNS,2023-06-12,36.35,36.84,35.85,36.76,417593
QNS,2023-06-13,36.93,38.91,36.93,37.75,1635737
QNS,2023-06-14,37.92,38.25,36.93,36.93,612428
QNS,2023-06-15,37.26,37.75,37.09,37.26,1123105
QNS,2023-06-16,37.34,38.58,37.26,38.17,1528346
QNS,2023-06-19,38.33,40.57,38.33,40.15,1977223
QNS,2023-06-20,40.32,41.06,39.91,40.49,903699
QNS,2023-06-21,40.49,41.31,39.99,40.65,1192842
QNS,2023-06-22,40.65,40.98,40.15,40.24,803160
QNS,2023-06-23,40.49,40.49,39.74,39.91,1363493
QNS,2023-06-26,39.82,40.49,38.83,40.15,1570672
QNS,2023-06-27,40.32,40.32,39.74,39.99,706777
QNS,2023-06-28,39.99,39.99,39.16,39.24,1079782
QNS,2023-06-29,39.08,39.82,38.83,39.24,1122623
QNS,2023-06-30,39.33,39.91,39.16,39.66,933734
QNS,2023-07-03,39.74,40.73,39.74,40.65,1562825
QNS,2023-07-04,40.65,41.31,40.24,40.49,899161
QNS,2023-07-05,40.57,42.56,39.41,41.23,2265302
QNS,2023-07-06,41.4,41.48,40.57,40.73,851480
QNS,2023-07-07,40.73,40.73,39.74,40.15,1778998
QNS,2023-07-10,40.32,40.65,39.99,40.15,928599
QNS,2023-07-11,40.24,41.73,40.24,41.64,1583311
QNS,2023-07-12,41.81,42.72,41.81,42.47,1853187
QNS,2023-07-13,42.64,43.3,42.06,42.56,1595104
QNS,2023-07-14,42.64,43.63,42.56,43.05,1363989
QNS,2023-07-17,43.22,44.05,42.64,42.97,1222912
QNS,2023-07-18,42.97,43.05,42.06,42.72,838165
QNS,2023-07-19,42.72,43.22,42.31,42.97,827011
QNS,2023-07-20,42.97,43.96,42.72,43.88,1182763
QNS,2023-07-21,44.29,44.87,43.88,44.29,1103481
QNS,2023-07-24,44.62,44.71,43.88,44.71,1373620
QNS,2023-07-25,44.71,45.12,43.88,44.21,1257255
QNS,2023-07-26,44.71,45.54,43.55,43.63,2106463
QNS,2023-07-27,44.38,44.54,43.05,43.71,1386357
QNS,2023-07-28,43.71,44.05,43.22,43.38,694989
QNS,2023-07-31,43.47,43.47,42.06,42.14,2472075
QNS,2023-08-01,42.22,42.97,42.14,42.22,1195074
QNS,2023-08-02,42.39,42.47,41.64,42.06,999661
QNS,2023-08-03,41.98,42.56,41.73,41.98,756546
QNS,2023-08-04,42.14,42.14,41.15,41.31,1876770
QNS,2023-08-07,41.4,42.72,41.31,41.98,1527542
QNS,2023-08-08,42.22,42.89,42.06,42.56,1389732
QNS,2023-08-09,42.89,42.97,41.98,42.22,1549769
QNS,2023-08-10,42.22,42.47,41.23,41.48,1478776
QNS,2023-08-11,41.4,41.81,39.66,39.74,3477641
QNS,2023-08-14,39.74,40.49,39.57,40.24,2004491
QNS,2023-08-15,40.07,40.98,40.07,40.82,1087192
QNS,2023-08-16,40.65,40.82,40.24,40.32,1319144
QNS,2023-08-17,40.49,40.49,39.57,39.57,1521957
QNS,2023-08-18,39.74,39.74,38.08,38.25,2229354
QNS,2023-08-21,38.08,39.33,38.08,38.91,717505
QNS,2023-08-22,38.83,39.16,38.08,38.91,585547
QNS,2023-08-23,39.34,39.85,38.67,38.75,377648
QNS,2023-08-24,39.6,42.14,39.34,41.54,2843888
QNS,2023-08-25,41.54,42.14,40.78,41.04,908092
QNS,2023-08-28,41.21,41.71,40.78,41.21,1209438
QNS,2023-08-29,41.46,42.73,41.46,42.31,1831715
QNS,2023-08-30,42.31,42.81,41.54,42.14,691750
QNS,2023-08-31,42.14,42.73,41.88,42.39,1316247
QNS,2023-09-05,42.39,43.49,42.39,42.98,1135952
QNS,2023-09-06,43.15,43.49,42.73,43.15,1186677
QNS,2023-09-07,43.15,43.24,42.05,42.31,1550463
QNS,2023-09-08,42.47,42.98,42.31,42.73,787438
QNS,2023-09-11,42.9,42.98,41.63,41.8,1135115
QNS,2023-09-12,41.8,42.56,41.71,42.39,832055
QNS,2023-09-13,42.73,43.07,41.88,42.31,1230009
QNS,2023-09-14,42.31,42.47,41.46,41.8,1061649
QNS,2023-09-15,41.71,42.81,41.71,42.31,1114466
QNS,2023-09-18,42.39,43.91,42.22,43.32,1790398
QNS,2023-09-19,43.41,43.91,43.15,43.91,1396247
QNS,2023-09-20,43.74,44.51,43.74,44.17,1424798
QNS,2023-09-21,44.17,44.17,42.9,43.07,2409116
QNS,2023-09-22,43.07,43.07,41.8,42.31,1927051
QNS,2023-09-25,42.31,42.98,40.87,41.04,1483303
QNS,2023-09-26,41.97,41.97,40.87,41.29,1164348
QNS,2023-09-27,41.29,41.37,40.19,41.29,1420756
QNS,2023-09-28,41.29,41.37,40.53,41.04,709747
QNS,2023-09-29,41.37,42.31,41.37,41.63,537393
QNS,2023-10-02,41.88,41.88,41.37,41.37,299023
QNS,2023-10-03,41.46,41.46,40.27,40.53,842001
QNS,2023-10-04,40.19,41.12,39.43,41.04,687257
QNS,2023-10-05,41.04,41.04,40.19,40.44,334444
QNS,2023-10-06,40.44,40.95,40.02,40.87,261872
QNS,2023-10-09,40.78,41.46,40.78,41.21,285611
QNS,2023-10-10,41.46,42.64,41.46,41.8,687859
QNS,2023-10-11,41.97,42.47,41.46,42.47,684638
QNS,2023-10-12,42.31,42.47,42.05,42.22,1308160
QNS,2023-10-13,42.22,42.22,41.29,41.97,742805
QNS,2023-10-16,42.05,42.22,41.37,41.46,710579
QNS,2023-10-17,41.46,41.71,40.19,40.36,1084072
QNS,2023-10-18,40.61,41.04,39.85,40.36,997716
QNS,2023-10-19,40.27,40.95,39.26,39.34,651782
QNS,2023-10-20,39.34,40.19,38.75,39.94,831265
QNS,2023-10-23,40.02,40.02,39.26,39.6,455409
QNS,2023-10-24,39.68,40.27,39.43,39.94,255904
QNS,2023-10-25,40.19,40.61,39.85,40.53,425778
QNS,2023-10-26,40.36,40.44,37.91,38.84,1006446
QNS,2023-10-27,38.84,39.34,38.33,39.17,380629
QNS,2023-10-30,39.09,39.09,38.07,38.33,364518
QNS,2023-10-31,38.58,38.58,36.13,37.14,726657
QNS,2023-11-01,37.14,37.91,37.14,37.91,476701
QNS,2023-11-02,37.91,38.84,37.91,38.75,336899
QNS,2023-11-03,39.01,39.6,39.01,39.43,672636
QNS,2023-11-06,39.34,40.61,39.34,40.61,977535
QNS,2023-11-07,40.61,40.78,40.02,40.11,563633
QNS,2023-11-08,40.19,40.61,39.68,40.61,878351
QNS,2023-11-09,40.61,40.7,40.02,40.19,939677
QNS,2023-11-10,39.77,40.19,39.6,39.6,816733
QNS,2023-11-13,39.94,40.02,39.43,39.77,520752
QNS,2023-11-14,39.77,40.19,39.68,40.02,301426
QNS,2023-11-15,40.02,40.7,39.85,39.94,458350
QNS,2023-11-16,39.94,40.44,39.77,40.44,690321
QNS,2023-11-17,40.44,40.53,39.34,39.6,654549
QNS,2023-11-20,39.77,39.77,39.01,39.68,257247
QNS,2023-11-21,39.34,40.02,39.26,39.34,445614
QNS,2023-11-22,39.43,39.68,38.92,39.17,848866
QNS,2023-11-23,39.34,39.43,38.58,38.58,714006
QNS,2023-11-24,38.67,38.84,38.07,38.58,480738
QNS,2023-11-27,38.75,39.26,38.41,38.41,254758
QNS,2023-11-28,38.75,38.75,38.07,38.58,291092
QNS,2023-11-29,38.67,38.92,38.24,38.75,180800
QNS,2023-11-30,38.67,39.26,38.58,39.09,350368
QNS,2023-12-01,38.92,39.17,38.67,39.17,329561
QNS,2023-12-04,39.09,39.68,38.75,39.6,896248
QNS,2023-12-05,39.34,39.6,38.67,38.84,494972
QNS,2023-12-06,38.92,39.01,38.75,38.92,502175
QNS,2023-12-07,38.84,38.84,37.91,38.24,1032455
QNS,2023-12-08,38.24,38.33,37.82,37.82,537040
QNS,2023-12-11,37.99,38.75,37.82,37.82,416507
QNS,2023-12-12,38.07,38.07,37.82,37.91,278845
QNS,2023-12-13,38.07,38.07,37.4,37.48,762444
QNS,2023-12-14,37.65,37.91,37.4,37.48,459606
QNS,2023-12-15,37.57,37.57,37.31,37.4,376526
QNS,2023-12-18,37.4,37.4,37.06,37.23,649126
QNS,2023-12-19,37.23,37.57,37.06,37.48,601811
QNS,2023-12-20,37.91,38.41,37.65,38.33,682526
QNS,2023-12-21,38.24,38.41,37.99,37.99,418256
QNS,2023-12-22,38.16,38.16,37.82,37.91,382960
QNS,2023-12-25,37.91,38.07,37.82,37.91,327569
QNS,2023-12-26,37.91,37.99,37.82,37.82,399531
QNS,2023-12-27,37.82,38.75,37.82,38.33,790401
QNS,2023-12-28,38.41,38.67,38.33,38.5,645804
QNS,2023-12-29,38.5,38.84,38.5,38.75,805658
QNS,2024-01-02,38.67,39.01,38.5,38.5,360542
QNS,2024-01-03,38.67,38.67,38.33,38.5,342537
QNS,2024-01-04,38.67,38.75,38.33,38.41,366446
QNS,2024-01-05,38.5,38.5,38.07,38.16,540130
QNS,2024-01-08,38.5,38.5,38.24,38.33,518042
QNS,2024-01-09,38.33,38.84,38.24,38.58,687303
QNS,2024-01-10,39.36,39.45,38.15,38.24,407620
QNS,2024-01-11,38.49,38.58,37.89,37.98,546015
QNS,2024-01-12,38.06,38.41,37.72,38.06,531583
QNS,2024-01-15,38.06,38.32,37.8,37.8,371877
QNS,2024-01-16,37.98,39.01,37.89,38.67,958563
QNS,2024-01-17,38.75,39.62,38.75,39.45,733571
QNS,2024-01-18,39.53,40.83,39.45,40.05,1190614
QNS,2024-01-19,40.23,40.4,39.88,40.05,925034
QNS,2024-01-22,40.05,40.83,39.97,40.57,901809
QNS,2024-01-23,40.57,40.66,39.71,39.79,695414
QNS,2024-01-24,40.14,40.14,39.71,39.79,621604
QNS,2024-01-25,39.79,40.05,39.79,39.88,595527
QNS,2024-01-26,39.97,40.05,39.62,39.62,395806
QNS,2024-01-29,39.88,40.57,39.79,39.97,938021
QNS,2024-01-30,39.97,40.31,39.01,40.05,401321
QNS,2024-01-31,40.05,40.31,39.53,39.79,698671
QNS,2024-02-01,39.79,40.74,39.36,40.4,1424338
QNS,2024-02-02,40.48,41.35,40.23,41.26,1741997
QNS,2024-02-05,41.26,41.78,40.92,41.61,1182087
QNS,2024-02-06,41.7,41.96,41.35,41.52,1028998
QNS,2024-02-07,41.61,41.7,41.09,41.26,314602
QNS,2024-02-15,41.26,41.7,41.18,41.52,652240
QNS,2024-02-16,41.52,42.13,41.35,41.87,1226084
QNS,2024-02-19,41.87,42.21,41.26,41.44,764854
QNS,2024-02-20,41.52,41.52,41.09,41.52,730769
QNS,2024-02-21,41.18,41.44,41.09,41.35,245170
QNS,2024-02-22,41.35,41.96,41.18,41.52,889723
QNS,2024-02-23,41.52,42.65,41.35,41.52,1176175
QNS,2024-02-26,41.7,41.7,41.26,41.7,684491
QNS,2024-02-27,41.52,41.78,41.44,41.52,761276
QNS,2024-02-28,41.61,42.21,41.61,41.87,696284
QNS,2024-02-29,41.87,42.21,41.78,41.87,551721
QNS,2024-03-01,41.96,42.21,41.78,42.13,574368
QNS,2024-03-04,42.13,43.6,42.13,42.82,1188393
QNS,2024-03-05,42.99,43.08,42.56,42.99,557006
QNS,2024-03-06,42.99,42.99,41.96,42.21,573951
QNS,2024-03-07,42.3,42.39,41.87,42.21,535606
QNS,2024-03-08,42.21,42.21,41.52,41.52,781640
QNS,2024-03-11,41.7,41.7,40.74,40.92,1362623
QNS,2024-03-12,40.66,41.35,40.66,41.09,459836
QNS,2024-03-13,41.18,41.52,41.0,41.44,398279
QNS,2024-03-14,41.44,42.3,41.44,41.96,437723
QNS,2024-03-15,41.96,42.04,41.44,41.61,259614
QNS,2024-03-18,41.61,42.04,40.92,41.26,747842
QNS,2024-03-19,41.44,41.96,41.35,41.87,404629
QNS,2024-03-20,41.96,42.04,41.52,41.87,348057
QNS,2024-03-21,41.96,42.21,41.61,41.7,407711
QNS,2024-03-22,42.04,42.04,41.44,41.52,775913
QNS,2024-03-25,41.52,41.78,41.44,41.52,573724
QNS,2024-03-26,41.52,41.78,41.44,41.61,343577
QNS,2024-03-27,41.7,42.91,41.61,42.82,1358139
QNS,2024-03-28,42.99,43.25,42.82,43.25,684980
QNS,2024-03-29,43.25,43.51,42.91,42.91,552247
QNS,2024-04-01,42.99,43.08,42.3,42.56,371556
QNS,2024-04-02,42.73,42.82,42.39,42.73,384680
QNS,2024-04-03,42.65,43.25,42.56,42.65,403365
QNS,2024-04-04,42.73,42.82,42.21,42.3,659564
QNS,2024-04-05,42.21,42.56,41.96,42.3,468951
QNS,2024-04-08,42.3,42.47,42.04,42.3,266946
QNS,2024-04-09,42.39,43.17,42.3,43.17,537166
QNS,2024-04-10,43.17,43.77,42.65,42.82,395977
QNS,2024-04-11,42.82,43.08,42.47,43.08,261989
QNS,2024-04-12,43.08,44.29,43.08,43.25,1502669
QNS,2024-04-15,43.25,43.51,42.39,42.56,946648
QNS,2024-04-16,43.98,43.98,41.1,41.55,1041182
QNS,2024-04-17,41.73,41.82,41.28,41.46,583867
QNS,2024-04-19,41.46,41.46,40.74,41.01,756078
QNS,2024-04-22,41.1,41.46,41.01,41.37,141498
QNS,2024-04-23,41.37,41.37,40.83,41.01,153151
QNS,2024-04-24,41.01,41.28,40.92,41.1,373413
QNS,2024-04-25,41.1,41.37,40.92,41.19,214144
QNS,2024-04-26,41.28,42.09,41.28,41.46,231980
QNS,2024-05-02,41.64,42.09,41.46,42.0,302905
QNS,2024-05-03,42.18,42.54,42.09,42.36,581971
QNS,2024-05-06,42.45,44.16,42.45,43.89,1400224
QNS,2024-05-07,43.89,45.52,43.8,44.7,2260211
QNS,2024-05-08,45.06,45.06,44.16,44.52,781292
QNS,2024-05-09,44.61,45.7,43.71,43.98,1524049
QNS,2024-05-10,44.07,44.52,43.53,43.98,648498
QNS,2024-05-13,43.98,44.16,43.26,43.62,874364
QNS,2024-05-14,43.62,44.16,43.35,43.98,359973
QNS,2024-05-15,44.07,44.88,43.71,44.16,1184861
QNS,2024-05-16,44.25,44.79,43.62,43.89,947997
QNS,2024-05-17,43.89,43.98,43.53,43.98,723990
QNS,2024-05-20,44.07,44.43,43.44,43.53,829066
QNS,2024-05-21,43.53,44.7,43.53,44.34,1904140
QNS,2024-05-22,44.34,44.61,43.8,44.16,870426
QNS,2024-05-23,44.16,47.05,44.07,46.51,4620273
QNS,2024-05-24,46.51,46.69,44.34,45.06,2124027
QNS,2024-05-27,45.06,46.24,44.34,44.88,1063577
QNS,2024-05-28,44.88,45.52,44.61,45.24,923506
QNS,2024-05-29,45.24,45.52,44.43,44.43,1043171
QNS,2024-05-30,44.52,44.61,44.16,44.52,992131
QNS,2024-05-31,44.52,45.24,44.43,44.79,1068381
QNS,2024-06-03,44.88,45.61,44.79,45.06,757424
QNS,2024-06-04,45.15,45.33,44.61,44.7,665008
QNS,2024-06-05,44.7,46.42,44.7,45.15,2201739
QNS,2024-06-06,45.06,46.06,45.06,45.52,1014460
QNS,2024-06-07,45.7,45.97,45.24,45.42,620658
QNS,2024-06-10,45.42,45.7,45.33,45.7,718676
QNS,2024-06-11,45.7,45.7,44.79,44.79,1321592
QNS,2024-06-12,44.97,45.15,44.79,45.06,636563
QNS,2024-06-13,45.06,45.24,44.88,44.97,523174
QNS,2024-06-14,44.97,45.15,44.34,44.43,886619
QNS,2024-06-17,44.43,44.61,44.25,44.25,497446
QNS,2024-06-18,44.34,44.61,44.25,44.43,426790
QNS,2024-06-19,44.43,44.52,44.34,44.43,449764
QNS,2024-06-20,44.52,45.06,44.34,44.61,526487
QNS,2024-06-21,44.7,44.88,44.52,44.61,267554
QNS,2024-06-24,44.7,44.79,43.62,43.71,1124732
QNS,2024-06-25,43.98,44.16,43.71,43.98,214425
QNS,2024-06-26,43.98,44.16,43.8,43.98,402040
QNS,2024-06-27,43.98,44.07,43.8,43.98,377638
QNS,2024-06-28,44.16,44.97,43.89,44.16,737940
QNS,2024-07-01,44.16,45.52,43.98,44.97,469928
QNS,2024-07-02,44.79,45.06,44.34,44.61,268522
QNS,2024-07-03,44.7,44.79,44.52,44.7,192716
QNS,2024-07-04,44.61,44.88,44.61,44.79,236263
QNS,2024-07-05,44.88,44.97,44.52,44.52,245690
QNS,2024-07-08,44.61,44.79,44.52,44.61,393187
QNS,2024-07-09,44.61,45.33,44.61,45.06,870125
QNS,2024-07-10,45.06,45.52,44.52,44.61,496342
QNS,2024-07-11,44.88,44.88,44.52,44.52,721245
QNS,2024-07-12,44.7,44.88,44.52,44.61,451244
QNS,2024-07-15,44.61,44.79,44.52,44.79,189220
QNS,2024-07-16,44.79,45.24,44.61,44.79,386365
QNS,2024-07-17,44.79,44.79,43.8,44.25,831445
QNS,2024-07-18,44.25,44.43,43.98,44.34,466456
QNS,2024-07-19,44.07,44.34,44.07,44.16,230111
QNS,2024-07-22,44.34,44.34,43.8,43.98,414510
QNS,2024-07-23,43.89,44.34,43.8,43.8,662445
QNS,2024-07-24,43.8,43.89,43.62,43.8,689898
QNS,2024-07-25,43.71,43.89,43.71,43.8,118905
QNS,2024-07-26,43.89,44.16,43.8,43.98,90328
QNS,2024-07-29,43.98,44.34,43.98,43.98,176645
QNS,2024-07-30,44.34,44.34,43.89,43.98,249925
QNS,2024-07-31,44.07,44.25,43.89,43.98,152260
QNS,2024-08-01,43.98,44.16,43.89,43.98,304968
QNS,2024-08-02,43.8,43.8,43.53,43.8,617068
QNS,2024-08-05,43.71,43.71,42.18,42.27,1060715
QNS,2024-08-06,42.99,43.71,42.0,43.08,171468
QNS,2024-08-07,42.81,43.17,42.81,42.9,241728
QNS,2024-08-08,42.9,42.99,42.81,42.9,188614
QNS,2024-08-09,42.9,43.26,42.9,42.9,159470
QNS,2024-08-12,42.9,43.35,42.9,43.17,245216
QNS,2024-08-13,43.17,43.26,42.9,42.99,185138
QNS,2024-08-14,43.17,43.26,42.72,42.81,381797
QNS,2024-08-15,42.9,42.9,42.09,42.18,492375
QNS,2024-08-16,42.36,42.99,42.18,42.99,607948
QNS,2024-08-19,43.08,43.44,42.9,43.26,385361
QNS,2024-08-20,43.26,43.89,43.17,43.44,358421
QNS,2024-08-21,43.44,43.8,43.44,43.71,435783
QNS,2024-08-22,43.71,44.07,43.62,43.98,273464
QNS,2024-08-23,43.98,44.07,43.8,43.98,175970
QNS,2024-08-26,43.98,44.16,43.98,44.16,158493
QNS,2024-08-27,44.16,44.25,43.8,43.89,162540
QNS,2024-08-28,44.81,44.81,43.89,44.26,156288
QNS,2024-08-29,43.98,44.26,43.98,44.08,52354
QNS,2024-08-30,44.17,44.35,43.62,43.89,180628
QNS,2024-09-04,43.98,44.17,43.52,43.71,103357
QNS,2024-09-05,43.71,43.8,43.52,43.52,121560
QNS,2024-09-06,43.71,43.71,43.25,43.25,142523
QNS,2024-09-09,43.71,44.17,43.16,43.25,119850
QNS,2024-09-10,43.25,43.62,42.97,42.97,225557
QNS,2024-09-11,43.25,43.34,43.06,43.34,150134
QNS,2024-09-12,43.62,43.62,43.16,43.34,232422
QNS,2024-09-13,43.25,43.62,43.16,43.43,67074
QNS,2024-09-16,43.43,43.62,43.25,43.62,235307
QNS,2024-09-17,43.62,43.62,43.34,43.62,65865
QNS,2024-09-18,43.62,43.62,43.43,43.52,107356
QNS,2024-09-19,43.52,43.98,43.34,43.52,477895
QNS,2024-09-20,43.62,44.17,43.52,44.17,645429
QNS,2024-09-23,44.17,45.09,44.17,45.0,1052506
QNS,2024-09-24,45.09,45.27,44.72,44.81,233385
QNS,2024-09-25,45.09,45.09,44.72,44.72,291841
QNS,2024-09-26,45.0,45.18,44.72,45.0,306374
QNS,2024-09-27,45.09,45.09,44.35,44.54,202813
QNS,2024-09-30,44.54,44.63,43.98,44.63,358611
QNS,2024-10-01,44.72,44.72,44.08,44.63,237406
QNS,2024-10-02,44.35,45.09,44.35,44.81,340634
QNS,2024-10-03,44.81,44.81,44.35,44.44,123936
QNS,2024-10-04,44.63,44.63,44.26,44.44,146727
QNS,2024-10-07,44.44,44.9,44.35,44.72,218038
QNS,2024-10-08,44.54,44.81,44.54,44.72,241265
QNS,2024-10-09,44.72,44.72,44.54,44.63,352697
QNS,2024-10-10,44.54,45.0,44.44,45.0,420941
QNS,2024-10-11,45.0,46.01,45.0,45.46,1200384
QNS,2024-10-14,45.46,45.55,45.09,45.27,175540
QNS,2024-10-15,45.27,45.46,45.0,45.09,295797
QNS,2024-10-16,45.27,45.36,45.09,45.36,198704
QNS,2024-10-17,45.36,45.55,45.09,45.55,165543
QNS,2024-10-18,45.55,45.82,45.46,45.55,387704
QNS,2024-10-21,45.64,45.73,44.81,45.09,384944
QNS,2024-10-22,44.81,45.0,44.72,44.9,148766
QNS,2024-10-23,45.0,45.46,44.9,44.9,116130
QNS,2024-10-24,45.18,45.18,44.81,44.81,201444
QNS,2024-10-25,44.81,45.18,44.72,44.72,383988
QNS,2024-10-28,44.9,45.36,44.81,45.0,303442
QNS,2024-10-29,45.09,45.27,45.0,45.18,261500
QNS,2024-10-30,45.18,45.27,44.9,45.0,273413
QNS,2024-10-31,45.09,45.09,44.9,45.0,78451
QNS,2024-11-01,45.0,45.09,44.9,45.0,167675
QNS,2024-11-04,45.55,45.73,44.81,45.0,218936
QNS,2024-11-05,45.55,45.55,45.0,45.09,224552
QNS,2024-11-06,45.18,45.27,45.09,45.09,454368
QNS,2024-11-07,45.09,45.27,45.0,45.18,284079
QNS,2024-11-08,45.27,45.27,45.0,45.09,443723
QNS,2024-11-11,45.27,45.64,45.0,45.55,459913
QNS,2024-11-12,45.55,45.55,45.27,45.36,188015
QNS,2024-11-13,45.46,45.46,45.18,45.36,111945
QNS,2024-11-14,45.46,45.46,45.09,45.27,298682
QNS,2024-11-15,45.27,45.27,45.09,45.09,295847
QNS,2024-11-18,45.09,45.82,45.09,45.18,202812
QNS,2024-11-19,45.18,45.27,45.09,45.09,245939
QNS,2024-11-20,45.09,45.46,45.0,45.46,321174
QNS,2024-11-21,45.36,47.2,45.36,46.93,2039675
QNS,2024-11-22,46.84,47.39,46.56,46.65,476556
QNS,2024-11-25,46.65,46.74,46.19,46.56,213664
QNS,2024-11-26,46.65,46.65,46.19,46.28,408147
QNS,2024-11-27,46.38,46.84,46.01,46.84,311662
QNS,2024-11-28,46.84,47.02,46.38,46.74,371246
QNS,2024-11-29,46.74,46.93,46.47,46.84,281216
QNS,2024-12-02,46.84,47.3,46.38,46.47,393144
QNS,2024-12-03,46.28,46.74,46.19,46.56,294756
QNS,2024-12-04,46.47,47.11,46.38,46.74,404518
QNS,2024-12-05,46.84,47.11,46.65,47.02,338480
QNS,2024-12-06,47.11,47.2,46.47,46.56,219084
QNS,2024-12-09,46.65,47.3,46.56,47.3,255847
QNS,2024-12-10,47.3,47.39,46.93,47.02,339038
QNS,2024-12-11,47.02,47.11,46.56,46.93,227281
QNS,2024-12-12,47.02,47.11,46.56,47.11,173240
QNS,2024-12-13,47.02,47.02,46.65,46.74,73025
QNS,2024-12-16,46.93,47.11,46.56,46.84,195869
QNS,2024-12-17,46.93,47.85,46.65,47.85,1011864
QNS,2024-12-18,47.85,48.12,47.39,47.48,289832
QNS,2024-12-19,47.48,47.48,46.56,46.93,567309
QNS,2024-12-20,46.56,46.93,46.56,46.74,175467
QNS,2024-12-23,46.74,46.84,46.65,46.84,117615
QNS,2024-12-24,46.93,46.93,46.65,46.74,217751
QNS,2024-12-25,46.74,47.3,46.65,47.11,260756
QNS,2024-12-26,47.11,47.85,46.74,47.76,455922
QNS,2024-12-27,47.76,48.03,47.3,47.85,390306
QNS,2024-12-30,47.85,47.85,47.48,47.48,256619
QNS,2024-12-31,47.48,47.66,46.01,46.01,558621
VNM,2020-01-02,71.41,72.14,71.1,71.96,352700
VNM,2020-01-03,72.14,72.63,72.14,72.2,625390
VNM,2020-01-06,72.14,72.14,71.28,71.65,495910
VNM,2020-01-07,71.71,72.51,71.71,72.32,459520
VNM,2020-01-08,72.32,72.51,71.71,72.51,837710
VNM,2020-01-09,72.63,72.93,72.26,72.38,624130
VNM,2020-01-10,72.38,72.75,72.26,72.57,596280
VNM,2020-01-13,72.63,72.63,71.65,71.65,412880
VNM,2020-01-14,71.65,72.08,71.47,71.9,335180
VNM,2020-01-15,71.9,71.96,71.53,71.9,681740
VNM,2020-01-16,71.9,72.32,71.53,72.14,545090
VNM,2020-01-17,72.14,72.38,71.9,72.38,375030
VNM,2020-01-20,72.63,72.75,72.26,72.63,493600
VNM,2020-01-21,72.63,74.4,72.38,73.85,853940
VNM,2020-01-22,74.4,74.4,73.85,74.03,794440
VNM,2020-01-30,72.63,73.12,70.92,71.16,1533720
VNM,2020-01-31,71.04,71.16,66.22,66.22,1915820
VNM,2020-02-03,61.95,67.44,61.64,66.1,2289150
VNM,2020-02-04,67.07,67.13,63.53,64.08,1869040
VNM,2020-02-05,64.94,65.73,63.05,65.06,1545750
VNM,2020-02-06,64.69,66.28,64.63,65.61,2137020
VNM,2020-02-07,65.73,67.44,65.67,67.26,1523380
VNM,2020-02-10,66.52,66.77,65.49,66.52,910510
VNM,2020-02-11,66.52,66.52,65.3,65.43,885960
VNM,2020-02-12,65.91,65.91,65.43,65.43,838170
VNM,2020-02-13,65.43,65.61,65.06,65.24,713560
VNM,2020-02-14,65.43,65.55,65.06,65.06,708080
VNM,2020-02-17,65.18,65.67,65.18,65.61,623350
VNM,2020-02-18,65.79,65.79,64.27,64.39,1078500
VNM,2020-02-19,64.08,65.12,64.08,64.94,747510
VNM,2020-02-20,65.3,65.61,64.88,64.94,624620
VNM,2020-02-21,65.61,66.77,65.61,66.22,1484500
VNM,2020-02-24,65.3,65.79,64.69,64.94,954600
VNM,2020-02-25,64.88,66.22,64.69,65.91,1200220
VNM,2020-02-26,65.12,65.12,64.08,64.08,1346630
VNM,2020-02-27,64.08,65.55,63.35,65.55,863890
VNM,2020-02-28,64.27,64.75,62.86,63.78,1437350
VNM,2020-03-02,63.78,64.39,63.35,63.78,909240
VNM,2020-03-03,64.39,64.82,63.84,64.27,741380
VNM,2020-03-04,64.27,64.69,63.78,63.96,612800
VNM,2020-03-05,64.08,64.63,63.78,63.78,438020
VNM,2020-03-06,63.78,63.96,63.23,63.59,664920
VNM,2020-03-09,61.03,62.56,59.2,59.2,2356790
VNM,2020-03-10,58.59,62.13,58.59,62.07,1761300
VNM,2020-03-11,62.25,64.08,60.54,62.01,2292410
VNM,2020-03-12,59.32,61.95,59.2,61.58,2431600
VNM,2020-03-13,58.1,61.4,58.1,60.48,2159130
VNM,2020-03-16,60.48,60.54,58.9,59.2,1087080
VNM,2020-03-17,58.59,58.83,57.98,58.59,1788240
VNM,2020-03-18,58.71,59.69,57.98,57.98,1322150
VNM,2020-03-19,56.76,57.37,54.32,54.32,2774560
VNM,2020-03-20,54.32,55.72,54.32,54.93,2316660
VNM,2020-03-23,54.38,54.38,51.08,51.08,2187710
VNM,2020-03-24,51.08,53.89,51.08,52.55,1739530
VNM,2020-03-25,55.29,56.21,54.99,56.15,2993020
VNM,2020-03-26,56.33,57.98,54.2,57.37,2556450
VNM,2020-03-27,57.37,58.16,56.15,57.43,2755950
VNM,2020-03-30,54.93,56.45,54.32,55.66,1559900
VNM,2020-03-31,56.33,57.0,54.93,55.54,1293290
VNM,2020-04-01,55.54,57.37,55.54,57.37,1155730
VNM,2020-04-03,57.67,58.29,57.37,57.98,1934430
VNM,2020-04-06,58.9,58.96,57.98,58.71,1840550
VNM,2020-04-07,58.9,60.42,58.47,60.12,2273090
VNM,2020-04-08,59.81,60.42,58.9,60.42,904920
VNM,2020-04-09,60.97,61.58,60.54,61.09,1220550
VNM,2020-04-10,61.03,61.03,59.87,60.79,1111470
VNM,2020-04-13,60.79,60.91,59.99,60.48,1127670
VNM,2020-04-14,60.73,60.85,60.24,60.42,1059560
VNM,2020-04-15,60.85,60.85,60.54,60.54,886130
VNM,2020-04-16,60.6,60.73,60.36,60.6,1155660
VNM,2020-04-17,61.03,61.09,60.42,60.6,1767310
VNM,2020-04-20,61.03,61.76,61.03,61.03,1471680
VNM,2020-04-21,61.03,61.03,58.47,59.08,2129360
VNM,2020-04-22,58.65,59.57,58.47,59.51,1085950
VNM,2020-04-23,60.18,60.18,58.53,58.65,1443180
VNM,2020-04-24,60.6,62.74,59.51,62.74,3624460
VNM,2020-04-27,65.0,65.0,62.74,62.74,1950560
VNM,2020-04-28,62.74,62.86,60.85,61.34,1401520
VNM,2020-04-29,60.73,60.97,60.42,60.42,1769090
VNM,2020-05-04,59.2,60.42,59.2,59.57,1235970
VNM,2020-05-05,60.3,61.58,59.81,61.34,1163800
VNM,2020-05-06,61.46,61.95,60.85,61.95,1105020
VNM,2020-05-07,62.01,63.35,61.95,63.11,1583260
VNM,2020-05-08,63.78,65.67,63.47,64.08,3184170
VNM,2020-05-11,64.08,66.22,63.9,66.22,1792200
VNM,2020-05-12,66.22,69.82,65.55,69.51,2944650
VNM,2020-05-13,69.09,70.19,67.13,69.39,2507730
VNM,2020-05-14,68.72,69.51,68.66,68.97,1397750
VNM,2020-05-15,68.97,69.27,66.77,67.62,2320230
VNM,2020-05-18,67.62,68.23,66.52,67.81,898370
VNM,2020-05-19,69.45,69.82,68.54,68.72,1432400
VNM,2020-05-20,68.66,69.82,68.66,69.58,1199680
VNM,2020-05-21,69.58,70.19,69.27,70.19,1582090
VNM,2020-05-22,69.82,70.06,69.27,69.82,1083060
VNM,2020-05-25,69.88,71.77,69.64,71.77,1581860
VNM,2020-05-26,72.02,72.02,70.31,71.77,983170
VNM,2020-05-27,71.83,71.9,70.19,70.19,1108350
VNM,2020-05-28,70.19,70.8,70.06,70.06,1004500
VNM,2020-05-29,69.27,70.31,69.27,70.19,1203680
VNM,2020-06-01,70.25,71.41,70.25,70.86,1047020
VNM,2020-06-02,70.86,71.41,70.61,70.8,891910
VNM,2020-06-03,70.92,72.08,70.55,71.16,1322080
VNM,2020-06-04,71.41,71.96,71.41,71.9,735420
VNM,2020-06-05,71.9,72.75,71.22,72.75,1076470
VNM,2020-06-08,72.75,75.31,72.69,74.95,1419750
VNM,2020-06-09,75.13,76.9,75.13,76.29,1704320
VNM,2020-06-10,76.9,76.9,74.95,75.07,1242180
VNM,2020-06-11,75.07,76.29,73.85,74.64,1098260
VNM,2020-06-12,72.02,73.12,69.94,72.02,2394330
VNM,2020-06-15,73.24,73.79,68.36,68.36,2058870
VNM,2020-06-16,69.94,71.71,69.58,71.41,844740
VNM,2020-06-17,71.41,71.53,70.43,70.55,513570
VNM,2020-06-18,70.55,71.16,69.64,70.31,523160
VNM,2020-06-19,70.31,71.1,70.19,70.19,1251600
VNM,2020-06-22,70.43,70.74,70.06,70.43,867620
VNM,2020-06-23,70.8,71.04,70.55,70.8,1063470
VNM,2020-06-24,71.04,72.26,71.04,71.47,750960
VNM,2020-06-25,71.1,71.1,70.37,71.04,572770
VNM,2020-06-26,71.16,71.47,70.43,70.74,495750
VNM,2020-06-29,70.49,70.67,68.07,69.19,1519040
VNM,2020-06-30,69.87,70.18,69.19,69.68,797960
VNM,2020-07-01,69.68,71.1,69.25,70.92,450020
VNM,2020-07-02,70.98,71.04,69.87,69.87,720480
VNM,2020-07-03,69.87,70.61,69.74,70.55,729290
VNM,2020-07-06,70.79,72.09,70.67,72.03,1319980
VNM,2020-07-07,72.03,72.4,71.72,71.72,1024960
VNM,2020-07-08,71.72,71.72,71.41,71.41,551310
VNM,2020-07-09,71.41,72.15,71.41,71.66,1560410
VNM,2020-07-10,71.72,71.97,71.29,71.29,677180
VNM,2020-07-13,71.29,71.6,70.67,70.98,943850
VNM,2020-07-14,70.61,71.23,70.42,71.23,731170
VNM,2020-07-15,71.72,72.34,71.72,71.72,1015000
VNM,2020-07-16,72.15,72.65,71.85,72.65,1112460
VNM,2020-07-17,72.15,72.59,72.03,72.22,583510
VNM,2020-07-20,71.72,72.15,71.41,71.54,474700
VNM,2020-07-21,71.54,71.91,70.86,71.72,1618780
VNM,2020-07-22,71.35,71.72,70.55,70.55,1051320
VNM,2020-07-23,70.61,70.86,70.18,70.61,766500
VNM,2020-07-24,70.61,70.61,67.39,68.69,2313270
VNM,2020-07-27,66.22,66.53,63.93,63.93,2553780
VNM,2020-07-28,64.3,67.95,64.3,67.95,1390810
VNM,2020-07-29,67.08,67.33,65.23,65.54,1497450
VNM,2020-07-30,66.78,67.7,66.03,67.39,1028620
VNM,2020-07-31,66.16,67.52,65.85,66.16,839830
VNM,2020-08-03,66.78,68.01,66.59,67.52,860190
VNM,2020-08-04,68.63,68.82,67.95,68.82,765170
VNM,2020-08-05,68.94,70.24,68.01,69.31,888080
VNM,2020-08-06,69.43,71.72,69.31,70.98,1360570
VNM,2020-08-07,71.1,71.72,70.98,71.41,1148200
VNM,2020-08-10,71.72,72.03,70.79,70.79,1412680
VNM,2020-08-11,71.04,71.1,70.49,70.79,852250
VNM,2020-08-12,70.79,71.66,70.79,71.47,1451960
VNM,2020-08-13,71.97,72.09,71.66,71.97,1238980
VNM,2020-08-14,72.09,72.96,71.85,72.15,1623690
VNM,2020-08-17,72.34,72.9,71.29,72.34,906890
VNM,2020-08-18,72.34,72.59,71.47,71.47,604570
VNM,2020-08-19,71.72,71.72,71.04,71.29,981840
VNM,2020-08-20,71.29,71.6,70.86,71.23,1254280
VNM,2020-08-21,71.41,71.72,71.17,71.47,884990
VNM,2020-08-24,72.03,72.71,71.72,72.03,1526860
VNM,2020-08-25,72.34,72.9,72.22,72.53,1693030
VNM,2020-08-26,72.96,73.08,72.28,72.4,1922780
VNM,2020-08-27,72.65,72.9,72.34,72.46,799570
VNM,2020-08-28,72.83,74.19,72.46,73.76,1341270
VNM,2020-08-31,74.38,74.81,73.89,74.81,1634090
VNM,2020-09-01,74.81,76.17,74.32,76.17,1448060
VNM,2020-09-03,76.36,77.16,76.36,77.1,2016680
VNM,2020-09-04,76.48,77.29,76.11,77.29,1711980
VNM,2020-09-07,77.29,79.39,77.22,77.9,2178380
VNM,2020-09-08,77.84,78.77,76.61,76.79,1809570
VNM,2020-09-09,75.74,76.61,75.12,76.54,1621920
VNM,2020-09-10,77.29,77.53,76.92,77.1,848330
VNM,2020-09-11,76.79,77.1,76.36,76.54,956670
VNM,2020-09-14,76.92,77.29,76.67,76.79,1194170
VNM,2020-09-15,76.79,77.22,76.67,77.16,882030
VNM,2020-09-16,77.29,77.29,76.61,76.79,724510
VNM,2020-09-17,76.67,77.78,76.67,76.98,1376570
VNM,2020-09-18,77.04,78.15,76.79,78.15,1224030
VNM,2020-09-21,78.21,80.5,78.15,80.44,2614310
VNM,2020-09-22,80.44,80.5,79.45,80.13,1244610
VNM,2020-09-23,80.32,80.5,79.82,79.88,1042800
VNM,2020-09-24,79.26,79.7,78.71,78.71,1506610
VNM,2020-09-25,79.02,79.14,78.83,78.96,1011140
VNM,2020-09-28,79.14,79.51,78.71,79.33,2169790
VNM,2020-09-29,82.91,84.87,81.4,82.31,5191680
VNM,2020-09-30,82.91,83.97,81.78,82.08,1432380
VNM,2020-10-01,82.16,82.46,81.33,82.38,1702500
VNM,2020-10-02,82.53,82.99,80.42,81.4,2864220
VNM,2020-10-05,81.4,82.16,80.65,80.88,1427600
VNM,2020-10-06,80.88,81.4,80.27,80.65,2044710
VNM,2020-10-07,80.5,81.4,80.27,81.4,2153700
VNM,2020-10-08,81.33,81.33,80.5,80.57,1325810
VNM,2020-10-09,80.65,80.73,80.35,80.42,980970
VNM,2020-10-12,80.57,81.25,80.35,80.65,1209250
VNM,2020-10-13,80.65,81.4,80.57,80.73,858550
VNM,2020-10-14,80.73,81.18,80.5,80.95,1299160
VNM,2020-10-15,81.25,81.33,80.65,81.03,1854560
VNM,2020-10-16,81.03,81.4,80.57,80.95,1637740
VNM,2020-10-19,80.95,81.63,80.95,81.18,1617740
VNM,2020-10-20,80.88,81.1,79.9,80.05,2150990
VNM,2020-10-21,80.27,80.57,79.9,80.2,805550
VNM,2020-10-22,80.5,80.5,79.22,80.42,2422540
VNM,2020-10-23,81.03,82.91,80.73,82.91,2946790
VNM,2020-10-26,83.66,84.8,82.91,83.29,2313520
VNM,2020-10-27,82.91,83.66,82.23,82.61,1721090
VNM,2020-10-28,82.01,82.16,80.27,80.95,2609180
VNM,2020-10-29,80.27,80.8,79.59,80.57,1723240
VNM,2020-10-30,80.65,81.4,79.37,81.4,2683620
VNM,2020-11-02,80.65,81.4,80.65,81.1,867340
VNM,2020-11-03,81.1,81.4,80.65,81.18,870230
VNM,2020-11-04,81.4,82.46,80.95,81.4,1342780
VNM,2020-11-05,81.4,82.46,81.4,82.01,1891270
VNM,2020-11-06,82.31,82.46,81.4,82.01,1011020
VNM,2020-11-09,82.16,82.46,81.78,82.01,1066640
VNM,2020-11-10,82.23,82.31,81.03,81.03,2297200
VNM,2020-11-11,81.33,81.33,79.9,81.03,2429710
VNM,2020-11-12,80.65,81.03,80.42,80.65,1074590
VNM,2020-11-13,80.65,80.95,80.65,80.95,1089500
VNM,2020-11-16,81.03,81.93,80.65,80.73,2571160
VNM,2020-11-17,80.88,81.18,80.65,81.1,1648330
VNM,2020-11-18,81.48,82.53,81.25,82.46,3396750
VNM,2020-11-19,82.46,82.68,82.16,82.68,3140680
VNM,2020-11-20,82.84,84.04,82.23,83.59,2801420
VNM,2020-11-23,83.66,83.89,82.76,83.36,2104330
VNM,2020-11-24,83.36,83.59,82.16,82.61,1937130
VNM,2020-11-25,82.84,83.66,82.23,83.29,2190900
VNM,2020-11-26,83.59,83.59,82.38,82.84,1490270
VNM,2020-11-27,82.84,82.84,81.93,82.76,2823860
VNM,2020-11-30,82.76,82.91,81.4,81.55,2687040
VNM,2020-12-01,80.88,82.76,80.8,82.68,2493230
VNM,2020-12-02,82.61,82.76,81.93,82.16,1332460
VNM,2020-12-03,82.16,82.84,82.01,82.53,1108730
VNM,2020-12-04,82.53,82.68,82.01,82.16,1571130
VNM,2020-12-07,82.16,83.59,82.01,82.91,1970400
VNM,2020-12-08,82.99,83.14,82.16,82.31,1468350
VNM,2020-12-09,82.91,82.99,82.38,82.68,1701940
VNM,2020-12-10,83.14,85.85,83.14,84.42,6077770
VNM,2020-12-11,84.42,85.02,84.27,84.87,2297940
VNM,2020-12-14,85.02,85.47,84.72,85.47,2535300
VNM,2020-12-15,85.17,85.4,83.51,83.82,4572910
VNM,2020-12-16,83.82,84.64,83.44,84.12,2106480
VNM,2020-12-17,83.66,83.66,83.14,83.21,2951870
VNM,2020-12-18,83.29,83.66,82.91,83.21,3342900
VNM,2020-12-21,83.21,83.97,83.06,83.66,2341080
VNM,2020-12-22,83.59,83.59,82.76,82.84,2266760
VNM,2020-12-23,82.84,83.97,82.84,83.06,2432590
VNM,2020-12-24,83.06,83.29,81.4,81.93,2511360
VNM,2020-12-25,82.01,82.23,81.48,82.16,1755510
VNM,2020-12-28,82.16,82.68,81.63,81.93,2305300
VNM,2020-12-29,82.16,82.46,81.86,82.31,1299700
VNM,2020-12-30,82.31,83.06,81.86,82.01,1856600
VNM,2020-12-31,82.16,82.84,82.01,82.01,993810
VNM,2021-01-04,82.68,82.76,82.16,82.38,2299600
VNM,2021-01-05,82.76,85.19,82.46,84.28,4013900
VNM,2021-01-06,84.43,84.66,83.52,83.52,2823100
VNM,2021-01-07,83.67,84.28,83.52,83.98,2453000
VNM,2021-01-08,84.81,85.88,84.36,85.19,3323000
VNM,2021-01-11,85.57,88.24,85.57,88.16,4603900
VNM,2021-01-12,88.62,88.77,87.78,88.46,2344900
VNM,2021-01-13,88.46,89.15,86.87,87.1,2521600
VNM,2021-01-14,87.02,87.02,85.65,86.03,3680400
VNM,2021-01-15,86.33,87.7,86.03,86.64,2125700
VNM,2021-01-18,86.79,87.55,86.18,86.18,2624000
VNM,2021-01-19,86.18,86.18,81.39,81.92,3668300
VNM,2021-01-20,82.76,83.29,80.63,82.91,3363700
VNM,2021-01-21,83.6,84.2,82.76,83.9,2531200
VNM,2021-01-22,83.82,84.28,82.68,82.68,2429000
VNM,2021-01-25,82.84,83.44,82.15,82.3,2554800
VNM,2021-01-26,82.23,82.53,79.87,81.16,2596900
VNM,2021-01-27,80.63,81.24,77.97,78.58,3153800
VNM,2021-01-28,76.07,77.51,73.1,73.1,4565600
VNM,2021-01-29,73.02,78.2,73.02,78.2,4140500
VNM,2021-02-01,78.35,80.02,77.59,78.12,2934800
VNM,2021-02-02,77.82,81.39,77.82,80.93,3350900
VNM,2021-02-03,80.93,83.44,80.93,83.44,3056500
VNM,2021-02-04,83.44,83.44,81.39,82.76,1896800
VNM,2021-02-05,82.61,83.67,82.61,83.37,2231200
VNM,2021-02-08,83.29,83.37,78.96,80.1,4331600
VNM,2021-02-09,80.1,82.84,79.79,82.15,1931700
VNM,2021-02-17,82.15,82.84,81.62,82.68,2872300
VNM,2021-02-18,82.68,82.91,81.77,82.91,2847400
VNM,2021-02-19,82.0,82.38,81.47,82.15,2696500
VNM,2021-02-22,81.69,82.0,81.62,81.77,3006200
VNM,2021-02-23,81.77,82.15,80.78,81.39,3048400
VNM,2021-02-24,81.47,82.08,80.25,80.48,2801000
VNM,2021-02-25,80.55,80.86,79.26,79.56,4282900
VNM,2021-02-26,78.8,79.79,78.65,79.72,3357800
VNM,2021-03-01,80.25,80.55,79.87,80.33,2179000
VNM,2021-03-02,80.78,81.01,79.11,79.79,3050100
VNM,2021-03-03,79.72,79.79,79.11,79.49,2551300
VNM,2021-03-04,80.02,80.25,78.35,78.65,2755100
VNM,2021-03-05,78.42,78.42,77.36,78.35,4187600
VNM,2021-03-08,78.73,78.8,77.36,77.74,3208200
VNM,2021-03-09,76.9,77.21,76.22,76.45,4141900
VNM,2021-03-10,76.45,77.97,75.91,76.9,3391300
VNM,2021-03-11,77.97,78.96,77.66,78.2,2417000
VNM,2021-03-12,78.35,78.58,77.36,77.74,2704600
VNM,2021-03-15,78.2,78.35,77.66,77.74,2379400
VNM,2021-03-16,77.74,77.82,76.14,76.83,4121100
VNM,2021-03-17,76.83,76.83,76.14,76.45,3568400
VNM,2021-03-18,76.83,77.97,76.83,77.97,2553400
VNM,2021-03-19,77.74,77.74,77.13,77.36,2339400
VNM,2021-03-22,77.36,77.44,76.52,76.67,3416300
VNM,2021-03-23,76.52,76.6,75.84,76.22,4554300
VNM,2021-03-24,75.76,76.07,74.92,75.08,3192200
VNM,2021-03-25,75.38,75.84,74.77,74.92,3152700
VNM,2021-03-26,74.54,74.92,73.48,74.09,3653700
VNM,2021-03-29,74.54,75.99,74.39,75.31,2790300
VNM,2021-03-30,75.76,76.14,75.0,75.46,2590400
VNM,2021-03-31,75.38,75.38,74.54,74.85,2815600
VNM,2021-04-01,74.92,76.83,74.54,76.83,5594000
VNM,2021-04-02,77.97,79.11,77.66,78.12,3840000
VNM,2021-04-05,79.49,79.49,77.74,78.04,2822700
VNM,2021-04-06,78.04,78.12,76.67,77.21,3452600
VNM,2021-04-07,76.83,76.83,76.07,76.14,3503700
VNM,2021-04-08,76.37,76.45,75.61,75.99,3603800
VNM,2021-04-09,76.07,76.07,75.46,75.91,2716700
VNM,2021-04-12,76.07,76.29,75.69,76.07,3632400
VNM,2021-04-13,76.67,77.36,75.84,76.07,3799100
VNM,2021-04-14,75.99,76.07,75.23,75.53,3498500
VNM,2021-04-15,75.76,76.45,75.23,75.38,3549400
VNM,2021-04-16,75.08,75.08,73.33,73.71,4876400
VNM,2021-04-19,73.71,74.16,72.34,73.1,5722900
VNM,2021-04-20,73.78,76.83,73.71,75.53,6987200
VNM,2021-04-22,75.53,75.69,73.78,74.54,3166300
VNM,2021-04-23,74.54,75.99,73.63,75.69,3556800
VNM,2021-04-26,73.78,75.31,73.02,73.02,5045600
VNM,2021-04-27,73.02,73.4,72.26,72.8,3149400
VNM,2021-04-28,72.8,72.87,71.12,71.27,5027100
VNM,2021-04-29,71.27,71.65,69.6,71.12,6499700
VNM,2021-05-04,70.67,70.74,69.6,69.68,4112800
VNM,2021-05-05,69.83,70.74,69.68,69.98,3792300
VNM,2021-05-06,69.98,69.98,68.16,68.16,7448600
VNM,2021-05-07,67.7,67.85,66.03,66.18,6744500
VNM,2021-05-10,66.18,70.74,65.49,70.74,8176900
VNM,2021-05-11,71.12,71.88,69.37,69.37,4197000
VNM,2021-05-12,68.61,70.13,68.46,69.83,3199300
VNM,2021-05-13,69.3,69.75,68.84,68.84,3118400
VNM,2021-05-14,69.37,69.37,68.08,68.08,4391200
VNM,2021-05-17,68.08,68.46,66.33,66.33,5001300
VNM,2021-05-18,66.56,66.94,66.03,66.18,2970100
VNM,2021-05-19,66.71,67.7,66.25,66.56,3526100
VNM,2021-05-20,66.79,67.01,66.18,66.94,2800500
VNM,2021-05-21,66.86,69.07,66.25,67.85,3942800
VNM,2021-05-24,68.46,69.9,68.08,69.37,4349800
VNM,2021-05-25,69.37,69.37,68.46,68.84,2791200
VNM,2021-05-26,68.46,69.9,67.93,69.22,3773300
VNM,2021-05-27,69.52,69.68,68.46,68.84,2924300
VNM,2021-05-28,69.22,69.75,68.76,69.3,3122200
VNM,2021-05-31,69.75,69.98,68.61,68.84,3095900
VNM,2021-06-01,68.84,68.99,68.38,68.38,2339900
VNM,2021-06-02,68.16,68.16,67.7,68.0,3672400
VNM,2021-06-03,68.46,69.07,68.31,68.61,3629000
VNM,2021-06-04,68.69,69.22,67.77,68.08,4564400
VNM,2021-06-07,68.93,69.0,67.77,68.85,3736600
VNM,2021-06-08,68.85,70.31,68.85,69.08,5477700
VNM,2021-06-09,69.16,69.39,68.39,68.62,3013500
VNM,2021-06-10,68.85,72.08,68.23,71.01,5619300
VNM,2021-06-11,71.01,71.24,70.24,70.85,2940400
VNM,2021-06-14,71.24,72.01,70.47,71.24,4875100
VNM,2021-06-15,71.31,71.78,70.93,71.55,4534800
VNM,2021-06-16,71.47,71.62,70.31,70.7,3041200
VNM,2021-06-17,70.08,71.01,69.93,70.08,2388800
VNM,2021-06-18,70.39,71.39,70.39,70.93,2971800
VNM,2021-06-21,70.85,70.93,69.77,69.77,4193600
VNM,2021-06-22,70.08,70.47,69.77,69.77,2242800
VNM,2021-06-23,69.77,69.93,69.08,69.31,3357300
VNM,2021-06-24,69.23,69.47,68.0,68.31,4225000
VNM,2021-06-25,68.39,69.23,68.31,69.08,2079300
VNM,2021-06-28,69.31,69.47,68.54,68.7,1847900
VNM,2021-06-29,69.16,70.62,68.54,70.08,4368100
VNM,2021-06-30,70.08,70.16,69.47,69.62,2115600
VNM,2021-07-01,69.77,70.31,69.62,70.0,3811500
VNM,2021-07-02,70.08,70.08,69.39,69.39,2750900
VNM,2021-07-05,69.39,69.62,68.23,68.7,2931000
VNM,2021-07-06,68.85,69.16,67.0,67.0,4706900
VNM,2021-07-07,67.0,69.16,66.69,69.16,4738700
VNM,2021-07-08,67.93,68.85,67.77,68.08,1908900
VNM,2021-07-09,68.0,68.08,66.92,67.0,3058100
VNM,2021-07-12,67.39,67.77,64.92,66.46,4833100
VNM,2021-07-13,66.31,66.62,64.85,64.92,2883300
VNM,2021-07-14,65.46,66.0,64.92,65.46,4180200
VNM,2021-07-15,65.46,66.46,65.08,65.62,3284100
VNM,2021-07-16,65.85,66.39,65.69,66.15,1449600
VNM,2021-07-19,65.0,65.46,64.69,65.46,4111700
VNM,2021-07-20,65.46,66.23,64.92,66.15,3207300
VNM,2021-07-21,65.77,66.15,65.62,65.69,1696200
VNM,2021-07-22,65.85,67.08,65.69,66.85,2152400
VNM,2021-07-23,66.85,69.16,66.31,67.46,4126700
VNM,2021-07-26,67.77,68.7,67.69,68.46,2791500
VNM,2021-07-27,68.46,68.93,67.39,67.39,2388200
VNM,2021-07-28,67.08,67.31,66.69,66.92,1665500
VNM,2021-07-29,67.0,67.54,66.23,66.85,2648300
VNM,2021-07-30,66.85,67.16,66.15,66.31,4405200
VNM,2021-08-02,66.39,66.92,66.23,66.62,2574300
VNM,2021-08-03,66.69,67.39,66.69,67.08,2714600
VNM,2021-08-04,67.39,67.39,67.0,67.08,2873000
VNM,2021-08-05,66.92,67.08,66.69,66.69,2833600
VNM,2021-08-06,66.92,68.08,66.69,67.16,3960600
VNM,2021-08-09,67.16,67.69,67.0,67.54,2731300
VNM,2021-08-10,67.77,69.31,67.77,68.85,5965600
VNM,2021-08-11,69.23,70.39,69.16,70.0,5330400
VNM,2021-08-12,69.93,70.47,69.54,69.7,4287800
VNM,2021-08-13,69.62,69.7,68.7,69.23,4105500
VNM,2021-08-16,69.23,69.77,68.54,68.93,3270800
VNM,2021-08-17,69.0,69.39,68.62,68.77,2202200
VNM,2021-08-18,68.93,70.0,68.85,69.31,4710100
VNM,2021-08-19,69.7,69.7,69.16,69.54,3061300
VNM,2021-08-20,69.54,69.54,67.0,67.62,4326800
VNM,2021-08-23,67.54,67.62,66.23,66.23,4356500
VNM,2021-08-24,66.31,67.0,66.0,66.46,2375700
VNM,2021-08-25,66.54,67.08,66.23,66.92,1675500
VNM,2021-08-26,66.92,67.54,66.77,67.0,1896000
VNM,2021-08-27,67.31,67.39,66.77,67.0,2346900
VNM,2021-08-30,67.08,67.46,67.0,67.31,4306000
VNM,2021-08-31,67.39,67.46,67.08,67.31,2957200
VNM,2021-09-01,67.31,68.39,67.16,67.85,3430100
VNM,2021-09-06,68.0,68.39,67.93,68.0,3212200
VNM,2021-09-07,68.79,68.79,67.61,67.61,2622200
VNM,2021-09-08,67.61,67.61,66.83,66.91,3682200
VNM,2021-09-09,66.91,66.98,66.59,66.75,2452400
VNM,2021-09-10,66.75,68.16,66.59,67.77,3962100
VNM,2021-09-13,67.77,68.47,67.61,68.32,2956200
VNM,2021-09-14,68.32,68.4,67.85,68.16,2482900
VNM,2021-09-15,68.0,68.0,67.46,67.46,2425000
VNM,2021-09-16,67.77,67.77,67.3,67.69,1825400
VNM,2021-09-17,67.69,69.26,67.61,67.77,5292600
VNM,2021-09-20,68.63,69.81,68.4,69.49,5447700
VNM,2021-09-21,68.94,69.65,68.71,69.57,3096300
VNM,2021-09-22,69.34,71.84,69.34,71.69,10050100
VNM,2021-09-23,71.69,72.39,70.82,71.14,3941300
VNM,2021-09-24,71.29,71.61,70.9,71.06,2990000
VNM,2021-09-27,70.98,71.61,69.57,69.57,5053900
VNM,2021-09-28,69.57,70.43,68.94,69.96,3757200
VNM,2021-09-29,69.96,70.59,69.49,70.2,2763400
VNM,2021-09-30,70.43,71.06,70.2,70.2,2799400
VNM,2021-10-01,69.96,70.82,69.81,70.35,3805400
VNM,2021-10-04,70.9,71.37,70.59,70.67,3060200
VNM,2021-10-05,70.75,70.75,70.2,70.2,2268000
VNM,2021-10-06,70.2,70.59,69.88,69.96,2498500
VNM,2021-10-07,69.96,70.04,69.57,69.57,2981800
VNM,2021-10-08,69.65,70.51,69.49,70.2,2618600
VNM,2021-10-11,70.51,70.82,70.12,70.51,2474800
VNM,2021-10-12,70.82,71.53,70.59,70.82,3616300
VNM,2021-10-13,71.29,71.53,70.51,70.59,3793100
VNM,2021-10-14,70.67,70.9,70.2,70.51,2006400
VNM,2021-10-15,70.51,71.06,70.2,70.51,3206000
VNM,2021-10-18,70.51,70.59,69.88,70.35,2305800
VNM,2021-10-19,70.35,70.9,70.35,70.75,5984500
VNM,2021-10-20,70.82,70.98,69.73,70.51,3480500
VNM,2021-10-21,70.51,70.59,69.81,69.81,2936500
VNM,2021-10-22,70.12,70.9,69.88,70.9,4487700
VNM,2021-10-25,70.9,70.98,70.43,70.59,2769500
VNM,2021-10-26,70.51,70.67,70.04,70.2,1641200
VNM,2021-10-27,70.51,70.98,70.28,70.82,3549900
VNM,2021-10-28,70.9,71.69,70.9,70.98,4093700
VNM,2021-10-29,70.98,71.29,70.75,71.06,3748500
VNM,2021-11-01,71.14,71.53,70.35,70.51,5083800
VNM,2021-11-02,70.51,70.51,69.73,69.88,4888900
VNM,2021-11-03,69.81,70.12,69.1,69.1,5547900
VNM,2021-11-04,69.26,69.49,69.02,69.26,2513000
VNM,2021-11-05,69.41,70.04,69.34,69.88,2654600
VNM,2021-11-08,70.28,71.37,70.2,71.14,6171800
VNM,2021-11-09,71.29,71.37,70.28,70.35,3695000
VNM,2021-11-10,70.51,70.59,69.96,70.28,2666100
VNM,2021-11-11,70.35,70.82,69.96,70.2,3380600
VNM,2021-11-12,70.51,70.59,69.81,69.96,2120400
VNM,2021-11-15,70.12,70.2,69.73,69.73,3268000
VNM,2021-11-16,69.73,69.96,69.34,69.41,3251700
VNM,2021-11-17,69.41,70.2,69.41,69.57,2514400
VNM,2021-11-18,69.57,69.57,68.94,68.94,3900000
VNM,2021-11-19,68.94,69.26,67.38,67.46,5151200
VNM,2021-11-22,67.38,67.77,67.3,67.53,3497600
VNM,2021-11-23,67.77,67.93,67.38,67.61,2198800
VNM,2021-11-24,67.77,68.55,67.77,68.55,2124500
VNM,2021-11-25,68.55,69.1,68.32,68.55,2175400
VNM,2021-11-26,68.63,69.57,68.55,69.18,3015700
VNM,2021-11-29,68.79,68.87,68.32,68.55,2835900
VNM,2021-11-30,68.63,69.57,68.63,68.63,3177100
VNM,2021-12-01,68.94,69.41,68.47,68.55,1894500
VNM,2021-12-02,68.55,68.94,68.47,68.47,1254100
VNM,2021-12-03,68.63,68.94,67.22,67.22,2900400
VNM,2021-12-06,67.38,67.85,66.83,66.83,3168200
VNM,2021-12-07,67.22,67.77,66.91,67.77,1530000
VNM,2021-12-08,67.61,67.77,67.14,67.38,1294500
VNM,2021-12-09,67.3,68.24,67.14,68.16,1449900
VNM,2021-12-10,67.77,68.16,67.22,67.61,1485000
VNM,2021-12-13,67.61,68.0,67.38,67.69,1495700
VNM,2021-12-14,67.69,68.08,67.53,67.61,1671200
VNM,2021-12-15,67.69,67.93,67.61,67.61,1214100
VNM,2021-12-16,67.61,67.85,67.38,67.85,1610300
VNM,2021-12-17,67.85,67.93,67.14,67.14,2660200
VNM,2021-12-20,67.38,67.61,67.06,67.14,1807000
VNM,2021-12-21,67.22,67.38,66.98,66.98,1192900
VNM,2021-12-22,67.14,67.53,66.83,66.91,1844400
VNM,2021-12-23,66.91,66.91,66.2,66.36,2147800
VNM,2021-12-24,66.36,67.38,66.36,67.38,1148400
VNM,2021-12-27,67.38,67.69,67.14,67.46,1138300
VNM,2021-12-28,67.53,67.53,66.75,66.98,1544400
VNM,2021-12-29,66.98,67.06,66.67,66.75,945400
VNM,2021-12-30,66.83,67.06,66.67,66.83,893100
VNM,2021-12-31,66.98,68.55,66.83,67.69,2325100
VNM,2022-01-04,68.32,68.47,67.93,67.93,1885600
VNM,2022-01-05,68.0,68.16,67.38,67.53,3124600
VNM,2022-01-06,67.46,67.46,66.83,66.91,2848200
VNM,2022-01-07,66.83,67.06,66.59,66.75,2553900
VNM,2022-01-10,67.54,67.7,66.51,66.67,2146400
VNM,2022-01-11,66.59,66.91,66.51,66.67,1829000
VNM,2022-01-12,66.75,66.75,65.87,66.19,2183600
VNM,2022-01-13,66.43,66.67,66.03,66.19,1711600
VNM,2022-01-14,66.19,67.78,65.87,67.46,2516600
VNM,2022-01-17,67.7,67.7,66.03,66.03,2100400
VNM,2022-01-18,66.03,66.51,65.79,66.43,2100400
VNM,2022-01-19,66.03,66.51,65.87,66.43,1764900
VNM,2022-01-20,66.11,66.35,66.03,66.11,1488400
VNM,2022-01-21,66.11,66.35,65.71,65.79,1576400
VNM,2022-01-24,65.79,65.87,64.52,64.52,2222200
VNM,2022-01-25,64.12,64.52,63.0,63.08,3758600
VNM,2022-01-26,63.16,64.12,63.16,63.48,1452100
VNM,2022-01-27,63.8,66.43,63.8,66.19,2039000
VNM,2022-01-28,66.11,67.07,65.95,66.19,2257400
VNM,2022-02-07,66.27,66.91,66.03,66.51,1324200
VNM,2022-02-08,66.43,66.51,65.31,65.31,2708900
VNM,2022-02-09,65.31,66.67,65.31,65.95,1799300
VNM,2022-02-10,65.95,66.35,65.55,65.87,1612500
VNM,2022-02-11,65.71,65.79,65.23,65.31,1624600
VNM,2022-02-14,64.92,65.31,64.52,64.6,2971800
VNM,2022-02-15,64.6,64.92,64.52,64.68,1465300
VNM,2022-02-16,64.68,64.76,63.96,64.04,2825100
VNM,2022-02-17,64.12,64.68,64.04,64.36,1787700
VNM,2022-02-18,63.8,64.36,63.8,64.2,1808100
VNM,2022-02-21,64.44,65.0,64.44,64.52,1280600
VNM,2022-02-22,64.44,64.52,63.48,63.72,3204500
VNM,2022-02-23,63.72,64.12,63.56,63.72,2200300
VNM,2022-02-24,63.72,63.72,62.53,62.61,2723500
VNM,2022-02-25,62.92,63.32,62.84,62.84,1347700
VNM,2022-02-28,62.84,62.92,61.97,62.45,2258900
VNM,2022-03-01,62.45,63.24,62.29,63.08,1273100
VNM,2022-03-02,63.08,63.08,62.13,62.53,2037100
VNM,2022-03-03,62.69,62.92,62.29,62.45,1486600
VNM,2022-03-04,62.45,62.45,61.97,62.05,2511600
VNM,2022-03-07,62.05,62.05,61.09,61.17,3530800
VNM,2022-03-08,60.77,60.93,60.53,60.61,2383000
VNM,2022-03-09,60.53,61.17,59.74,59.82,3003700
VNM,2022-03-10,60.53,62.05,60.53,61.41,2971800
VNM,2022-03-11,61.49,62.53,61.41,62.13,2322900
VNM,2022-03-14,62.13,62.13,61.25,61.49,1654700
VNM,2022-03-15,61.33,61.73,60.77,61.49,1482600
VNM,2022-03-16,61.49,62.13,61.33,61.57,1850400
VNM,2022-03-17,61.81,61.97,60.85,60.85,1354400
VNM,2022-03-18,61.01,61.33,60.53,60.53,4233000
VNM,2022-03-21,60.53,62.05,60.53,61.81,1884100
VNM,2022-03-22,62.05,62.05,61.17,61.25,2390200
VNM,2022-03-23,61.17,61.33,60.46,60.61,3226000
VNM,2022-03-24,60.53,60.61,59.9,60.22,3389800
VNM,2022-03-25,60.22,60.38,59.82,59.9,2699500
VNM,2022-03-28,59.98,60.22,58.46,58.46,4038700
VNM,2022-03-29,58.54,60.14,58.54,60.14,2139300
VNM,2022-03-30,60.14,61.01,59.82,60.69,3413800
VNM,2022-03-31,60.69,64.52,60.53,64.44,9645800
VNM,2022-04-01,64.52,65.87,63.96,65.08,6112000
VNM,2022-04-04,65.31,65.71,64.92,65.47,3808700
VNM,2022-04-05,65.15,65.15,64.04,64.04,2202100
VNM,2022-04-06,63.72,64.68,63.0,63.16,4306700
VNM,2022-04-07,63.64,63.72,62.53,62.53,1760300
VNM,2022-04-08,62.53,63.0,61.57,61.57,2738300
VNM,2022-04-12,61.57,61.97,60.93,61.17,1776300
VNM,2022-04-13,61.17,62.53,61.09,61.49,2118800
VNM,2022-04-14,61.73,62.13,60.77,60.77,1810200
VNM,2022-04-15,60.93,61.81,60.53,60.93,1362400
VNM,2022-04-18,60.93,62.05,60.85,61.33,2564300
VNM,2022-04-19,61.41,61.89,60.53,60.53,1670200
VNM,2022-04-20,60.53,61.09,60.22,60.22,1931100
VNM,2022-04-21,59.98,60.93,59.74,59.74,4615600
VNM,2022-04-22,60.3,60.93,60.14,60.46,2800400
VNM,2022-04-25,60.53,60.77,58.15,58.54,2659800
VNM,2022-04-26,58.54,60.53,56.47,60.46,3883000
VNM,2022-04-27,59.9,60.38,58.7,59.74,1826000
VNM,2022-04-28,59.66,59.66,58.78,59.18,1911000
VNM,2022-04-29,59.26,59.74,58.94,59.1,1630100
VNM,2022-05-04,59.1,59.26,57.75,57.75,1763900
VNM,2022-05-05,58.3,58.3,56.95,57.43,1548200
VNM,2022-05-06,56.87,57.03,55.36,55.92,2109800
VNM,2022-05-09,55.92,56.95,55.44,55.76,2392100
VNM,2022-05-10,55.76,57.27,55.76,56.23,3106500
VNM,2022-05-11,56.23,56.63,55.36,55.36,1793700
VNM,2022-05-12,55.6,55.6,52.97,52.97,3189100
VNM,2022-05-13,53.37,54.0,52.49,52.65,4590600
VNM,2022-05-16,53.05,53.84,52.33,52.41,1977800
VNM,2022-05-17,52.25,55.76,51.93,55.76,2105100
VNM,2022-05-18,55.76,56.15,55.36,55.99,1983200
VNM,2022-05-19,55.36,55.76,54.96,54.96,1449400
VNM,2022-05-20,54.96,55.68,54.16,54.24,1296200
VNM,2022-05-23,54.56,54.72,52.73,52.81,2022200
VNM,2022-05-24,53.13,54.88,52.97,54.88,2033000
VNM,2022-05-25,54.88,57.59,54.88,57.27,2362100
VNM,2022-05-26,57.27,57.27,56.31,56.79,1530800
VNM,2022-05-27,56.79,58.38,56.31,58.15,3456900
VNM,2022-05-30,58.07,58.07,57.35,57.75,2124400
VNM,2022-05-31,57.43,57.67,57.11,57.11,2058700
VNM,2022-06-01,56.95,57.83,56.79,57.27,1229600
VNM,2022-06-02,57.35,57.35,56.39,56.63,1487800
VNM,2022-06-03,56.55,56.79,55.76,55.99,1052800
VNM,2022-06-06,55.92,56.71,55.76,56.39,1432000
VNM,2022-06-07,55.99,56.31,55.76,56.23,1322200
VNM,2022-06-08,56.31,56.87,56.31,56.55,1698600
VNM,2022-06-09,56.55,56.63,55.92,55.92,1045100
VNM,2022-06-10,55.76,55.92,55.36,55.36,1483300
VNM,2022-06-13,54.48,54.48,52.73,52.89,2379700
VNM,2022-06-14,52.17,53.76,52.09,52.65,1393200
VNM,2022-06-15,52.65,52.97,51.38,51.38,2680600
VNM,2022-06-16,51.85,54.4,51.77,54.16,2215500
VNM,2022-06-17,53.29,54.64,51.93,53.13,2502800
VNM,2022-06-20,52.89,55.52,52.89,54.96,2588200
VNM,2022-06-21,55.12,58.78,54.8,58.7,4839300
VNM,2022-06-22,58.23,58.46,56.23,56.23,2214000
VNM,2022-06-23,56.23,57.35,55.76,56.31,1103100
VNM,2022-06-24,56.55,58.07,56.47,56.95,1684400
VNM,2022-06-27,57.19,57.43,55.99,56.63,1804300
VNM,2022-06-28,56.23,57.91,55.84,56.39,3037200
VNM,2022-06-29,56.23,57.91,56.23,57.59,1941000
VNM,2022-06-30,57.59,59.58,57.51,57.51,3582600
VNM,2022-07-01,57.59,58.86,57.35,58.7,2859000
VNM,2022-07-04,58.94,60.38,58.78,59.82,3139300
VNM,2022-07-05,59.98,60.06,58.15,58.23,2590800
VNM,2022-07-06,58.51,58.92,57.28,58.27,2360100
VNM,2022-07-07,58.27,60.16,57.69,60.16,3049600
VNM,2022-07-08,60.16,60.41,59.75,60.16,1704200
VNM,2022-07-11,59.5,61.56,59.34,60.16,2556900
VNM,2022-07-12,60.16,60.9,59.83,60.41,976100
VNM,2022-07-13,60.33,60.66,59.67,59.75,1423500
VNM,2022-07-14,59.58,60.33,59.5,59.67,982300
VNM,2022-07-15,59.67,60.16,59.01,59.01,1475000
VNM,2022-07-18,59.34,59.5,58.92,59.09,1106700
VNM,2022-07-19,59.34,60.08,59.01,60.0,1530100
VNM,2022-07-20,60.33,60.66,60.0,60.16,1167800
VNM,2022-07-21,59.75,60.66,59.5,60.33,1720500
VNM,2022-07-22,60.33,60.33,59.34,59.34,712300
VNM,2022-07-25,59.34,60.08,59.17,60.08,1242600
VNM,2022-07-26,60.08,60.16,59.17,59.34,1154000
VNM,2022-07-27,59.34,59.83,59.17,59.5,789500
VNM,2022-07-28,59.75,60.0,59.58,59.83,1219400
VNM,2022-07-29,59.91,60.66,59.67,60.0,2582800
VNM,2022-08-01,60.0,60.57,59.5,60.57,2527600
VNM,2022-08-02,60.49,61.15,59.91,60.49,2600900
VNM,2022-08-03,60.0,60.57,59.75,60.49,3134700
VNM,2022-08-04,60.49,60.49,60.0,60.41,1720600
VNM,2022-08-05,60.41,60.49,59.83,59.83,2135400
VNM,2022-08-08,59.75,59.75,59.42,59.5,2795800
VNM,2022-08-09,59.5,59.67,59.34,59.34,2129800
VNM,2022-08-10,59.34,59.83,59.34,59.75,1544800
VNM,2022-08-11,59.83,59.83,58.27,58.6,3884600
VNM,2022-08-12,58.51,59.25,58.51,59.25,1796100
VNM,2022-08-15,59.34,59.34,58.76,58.92,2525800
VNM,2022-08-16,59.17,59.67,59.09,59.17,1688300
VNM,2022-08-17,59.17,59.83,59.09,59.83,1316400
VNM,2022-08-18,59.83,60.66,59.83,60.49,4230600
VNM,2022-08-19,60.49,61.4,60.08,61.07,5225600
VNM,2022-08-22,61.07,61.64,60.74,60.74,2071700
VNM,2022-08-23,60.74,62.55,60.66,62.47,4551200
VNM,2022-08-24,62.47,64.53,62.47,64.03,5443600
VNM,2022-08-25,64.2,64.53,63.46,64.2,2182100
VNM,2022-08-26,64.12,64.36,62.8,63.37,2463000
VNM,2022-08-29,62.72,62.88,62.14,62.22,3311500
VNM,2022-08-30,62.22,62.96,62.22,62.63,2234900
VNM,2022-08-31,62.55,62.96,62.22,62.22,1657100
VNM,2022-09-05,62.22,64.12,62.22,63.87,3169400
VNM,2022-09-06,63.87,65.11,63.7,64.12,2649000
VNM,2022-09-07,64.12,64.12,62.39,62.39,2916400
VNM,2022-09-08,62.63,63.05,61.97,62.39,1351100
VNM,2022-09-09,62.55,63.05,62.22,62.55,1188500
VNM,2022-09-12,62.63,62.8,62.06,62.06,1391890
VNM,2022-09-13,61.97,62.63,61.97,62.39,1561638
VNM,2022-09-14,61.73,61.81,60.82,60.98,2040943
VNM,2022-09-15,61.07,61.97,61.07,61.4,1210034
VNM,2022-09-16,61.56,62.63,61.31,62.63,2310120
VNM,2022-09-19,62.3,62.39,61.73,61.97,1419408
VNM,2022-09-20,62.06,62.8,62.06,62.47,1140495
VNM,2022-09-21,62.39,63.95,62.3,63.37,2480307
VNM,2022-09-22,63.13,63.54,62.63,63.37,1034545
VNM,2022-09-23,63.46,63.7,63.05,63.21,1399756
VNM,2022-09-26,62.47,62.8,60.74,60.98,3387326
VNM,2022-09-27,61.4,61.73,59.58,59.67,2416742
VNM,2022-09-28,59.34,60.16,58.43,59.17,2146817
VNM,2022-09-29,60.08,60.57,59.5,59.91,2034120
VNM,2022-09-30,59.25,60.41,59.25,59.58,2346199
VNM,2022-10-03,59.25,59.75,58.51,58.51,2040145
VNM,2022-10-04,59.17,59.17,57.69,58.43,1632502
VNM,2022-10-05,58.51,59.34,58.51,59.01,1494257
VNM,2022-10-06,58.76,58.84,57.69,57.69,1503513
VNM,2022-10-07,57.11,58.76,54.8,57.52,2686766
VNM,2022-10-10,56.45,58.92,55.55,58.1,1663239
VNM,2022-10-11,58.1,58.92,57.36,57.85,1719285
VNM,2022-10-12,58.1,59.09,57.77,59.01,1274959
VNM,2022-10-13,58.51,60.82,58.35,60.82,3172239
VNM,2022-10-14,60.98,61.4,60.74,60.98,1437871
VNM,2022-10-17,60.82,61.89,60.74,61.07,1681156
VNM,2022-10-18,61.81,63.46,61.56,63.05,3138948
VNM,2022-10-19,62.72,63.29,62.72,63.13,1038904
VNM,2022-10-20,63.13,63.87,62.47,63.87,2291524
VNM,2022-10-21,63.87,64.61,63.05,63.46,2098990
VNM,2022-10-24,63.62,63.62,60.98,60.98,1579414
VNM,2022-10-25,61.07,63.29,61.07,62.63,1658734
VNM,2022-10-26,62.63,62.96,62.3,62.63,825157
VNM,2022-10-27,62.63,64.69,62.63,64.69,2285350
VNM,2022-10-28,64.69,64.78,64.03,64.28,1440253
VNM,2022-10-31,64.03,64.69,63.7,64.69,1573511
VNM,2022-11-01,64.69,67.99,64.69,66.09,3182949
VNM,2022-11-02,66.09,66.18,64.53,64.53,1831325
VNM,2022-11-03,64.28,66.51,64.28,65.93,1279244
VNM,2022-11-04,65.85,66.75,64.28,65.93,2910873
VNM,2022-11-07,66.01,67.74,65.93,67.74,2640530
VNM,2022-11-08,67.74,67.91,65.6,67.91,2303484
VNM,2022-11-09,67.58,67.74,65.93,66.67,2702165
VNM,2022-11-10,66.67,66.75,63.46,64.61,2639743
VNM,2022-11-11,65.02,66.26,64.61,64.61,1565416
VNM,2022-11-14,64.28,67.58,62.72,65.11,2597912
VNM,2022-11-15,65.11,65.44,63.05,63.46,2090963
VNM,2022-11-16,62.22,64.94,60.82,61.4,3544510
VNM,2022-11-17,63.29,64.53,61.89,62.63,2600851
VNM,2022-11-18,63.46,64.12,62.39,63.46,2230809
VNM,2022-11-21,63.46,64.2,63.37,64.2,1788236
VNM,2022-11-22,63.87,66.09,63.79,65.52,2282682
VNM,2022-11-23,65.52,65.68,64.53,65.44,773770
VNM,2022-11-24,65.11,66.92,65.02,66.92,2883664
VNM,2022-11-25,67.0,68.15,66.75,67.74,2597228
VNM,2022-11-28,67.58,68.73,67.33,67.33,2300555
VNM,2022-11-29,67.0,68.65,66.34,68.4,2405600
VNM,2022-11-30,68.4,68.4,67.17,68.24,1996463
VNM,2022-12-01,67.25,68.32,67.25,67.91,2218159
VNM,2022-12-02,67.83,69.23,67.58,69.23,2523394
VNM,2022-12-05,69.31,70.54,69.31,70.05,2067794
VNM,2022-12-06,70.05,70.13,67.99,67.99,1396651
VNM,2022-12-07,68.4,69.47,67.41,67.99,1840655
VNM,2022-12-08,68.4,69.23,66.75,66.75,1597948
VNM,2022-12-09,66.75,67.41,65.93,65.93,2409728
VNM,2022-12-12,66.18,67.5,64.61,64.69,3144784
VNM,2022-12-13,64.78,65.44,63.62,64.28,3611310
VNM,2022-12-14,65.44,65.44,63.87,63.87,3523110
VNM,2022-12-15,63.87,65.27,63.7,63.95,2596282
VNM,2022-12-16,64.03,64.94,63.95,64.28,3003287
VNM,2022-12-19,64.69,64.69,63.46,63.46,2425078
VNM,2022-12-20,63.7,65.68,63.37,64.86,3031345
VNM,2022-12-21,65.68,66.42,65.52,65.68,2306984
VNM,2022-12-22,66.52,66.69,64.59,64.59,1588107
VNM,2022-12-23,64.68,65.6,63.92,63.92,1562595
VNM,2022-12-26,64.09,65.1,63.67,63.76,1658620
VNM,2022-12-27,64.43,65.43,63.76,64.26,1587728
VNM,2022-12-28,64.34,65.43,64.26,64.59,1189135
VNM,2022-12-29,64.93,65.6,64.59,64.59,1330412
VNM,2022-12-30,65.43,65.43,63.84,63.84,1199657
VNM,2023-01-03,64.17,65.85,63.92,65.85,1496887
VNM,2023-01-04,66.02,66.52,65.94,66.52,1090697
VNM,2023-01-05,66.52,68.29,66.27,68.12,2471156
VNM,2023-01-06,67.95,68.12,66.78,66.94,1270661
VNM,2023-01-09,67.03,67.7,66.78,67.7,949900
VNM,2023-01-10,67.87,68.37,67.61,67.95,1196828
VNM,2023-01-11,67.95,68.45,66.61,66.61,1535421
VNM,2023-01-12,67.03,67.28,66.52,67.11,685545
VNM,2023-01-13,67.28,68.03,67.19,67.61,1449667
VNM,2023-01-16,67.61,67.78,66.61,66.61,655271
VNM,2023-01-17,67.28,67.95,66.61,67.87,1672065
VNM,2023-01-18,67.87,68.37,67.7,68.2,1299292
VNM,2023-01-19,67.78,68.37,67.11,68.2,2628489
VNM,2023-01-27,68.29,68.7,66.78,67.11,2333482
VNM,2023-01-30,67.11,67.11,66.61,66.61,1614712
VNM,2023-01-31,66.44,66.69,64.51,64.68,4819134
VNM,2023-02-01,65.18,65.27,64.51,64.76,1811677
VNM,2023-02-02,64.93,65.01,64.34,64.34,1494960
VNM,2023-02-03,64.59,64.68,63.67,63.76,1857505
VNM,2023-02-06,63.67,65.01,63.67,64.93,1911471
VNM,2023-02-07,65.1,65.1,63.84,63.84,1275373
VNM,2023-02-08,63.92,64.26,63.5,63.59,1551091
VNM,2023-02-09,63.59,63.76,62.92,62.92,1594747
VNM,2023-02-10,62.92,63.67,62.92,63.67,1236884
VNM,2023-02-13,63.67,63.67,62.16,63.17,1570936
VNM,2023-02-14,63.17,63.5,62.41,62.66,1074782
VNM,2023-02-15,62.66,63.76,62.41,63.76,1444301
VNM,2023-02-16,63.76,64.17,63.42,64.17,692037
VNM,2023-02-17,63.84,64.09,63.17,63.76,777880
VNM,2023-02-20,63.76,65.01,63.34,65.01,1386188
VNM,2023-02-21,65.01,65.1,64.34,64.76,889193
VNM,2023-02-22,64.01,64.34,63.34,63.34,1296443
VNM,2023-02-23,63.34,64.51,62.41,63.5,2328809
VNM,2023-02-24,63.5,63.76,62.5,62.66,1681692
VNM,2023-02-27,62.66,63.67,62.08,63.08,1113616
VNM,2023-02-28,63.34,63.67,63.0,63.34,1035315
VNM,2023-03-01,63.0,64.59,62.92,64.51,1636044
VNM,2023-03-02,64.51,64.51,63.84,64.17,1089291
VNM,2023-03-03,62.92,64.43,62.92,63.76,704604
VNM,2023-03-06,63.76,64.26,62.92,62.92,892543
VNM,2023-03-07,63.67,63.92,63.34,63.59,1171596
VNM,2023-03-08,63.08,64.17,62.92,64.17,1245092
VNM,2023-03-09,63.92,64.68,63.92,64.17,1390428
VNM,2023-03-10,64.17,64.76,63.84,64.51,1428506
VNM,2023-03-13,64.43,64.68,64.26,64.51,1825388
VNM,2023-03-14,64.01,64.51,63.42,64.26,1735682
VNM,2023-03-15,64.26,64.85,64.17,64.68,1960620
VNM,2023-03-16,64.59,64.68,63.67,64.09,1530353
VNM,2023-03-17,64.09,64.09,62.5,62.5,2433870
VNM,2023-03-20,62.92,62.92,62.16,62.33,1610450
VNM,2023-03-21,62.41,63.0,62.25,62.41,1351452
VNM,2023-03-22,62.58,62.66,62.41,62.41,901008
VNM,2023-03-23,62.33,63.17,62.08,63.17,1285502
VNM,2023-03-24,62.92,63.34,62.75,62.92,932820
VNM,2023-03-27,62.92,62.92,62.33,62.58,1371841
VNM,2023-03-28,62.5,63.17,62.41,62.41,1650696
VNM,2023-03-29,62.66,62.83,62.41,62.83,907785
VNM,2023-03-30,62.66,63.25,62.58,62.92,839461
VNM,2023-03-31,62.92,63.25,62.41,62.41,1076689
VNM,2023-04-03,62.58,62.83,62.25,62.41,851274
VNM,2023-04-04,62.41,62.5,62.25,62.25,1819637
VNM,2023-04-05,62.25,62.75,62.16,62.5,964016
VNM,2023-04-06,62.41,62.58,62.33,62.33,906247
VNM,2023-04-07,62.41,62.66,62.33,62.66,795228
VNM,2023-04-10,62.66,62.66,62.41,62.41,833066
VNM,2023-04-11,62.33,62.5,62.16,62.41,783565
VNM,2023-04-12,62.41,62.41,62.08,62.33,979996
VNM,2023-04-13,62.33,62.41,61.66,61.66,891570
VNM,2023-04-14,61.74,61.83,61.07,61.07,1294816
VNM,2023-04-17,61.07,61.15,60.15,60.15,1366872
VNM,2023-04-18,60.23,61.24,60.23,61.24,932467
VNM,2023-04-19,61.32,61.32,60.4,60.4,817480
VNM,2023-04-20,60.48,60.9,60.23,60.32,822994
VNM,2023-04-21,60.4,60.4,59.39,59.48,1109508
VNM,2023-04-24,59.56,59.64,58.89,59.14,1135168
VNM,2023-04-25,59.14,59.9,58.55,58.64,1371733
VNM,2023-04-26,58.72,59.56,58.72,59.56,942125
VNM,2023-04-27,59.56,59.56,58.3,58.3,1370570
VNM,2023-04-28,58.55,58.89,58.47,58.72,1117094
VNM,2023-05-04,58.72,58.72,57.38,57.55,2659616
VNM,2023-05-05,57.55,58.05,57.55,57.72,712871
VNM,2023-05-08,57.88,59.06,57.88,59.06,1228760
VNM,2023-05-09,59.39,59.56,59.14,59.31,872498
VNM,2023-05-10,59.39,59.64,59.14,59.14,952494
VNM,2023-05-11,59.14,59.48,58.72,58.72,447884
VNM,2023-05-12,59.06,59.06,58.3,58.39,1214899
VNM,2023-05-15,58.64,58.64,57.88,57.88,1539719
VNM,2023-05-16,57.88,58.47,57.88,58.47,1381060
VNM,2023-05-17,58.47,58.47,57.72,57.88,1869705
VNM,2023-05-18,57.88,58.72,57.46,58.05,2498777
VNM,2023-05-19,58.22,58.3,57.55,57.55,1204484
VNM,2023-05-22,57.63,57.88,57.21,57.21,1699621
VNM,2023-05-23,57.04,57.38,56.21,56.21,2940962
VNM,2023-05-24,56.29,56.54,55.45,55.62,2354186
VNM,2023-05-25,55.53,56.62,55.37,56.29,1306722
VNM,2023-05-26,56.54,57.04,56.29,56.29,906227
VNM,2023-05-29,56.46,56.79,56.29,56.29,1044750
VNM,2023-05-30,56.29,56.54,55.79,55.79,1772267
VNM,2023-05-31,56.04,56.04,55.45,55.45,1468744
VNM,2023-06-01,55.45,55.79,55.37,55.45,1217050
VNM,2023-06-02,55.53,55.62,54.95,55.28,2972493
VNM,2023-06-05,55.79,56.37,55.53,55.79,3326155
VNM,2023-06-06,56.12,56.12,55.37,55.7,3425841
VNM,2023-06-07,55.79,55.95,55.37,55.53,3720457
VNM,2023-06-08,55.79,55.79,54.95,54.95,5040797
VNM,2023-06-09,55.03,55.79,54.95,55.2,2081714
VNM,2023-06-12,55.37,57.04,55.37,56.96,5452337
VNM,2023-06-13,57.13,57.3,56.62,56.71,4946444
VNM,2023-06-14,56.79,57.21,56.29,56.29,4911944
VNM,2023-06-15,56.46,56.54,55.53,55.62,4689964
VNM,2023-06-16,55.79,55.87,55.37,55.45,5994312
VNM,2023-06-19,55.62,55.87,55.03,55.2,3284579
VNM,2023-06-20,55.28,55.28,54.95,54.95,2964627
VNM,2023-06-21,55.03,55.62,54.95,55.62,3492784
VNM,2023-06-22,55.79,56.46,55.62,56.12,5613113
VNM,2023-06-23,56.21,58.3,56.21,57.97,11963164
VNM,2023-06-26,58.13,59.31,57.3,59.23,10742723
VNM,2023-06-27,59.39,59.39,58.39,59.14,5982210
VNM,2023-06-28,59.14,59.48,58.47,59.23,6157222
VNM,2023-06-29,59.23,60.74,58.81,60.32,7702292
VNM,2023-06-30,60.32,60.4,59.39,59.56,3646759
VNM,2023-07-03,59.64,59.9,58.97,59.31,3187816
VNM,2023-07-04,59.14,59.73,58.81,59.23,4783357
VNM,2023-07-05,59.39,59.39,58.39,58.55,6661035
VNM,2023-07-06,58.64,59.31,58.55,59.14,7632376
VNM,2023-07-07,59.31,59.73,59.06,59.48,5782449
VNM,2023-07-10,59.9,60.99,59.73,60.48,6174583
VNM,2023-07-11,60.48,61.57,60.15,61.07,5705271
VNM,2023-07-12,61.15,61.66,60.9,61.66,4197529
VNM,2023-07-13,61.57,61.91,61.15,61.32,3785836
VNM,2023-07-14,61.41,61.57,60.48,61.49,5211888
VNM,2023-07-17,61.24,61.74,60.57,60.65,3924388
VNM,2023-07-18,60.82,60.9,60.57,60.74,2931448
VNM,2023-07-19,60.82,61.24,60.74,60.9,2946641
VNM,2023-07-20,60.9,61.07,60.65,60.9,2601742
VNM,2023-07-21,60.9,61.66,60.82,61.66,3343300
VNM,2023-07-24,61.66,62.08,61.49,61.74,2537340
VNM,2023-07-25,61.74,62.66,61.32,62.5,4249028
VNM,2023-07-26,62.41,63.08,62.33,62.92,3191917
VNM,2023-07-27,62.92,63.59,62.75,63.5,4180261
VNM,2023-07-28,63.59,65.18,63.42,64.93,5476424
VNM,2023-07-31,64.85,65.77,64.76,65.43,3366889
VNM,2023-08-01,65.43,65.43,63.76,63.76,5735402
VNM,2023-08-02,63.76,64.17,63.17,63.84,2680830
VNM,2023-08-03,64.23,64.23,62.93,62.93,2921459
VNM,2023-08-04,62.84,63.28,62.41,63.28,3167057
VNM,2023-08-07,63.19,64.92,62.67,64.92,4320043
VNM,2023-08-08,64.75,64.92,64.06,64.58,3433019
VNM,2023-08-09,64.58,64.58,63.1,63.36,3707004
VNM,2023-08-10,63.36,64.14,63.19,63.36,2734314
VNM,2023-08-11,63.36,63.71,62.76,63.71,2182946
VNM,2023-08-14,63.62,63.71,62.84,63.62,3068103
VNM,2023-08-15,63.19,63.62,63.02,63.1,2221214
VNM,2023-08-16,63.1,63.71,62.84,63.36,2085184
VNM,2023-08-17,63.36,64.58,63.19,63.8,4583142
VNM,2023-08-18,63.71,64.84,62.5,63.54,7109124
VNM,2023-08-21,63.02,63.97,63.02,63.19,3057188
VNM,2023-08-22,63.45,63.45,61.63,63.02,3077286
VNM,2023-08-23,62.76,63.8,62.06,63.71,3074249
VNM,2023-08-24,63.71,64.92,63.28,64.75,4422381
VNM,2023-08-25,65.27,65.27,64.4,64.92,2753310
VNM,2023-08-28,65.01,67.7,65.01,67.52,5471972
VNM,2023-08-29,67.18,67.26,66.05,67.09,4202862
VNM,2023-08-30,66.74,68.04,66.31,67.44,2662115
VNM,2023-08-31,67.18,68.39,66.83,67.44,3838621
VNM,2023-09-05,68.04,69.78,67.7,69.43,6845824
VNM,2023-09-06,69.43,69.43,68.91,69.34,2283065
VNM,2023-09-07,69.26,69.34,68.13,68.91,3529590
VNM,2023-09-08,68.65,69.43,68.56,69.34,2776520
VNM,2023-09-11,69.34,70.3,67.26,68.91,4237647
VNM,2023-09-12,68.48,69.95,67.87,69.6,2670725
VNM,2023-09-13,69.0,69.6,68.22,68.56,2508754
VNM,2023-09-14,68.04,69.34,67.96,68.82,2484286
VNM,2023-09-15,68.82,70.38,68.48,68.91,5618032
VNM,2023-09-18,68.56,69.17,68.22,68.39,1323228
VNM,2023-09-19,68.04,68.39,67.09,68.39,2573801
VNM,2023-09-20,67.96,68.3,67.61,67.87,1843700
VNM,2023-09-21,67.7,67.87,67.0,67.61,2539608
VNM,2023-09-22,66.83,67.87,65.7,67.18,4246836
VNM,2023-09-25,66.92,68.04,66.48,67.26,2757237
VNM,2023-09-26,67.26,67.61,65.88,65.96,2535904
VNM,2023-09-27,66.14,66.4,64.84,66.4,2274868
VNM,2023-09-28,65.96,66.22,64.84,64.84,1890909
VNM,2023-09-29,65.01,66.22,64.32,64.32,1404507
VNM,2023-10-02,64.32,65.53,64.32,65.53,1160811
VNM,2023-10-03,64.66,65.1,64.06,64.14,1995033
VNM,2023-10-04,63.8,64.66,63.62,64.49,1078838
VNM,2023-10-05,64.23,64.49,63.02,63.02,2574586
VNM,2023-10-06,63.02,64.32,62.93,64.32,1228077
VNM,2023-10-09,64.14,64.23,63.8,63.88,832217
VNM,2023-10-10,64.4,65.01,64.14,64.49,1025137
VNM,2023-10-11,64.66,64.84,64.14,64.49,1135163
VNM,2023-10-12,64.58,65.79,64.58,65.44,2536450
VNM,2023-10-13,65.36,66.14,65.01,65.7,1488140
VNM,2023-10-16,65.1,65.7,64.75,65.18,1345442
VNM,2023-10-17,65.27,65.96,64.84,64.84,1423057
VNM,2023-10-18,64.84,64.84,62.76,64.06,2574510
VNM,2023-10-19,63.62,63.62,61.46,61.89,3908340
VNM,2023-10-20,61.8,62.84,60.85,62.67,2373599
VNM,2023-10-23,62.15,62.41,60.76,60.85,2727972
VNM,2023-10-24,60.85,61.37,60.76,60.94,1100884
VNM,2023-10-25,60.94,61.37,59.81,59.81,2427114
VNM,2023-10-26,59.38,59.46,57.12,58.08,5207092
VNM,2023-10-27,58.34,58.94,57.73,58.94,1812684
VNM,2023-10-30,58.86,58.94,58.16,58.6,1048393
VNM,2023-10-31,58.86,60.24,58.6,58.94,2185475
VNM,2023-11-01,59.81,61.11,58.86,61.02,2338586
VNM,2023-11-02,61.11,61.46,60.5,61.46,2391399
VNM,2023-11-03,61.46,61.46,60.5,60.68,1694064
VNM,2023-11-06,60.85,61.98,60.76,61.54,1138171
VNM,2023-11-07,61.11,61.37,60.5,61.37,1475825
VNM,2023-11-08,61.37,61.98,60.5,61.89,2340935
VNM,2023-11-09,62.06,62.5,61.28,61.28,3421983
VNM,2023-11-10,61.37,61.37,60.33,60.33,2835087
VNM,2023-11-13,60.42,60.68,59.46,59.55,1733685
VNM,2023-11-14,59.81,60.16,59.12,59.72,3000746
VNM,2023-11-15,60.68,62.24,60.68,61.28,3952659
VNM,2023-11-16,61.2,61.8,60.59,60.94,2339920
VNM,2023-11-17,61.54,61.63,59.98,60.68,2337926
VNM,2023-11-20,59.98,60.59,59.81,60.07,1771341
VNM,2023-11-21,60.16,60.5,59.72,60.24,2961268
VNM,2023-11-22,60.24,60.85,59.81,60.16,1303748
VNM,2023-11-23,60.5,60.59,59.55,59.55,1624542
VNM,2023-11-24,59.46,59.72,58.6,59.2,3131505
VNM,2023-11-27,59.2,59.29,58.86,59.03,1335046
VNM,2023-11-28,59.03,59.38,58.51,59.38,1777650
VNM,2023-11-29,59.38,59.64,59.12,59.29,1263921
VNM,2023-11-30,59.29,59.55,58.42,58.42,2583323
VNM,2023-12-01,58.94,59.38,58.68,59.29,1393194
VNM,2023-12-04,59.38,60.24,59.29,59.64,3008642
VNM,2023-12-05,59.64,59.81,58.94,59.03,2304277
VNM,2023-12-06,59.03,59.46,59.03,59.38,1607662
VNM,2023-12-07,59.64,59.64,58.51,59.29,3877491
VNM,2023-12-08,59.29,60.07,58.94,59.81,3730770
VNM,2023-12-11,61.11,61.11,60.59,60.68,4737231
VNM,2023-12-12,60.68,60.76,59.81,60.16,2791599
VNM,2023-12-13,60.33,60.42,59.03,59.12,4516351
VNM,2023-12-14,59.29,59.72,59.12,59.29,1463160
VNM,2023-12-15,59.38,59.46,59.03,59.03,3741675
VNM,2023-12-18,59.03,59.12,58.08,58.08,3518371
VNM,2023-12-19,58.16,58.42,57.47,58.08,3066185
VNM,2023-12-20,58.08,59.12,58.08,59.03,2605917
VNM,2023-12-21,58.86,59.2,58.77,58.77,2587654
VNM,2023-12-22,58.77,59.03,58.51,58.6,2147607
VNM,2023-12-25,58.6,59.55,58.6,58.86,2675110
VNM,2023-12-26,59.2,59.38,58.94,58.94,1977559
VNM,2023-12-27,59.38,59.56,58.94,58.94,1628408
VNM,2023-12-28,58.94,59.82,58.94,59.82,2410778
VNM,2023-12-29,59.99,59.99,59.03,59.03,1956751
VNM,2024-01-02,59.56,59.82,59.29,59.64,2144983
VNM,2024-01-03,59.73,60.25,59.38,60.25,1891530
VNM,2024-01-04,60.34,60.69,60.25,60.25,3403997
VNM,2024-01-05,60.52,60.52,59.82,60.08,1477880
VNM,2024-01-08,60.25,60.34,59.56,59.56,2399171
VNM,2024-01-09,59.56,59.82,59.38,59.47,2461700
VNM,2024-01-10,59.47,59.47,58.86,58.94,3010809
VNM,2024-01-11,58.94,59.82,58.94,59.29,2085776
VNM,2024-01-12,59.03,59.29,58.51,58.68,3286730
VNM,2024-01-15,58.68,58.94,58.51,58.51,2228627
VNM,2024-01-16,58.51,58.86,58.25,58.86,2074925
VNM,2024-01-17,58.94,59.29,58.51,58.6,1829118
VNM,2024-01-18,58.77,59.21,58.77,58.86,1230002
VNM,2024-01-19,58.86,59.91,58.86,59.38,2621840
VNM,2024-01-22,59.38,59.99,59.38,59.64,1961559
VNM,2024-01-23,59.64,59.64,59.03,59.12,2113751
VNM,2024-01-24,59.21,59.38,58.68,58.77,2085392
VNM,2024-01-25,58.86,58.94,58.42,58.42,2662473
VNM,2024-01-26,58.51,58.94,58.51,58.51,1677432
VNM,2024-01-29,58.6,58.77,58.42,58.51,1734356
VNM,2024-01-30,58.77,58.77,58.42,58.42,1791324
VNM,2024-01-31,58.68,59.56,58.42,58.51,4021787
VNM,2024-02-01,58.68,59.21,58.68,58.94,2500699
VNM,2024-02-02,58.94,59.12,58.51,58.86,2613144
VNM,2024-02-05,58.86,59.56,58.68,59.38,3568444
VNM,2024-02-06,59.47,59.56,59.03,59.03,2394933
VNM,2024-02-07,59.03,59.29,58.68,59.03,2737292
VNM,2024-02-15,59.03,59.38,58.68,59.03,3880447
VNM,2024-02-16,59.21,61.39,58.94,61.13,11120422
VNM,2024-02-19,61.91,63.4,61.74,62.79,6660129
VNM,2024-02-20,62.61,63.22,62.26,62.44,4390643
VNM,2024-02-21,62.44,62.79,62.0,62.26,3593123
VNM,2024-02-22,62.26,63.49,62.09,62.53,4652126
VNM,2024-02-23,62.7,63.49,62.0,62.0,6146121
VNM,2024-02-26,62.0,62.61,61.74,62.0,3050150
VNM,2024-02-27,62.18,63.22,62.09,62.87,5285311
VNM,2024-02-28,63.22,63.4,62.44,63.05,3422219
VNM,2024-02-29,63.4,64.01,62.53,62.87,6543917
VNM,2024-03-01,62.96,62.96,62.18,62.44,4399953
VNM,2024-03-04,62.7,63.49,62.53,62.87,5018814
VNM,2024-03-05,62.87,63.75,62.61,63.75,5443242
VNM,2024-03-06,64.01,64.18,62.7,62.7,4837251
VNM,2024-03-07,62.61,62.96,62.26,62.87,5070038
VNM,2024-03-08,62.96,63.66,61.13,61.13,7364624
VNM,2024-03-11,61.56,62.26,61.13,61.39,4214115
VNM,2024-03-12,61.48,61.65,61.13,61.13,3847561
VNM,2024-03-13,61.22,61.91,61.13,61.83,5648587
VNM,2024-03-14,62.0,62.26,61.39,61.56,5449322
VNM,2024-03-15,62.01,62.01,60.77,60.86,4857330
VNM,2024-03-18,60.86,61.12,59.8,60.06,6803665
VNM,2024-03-19,60.59,60.59,59.97,59.97,3166304
VNM,2024-03-20,59.97,60.68,59.71,60.15,3551272
VNM,2024-03-21,60.33,60.59,60.06,60.51,4910550
VNM,2024-03-22,60.68,60.77,59.97,59.97,6070254
VNM,2024-03-25,60.06,60.33,59.36,59.53,5459681
VNM,2024-03-26,59.62,60.06,59.53,59.89,2507194
VNM,2024-03-27,60.15,60.15,59.71,59.89,2639932
VNM,2024-03-28,59.89,60.51,59.8,59.89,4474441
VNM,2024-03-29,60.51,60.51,59.71,59.8,3487674
VNM,2024-04-01,59.8,59.89,59.27,59.27,4996398
VNM,2024-04-02,59.27,59.62,59.0,59.53,4325527
VNM,2024-04-03,59.53,59.53,59.0,59.0,5054063
VNM,2024-04-04,59.0,60.51,59.0,60.33,7477825
VNM,2024-04-05,60.33,60.33,59.89,60.06,4237214
VNM,2024-04-08,60.15,60.15,59.18,59.27,3671802
VNM,2024-04-09,59.36,59.53,59.09,59.27,2518780
VNM,2024-04-10,59.36,59.53,59.09,59.09,2767420
VNM,2024-04-11,59.0,59.18,58.82,58.91,2950689
VNM,2024-04-12,59.09,59.36,58.91,59.0,2511089
VNM,2024-04-15,59.0,59.0,57.41,57.41,5766677
VNM,2024-04-16,57.41,57.5,55.73,56.61,7137771
VNM,2024-04-17,56.97,57.41,56.79,56.79,4593232
VNM,2024-04-19,56.79,56.97,55.99,56.79,4521513
VNM,2024-04-22,57.23,57.76,56.61,56.61,2038048
VNM,2024-04-23,56.79,56.88,55.91,56.17,2020719
VNM,2024-04-24,56.61,56.88,56.17,56.61,2403394
VNM,2024-04-25,56.61,57.32,56.52,57.23,1918445
VNM,2024-04-26,57.23,58.21,57.06,57.5,2944790
VNM,2024-05-02,57.85,57.94,57.41,57.85,2566088
VNM,2024-05-03,58.03,58.38,57.94,58.03,1969178
VNM,2024-05-06,58.21,58.74,57.94,58.21,2264163
VNM,2024-05-07,58.38,60.59,58.29,60.15,8490375
VNM,2024-05-08,60.15,60.15,59.36,60.06,2967447
VNM,2024-05-09,60.06,60.06,58.91,58.91,3001858
VNM,2024-05-10,59.0,59.71,58.47,58.82,2422429
VNM,2024-05-13,58.91,59.09,57.85,58.21,2737626
VNM,2024-05-14,58.29,59.27,58.29,58.82,2435304
VNM,2024-05-15,59.18,59.53,59.0,59.27,3237247
VNM,2024-05-16,59.36,59.89,59.27,59.44,2914420
VNM,2024-05-17,59.53,59.97,59.09,59.27,4173675
VNM,2024-05-20,59.36,59.8,58.74,58.74,4925028
VNM,2024-05-21,58.74,58.91,58.21,58.56,3803505
VNM,2024-05-22,58.74,59.0,58.21,58.21,3621204
VNM,2024-05-23,58.38,59.27,58.21,59.27,2993637
VNM,2024-05-24,59.0,59.18,58.12,58.38,4109865
VNM,2024-05-27,58.47,58.91,58.21,58.47,2339390
VNM,2024-05-28,58.65,59.53,58.47,59.09,5350287
VNM,2024-05-29,59.27,59.53,58.38,58.65,3362126
VNM,2024-05-30,58.47,58.56,57.94,58.12,4416677
VNM,2024-05-31,58.29,58.29,57.76,57.85,4149784
VNM,2024-06-03,58.21,58.91,58.12,58.47,3193327
VNM,2024-06-04,58.47,58.91,58.38,58.38,2447656
VNM,2024-06-05,58.56,61.21,58.56,60.59,11876432
VNM,2024-06-06,61.04,61.04,59.44,59.44,4893549
VNM,2024-06-07,59.8,60.68,59.71,59.97,4131178
VNM,2024-06-10,60.51,60.59,59.44,59.44,4569222
VNM,2024-06-11,59.62,59.71,58.74,58.82,6181560
VNM,2024-06-12,58.82,59.53,58.65,59.27,3427814
VNM,2024-06-13,59.27,59.62,59.09,59.18,2807130
VNM,2024-06-14,59.27,59.53,58.56,58.56,4127632
VNM,2024-06-17,58.65,58.91,58.38,58.38,3621867
VNM,2024-06-18,58.82,58.82,58.29,58.29,2754686
VNM,2024-06-19,58.38,58.38,57.59,57.76,6160999
VNM,2024-06-20,57.85,59.09,57.67,58.38,4400155
VNM,2024-06-21,58.82,59.36,58.38,58.38,3970969
VNM,2024-06-24,58.47,58.91,57.76,57.94,3851919
VNM,2024-06-25,58.21,58.56,57.94,57.94,2436399
VNM,2024-06-26,58.21,58.21,57.59,57.67,2488180
VNM,2024-06-27,57.67,58.03,57.59,57.76,2710114
VNM,2024-06-28,57.94,58.38,57.76,57.94,2735071
VNM,2024-07-01,58.21,58.38,57.76,58.38,1911478
VNM,2024-07-02,58.38,58.65,58.21,58.56,2044987
VNM,2024-07-03,58.56,58.65,58.38,58.56,1334249
VNM,2024-07-04,58.65,59.18,58.65,58.74,2691198
VNM,2024-07-05,58.74,59.71,58.74,59.44,4183952
VNM,2024-07-08,59.53,59.89,59.27,59.8,4946406
VNM,2024-07-09,59.8,59.97,59.44,59.71,5048980
VNM,2024-07-10,59.71,59.97,59.09,59.09,3884733
VNM,2024-07-11,59.18,59.27,58.65,58.65,3789635
VNM,2024-07-12,58.74,58.91,58.47,58.65,2081812
VNM,2024-07-15,58.65,59.18,58.56,58.56,2157757
VNM,2024-07-16,58.74,59.0,58.47,58.47,2245463
VNM,2024-07-17,58.56,58.82,58.03,58.12,3468308
VNM,2024-07-18,58.38,58.38,57.94,58.29,2284658
VNM,2024-07-19,58.29,58.29,57.59,57.76,3396038
VNM,2024-07-22,57.76,58.38,57.67,57.85,2657788
VNM,2024-07-23,58.03,58.65,57.94,58.29,3780379
VNM,2024-07-24,58.21,58.47,58.03,58.03,3615591
VNM,2024-07-25,58.03,58.12,57.76,58.03,1958885
VNM,2024-07-26,57.85,58.56,57.85,58.21,2976837
VNM,2024-07-29,58.56,59.8,58.29,59.44,5785374
VNM,2024-07-30,59.53,60.51,59.18,59.89,6381582
VNM,2024-07-31,60.59,63.69,60.59,63.34,21167413
VNM,2024-08-01,63.51,63.6,62.01,62.19,8872145
VNM,2024-08-02,61.92,63.6,61.92,63.25,10298482
VNM,2024-08-05,62.81,62.98,60.59,61.39,12162219
VNM,2024-08-06,62.19,64.84,61.92,64.31,13505235
VNM,2024-08-07,64.75,65.28,64.04,65.28,10709270
VNM,2024-08-08,65.37,65.81,63.87,64.31,5817168
VNM,2024-08-09,64.4,64.93,64.13,64.84,4530433
VNM,2024-08-12,64.84,65.81,64.4,64.57,5808119
VNM,2024-08-13,64.4,65.81,64.31,65.28,6740336
VNM,2024-08-14,65.46,65.55,64.84,65.46,5459112
VNM,2024-08-15,65.46,65.99,65.19,65.28,4258433
VNM,2024-08-16,65.46,65.55,64.75,65.28,7396631
VNM,2024-08-19,65.46,67.23,65.28,67.23,7924678
VNM,2024-08-20,67.23,67.41,66.61,66.87,4181936
VNM,2024-08-21,66.52,67.32,66.43,66.61,3994706
VNM,2024-08-22,67.23,67.23,65.11,65.64,6031982
VNM,2024-08-23,66.26,66.87,65.81,66.26,3310515
VNM,2024-08-26,66.26,66.34,64.84,64.93,6329637
VNM,2024-08-27,64.93,65.28,64.22,65.02,4269971
VNM,2024-08-28,65.11,65.46,64.75,65.37,3355013
VNM,2024-08-29,65.19,65.46,64.93,65.02,2044649
VNM,2024-08-30,65.11,66.17,64.93,65.37,3679027
VNM,2024-09-04,64.84,65.9,64.66,65.72,2842048
VNM,2024-09-05,65.72,66.7,65.55,66.08,5862150
VNM,2024-09-06,66.26,66.79,66.17,66.7,3645061
VNM,2024-09-09,66.43,66.43,65.64,66.17,2641519
VNM,2024-09-10,66.17,66.79,65.72,66.26,3335353
VNM,2024-09-11,66.17,66.43,65.37,65.99,3167882
VNM,2024-09-12,66.34,66.52,65.81,66.08,2054428
VNM,2024-09-13,66.17,66.17,64.49,64.49,5350666
VNM,2024-09-16,64.57,64.57,63.6,63.6,4039871
VNM,2024-09-17,63.69,64.93,63.42,64.93,2392584
VNM,2024-09-18,65.11,65.37,64.57,64.84,2847879
VNM,2024-09-19,64.84,65.02,64.57,64.84,1574276
VNM,2024-09-20,65.02,65.46,64.31,64.31,5234412
VNM,2024-09-23,64.66,64.75,64.22,64.49,2933886
VNM,2024-09-24,64.99,64.99,64.17,64.35,2080216
VNM,2024-09-25,64.35,64.44,63.71,63.71,4525095
VNM,2024-09-26,63.71,65.08,63.71,64.71,3987434
VNM,2024-09-27,64.81,65.17,64.71,64.99,2971446
VNM,2024-09-30,64.99,64.99,64.17,64.17,2046753
VNM,2024-10-01,64.26,64.71,64.17,64.17,2042595
VNM,2024-10-02,64.26,64.26,63.71,64.17,2142472
VNM,2024-10-03,64.26,64.53,63.98,64.35,2949988
VNM,2024-10-04,64.53,64.53,62.61,62.7,6140641
VNM,2024-10-07,62.88,63.43,61.42,61.42,5995180
VNM,2024-10-08,61.51,62.43,61.51,62.43,2890240
VNM,2024-10-09,62.52,62.79,62.06,62.06,3532506
VNM,2024-10-10,62.52,62.98,61.97,61.97,2625177
VNM,2024-10-11,62.33,62.43,61.79,61.97,2373079
VNM,2024-10-14,62.33,62.33,61.42,61.51,2825429
VNM,2024-10-15,61.51,61.69,61.05,61.14,3078240
VNM,2024-10-16,61.14,62.33,61.14,61.79,2006161
VNM,2024-10-17,61.88,62.15,61.6,61.88,1658879
VNM,2024-10-18,61.88,62.24,61.69,61.69,1599576
VNM,2024-10-21,61.69,62.15,61.51,61.6,1862336
VNM,2024-10-22,61.6,62.06,61.51,61.6,2253327
VNM,2024-10-23,61.6,61.88,61.51,61.6,1637360
VNM,2024-10-24,61.6,63.16,61.6,62.61,4369950
VNM,2024-10-25,62.79,62.79,62.15,62.24,2172351
VNM,2024-10-28,61.97,62.24,61.05,61.51,2927947
VNM,2024-10-29,61.6,61.6,61.14,61.33,2033574
VNM,2024-10-30,61.33,61.6,60.69,60.69,3437020
VNM,2024-10-31,60.96,60.96,59.77,60.5,5177693
VNM,2024-11-01,60.5,60.69,60.05,60.23,2182658
VNM,2024-11-04,60.32,60.96,60.05,60.05,2121224
VNM,2024-11-05,60.14,60.41,59.95,59.95,1063141
VNM,2024-11-06,60.41,60.41,59.77,60.23,2598835
VNM,2024-11-07,60.41,60.6,60.05,60.32,1154788
VNM,2024-11-08,60.41,60.6,60.05,60.14,1597360
VNM,2024-11-11,60.14,60.23,59.22,59.68,2742114
VNM,2024-11-12,59.68,60.14,59.31,59.41,1734699
VNM,2024-11-13,59.59,60.05,59.22,59.5,2773315
VNM,2024-11-14,59.5,59.5,59.22,59.5,1781237
VNM,2024-11-15,59.41,59.41,58.31,58.31,3697005
VNM,2024-11-18,58.31,58.76,57.85,57.85,3752034
VNM,2024-11-19,57.94,58.12,57.67,57.67,2736295
VNM,2024-11-20,57.67,58.4,57.57,58.22,2820172
VNM,2024-11-21,58.31,58.67,58.03,58.49,2255565
VNM,2024-11-22,58.49,59.31,58.49,58.86,2179029
VNM,2024-11-25,58.86,59.13,58.76,58.86,2450009
VNM,2024-11-26,59.04,59.5,58.95,59.31,1678113
VNM,2024-11-27,59.31,59.5,59.04,59.13,1588583
VNM,2024-11-28,59.5,59.5,59.04,59.04,1275083
VNM,2024-11-29,59.04,59.31,58.86,59.13,1107140
VNM,2024-12-02,59.13,59.31,58.76,59.04,1232443
VNM,2024-12-03,59.13,59.13,58.49,58.49,2427726
VNM,2024-12-04,58.4,58.49,57.94,57.94,2749303
VNM,2024-12-05,58.12,59.22,57.85,58.86,2221363
VNM,2024-12-06,59.04,59.31,58.67,58.67,1681167
VNM,2024-12-09,59.04,59.04,58.58,58.67,1764954
VNM,2024-12-10,58.67,58.95,58.49,58.49,1714418
VNM,2024-12-11,58.49,59.13,58.49,58.76,2027577
VNM,2024-12-12,58.76,59.41,58.76,59.13,2252448
VNM,2024-12-13,58.86,59.04,58.67,58.76,1399402
VNM,2024-12-16,58.76,59.68,58.76,59.5,2389158
VNM,2024-12-17,59.41,59.5,59.04,59.13,1206503
VNM,2024-12-18,59.5,59.59,59.22,59.22,1616812
VNM,2024-12-19,58.95,59.04,58.49,58.49,2629962
VNM,2024-12-20,58.58,59.5,58.58,59.5,3801451
VNM,2024-12-23,59.22,59.5,58.86,58.95,1350461
VNM,2024-12-24,58.95,59.22,58.67,58.86,1290269
VNM,2024-12-25,58.95,59.41,58.95,58.95,1304582
VNM,2024-12-26,59.23,59.23,58.86,58.86,1711855
VNM,2024-12-27,58.95,59.13,58.77,58.86,2445187
VNM,2024-12-30,58.67,58.77,58.4,58.4,1492983
VNM,2024-12-31,58.49,58.86,58.4,58.49,1643941
