symbol,time,open,high,low,close,volume,range,return
HNM,2020-01-02,4.25,4.25,4.25,4.25,0,0.0,0.0
HNM,2020-01-03,4.25,4.25,4.25,4.25,0,0.0,0.0
HNM,2020-01-06,4.25,4.25,4.25,4.25,0,0.0,0.0
HNM,2020-01-07,4.25,4.25,4.25,4.25,0,0.0,0.0
HNM,2020-01-08,4.25,4.25,4.25,4.25,0,0.0,0.0
HNM,2020-01-09,4.25,4.25,4.25,4.25,0,0.0,0.0
HNM,2020-01-10,4.25,4.25,4.25,4.25,0,0.0,0.0
HNM,2020-01-13,4.25,4.25,4.25,4.25,0,0.0,0.0
HNM,2020-01-14,4.25,4.25,4.25,4.25,0,0.0,0.0
HNM,2020-01-15,4.25,4.25,4.25,4.25,0,0.0,0.0
HNM,2020-01-16,4.25,4.25,4.25,4.25,0,0.0,0.0
HNM,2020-01-17,4.25,4.25,4.25,4.25,0,0.0,0.0
HNM,2020-01-20,4.25,4.25,4.25,4.25,0,0.0,0.0
HNM,2020-01-21,4.25,4.25,4.25,4.25,0,0.0,0.0
HNM,2020-01-22,4.25,4.25,4.25,4.25,0,0.0,0.0
HNM,2020-01-30,4.25,4.25,4.25,4.25,0,0.0,0.0
HNM,2020-01-31,4.25,4.25,4.25,4.25,0,0.0,0.0
HNM,2020-02-03,4.25,4.25,4.25,4.25,0,0.0,0.0
HNM,2020-02-04,4.25,4.25,4.25,4.25,0,0.0,0.0
HNM,2020-02-05,4.25,4.25,4.25,4.25,0,0.0,0.0
HNM,2020-02-06,4.25,4.25,4.25,4.25,0,0.0,0.0
HNM,2020-02-07,4.25,4.25,4.25,4.25,0,0.0,0.0
HNM,2020-02-10,4.25,4.25,4.25,4.25,0,0.0,0.0
HNM,2020-02-11,4.25,4.25,4.25,4.25,0,0.0,0.0
HNM,2020-02-12,4.25,4.25,4.25,4.25,0,0.0,0.0
HNM,2020-02-13,4.25,4.25,4.25,4.25,0,0.0,0.0
HNM,2020-02-14,4.25,4.25,4.25,4.25,0,0.0,0.0
HNM,2020-02-17,4.25,4.25,4.25,4.25,0,0.0,0.0
HNM,2020-02-18,4.25,4.25,4.25,4.25,0,0.0,0.0
HNM,2020-02-19,4.25,4.25,4.25,4.25,0,0.0,0.0
HNM,2020-02-20,4.25,4.25,4.25,4.25,0,0.0,0.0
HNM,2020-02-21,4.25,4.25,4.25,4.25,0,0.0,0.0
HNM,2020-02-24,4.25,4.25,4.25,4.25,0,0.0,0.0
HNM,2020-02-25,4.25,4.25,4.25,4.25,0,0.0,0.0
HNM,2020-02-26,4.25,4.25,4.25,4.25,0,0.0,0.0
HNM,2020-02-27,4.25,4.25,4.25,4.25,0,0.0,0.0
HNM,2020-02-28,4.25,4.25,4.25,4.25,0,0.0,0.0
HNM,2020-03-02,4.25,4.25,4.25,4.25,0,0.0,0.0
HNM,2020-03-03,4.25,4.25,4.25,4.25,0,0.0,0.0
HNM,2020-03-04,4.25,4.25,4.25,4.25,0,0.0,0.0
HNM,2020-03-05,4.25,4.25,4.25,4.25,0,0.0,0.0
HNM,2020-03-06,4.25,4.25,4.25,4.25,0,0.0,0.0
HNM,2020-03-09,4.25,4.25,4.25,4.25,0,0.0,0.0
HNM,2020-03-10,4.25,4.25,4.25,4.25,0,0.0,0.0
HNM,2020-03-11,4.25,4.25,4.25,4.25,0,0.0,0.0
HNM,2020-03-12,4.25,4.25,4.25,4.25,0,0.0,0.0
HNM,2020-03-13,4.25,4.25,4.25,4.25,0,0.0,0.0
HNM,2020-03-16,4.25,4.25,4.25,4.25,0,0.0,0.0
HNM,2020-03-17,4.25,4.25,4.25,4.25,0,0.0,0.0
HNM,2020-03-18,4.25,4.25,4.25,4.25,0,0.0,0.0
HNM,2020-03-19,4.25,4.25,4.25,4.25,0,0.0,0.0
HNM,2020-03-20,4.25,4.25,4.25,4.25,0,0.0,0.0
HNM,2020-03-23,4.25,4.25,4.25,4.25,0,0.0,0.0
HNM,2020-03-24,4.25,4.25,4.25,4.25,0,0.0,0.0
HNM,2020-03-25,4.25,4.25,4.25,4.25,0,0.0,0.0
HNM,2020-03-26,4.25,4.25,4.25,4.25,0,0.0,0.0
HNM,2020-03-27,4.25,4.25,4.25,4.25,0,0.0,0.0
HNM,2020-03-30,4.25,4.25,4.25,4.25,0,0.0,0.0
HNM,2020-03-31,4.25,4.25,4.25,4.25,0,0.0,0.0
HNM,2020-04-01,4.25,4.25,4.25,4.25,0,0.0,0.0
HNM,2020-04-03,4.25,4.25,4.25,4.25,0,0.0,0.0
HNM,2020-04-06,4.25,4.25,4.25,4.25,0,0.0,0.0
HNM,2020-04-07,4.25,4.25,4.25,4.25,0,0.0,0.0
HNM,2020-04-08,4.25,4.25,4.25,4.25,0,0.0,0.0
HNM,2020-04-09,4.25,4.25,4.25,4.25,0,0.0,0.0
HNM,2020-04-10,4.25,4.25,4.25,4.25,0,0.0,0.0
HNM,2020-04-13,4.25,4.25,4.25,4.25,0,0.0,0.0
HNM,2020-04-14,4.25,4.25,4.25,4.25,0,0.0,0.0
HNM,2020-04-15,4.25,4.25,4.25,4.25,0,0.0,0.0
HNM,2020-04-16,4.25,4.25,4.25,4.25,0,0.0,0.0
HNM,2020-04-17,4.25,4.25,4.25,4.25,0,0.0,0.0
HNM,2020-04-20,4.25,4.25,4.25,4.25,0,0.0,0.0
HNM,2020-04-21,4.25,4.25,4.25,4.25,0,0.0,0.0
HNM,2020-04-22,4.25,4.25,4.25,4.25,0,0.0,0.0
HNM,2020-04-23,4.25,4.25,4.25,4.25,0,0.0,0.0
HNM,2020-04-24,4.25,4.25,4.25,4.25,0,0.0,0.0
HNM,2020-04-27,4.25,4.25,4.25,4.25,0,0.0,0.0
HNM,2020-04-28,4.25,4.25,4.25,4.25,0,0.0,0.0
HNM,2020-04-29,4.25,4.25,4.25,4.25,0,0.0,0.0
HNM,2020-05-04,4.25,4.25,4.25,4.25,0,0.0,0.0
HNM,2020-05-05,4.25,4.25,4.25,4.25,0,0.0,0.0
HNM,2020-05-06,4.25,4.25,4.25,4.25,0,0.0,0.0
HNM,2020-05-07,4.25,4.25,4.25,4.25,0,0.0,0.0
HNM,2020-05-08,4.25,4.25,4.25,4.25,0,0.0,0.0
HNM,2020-05-11,4.25,4.25,4.25,4.25,0,0.0,0.0
HNM,2020-05-12,4.25,4.25,4.25,4.25,0,0.0,0.0
HNM,2020-05-13,4.25,4.25,4.25,4.25,0,0.0,0.0
HNM,2020-05-14,4.25,4.25,4.25,4.25,0,0.0,0.0
HNM,2020-05-15,4.25,4.25,4.25,4.25,0,0.0,0.0
HNM,2020-05-18,4.25,4.25,4.25,4.25,0,0.0,0.0
HNM,2020-05-19,4.25,4.25,4.25,4.25,0,0.0,0.0
HNM,2020-05-20,4.25,4.25,4.25,4.25,0,0.0,0.0
HNM,2020-05-21,4.25,4.25,4.25,4.25,0,0.0,0.0
HNM,2020-05-22,4.25,4.25,4.25,4.25,0,0.0,0.0
HNM,2020-05-25,4.25,4.25,4.25,4.25,0,0.0,0.0
HNM,2020-05-26,4.25,4.25,4.25,4.25,0,0.0,0.0
HNM,2020-05-27,4.25,4.25,4.25,4.25,0,0.0,0.0
HNM,2020-05-28,4.25,4.25,4.25,4.25,0,0.0,0.0
HNM,2020-05-29,4.25,4.25,4.25,4.25,0,0.0,0.0
HNM,2020-06-01,4.25,4.25,4.25,4.25,0,0.0,0.0
HNM,2020-06-02,4.25,4.25,4.25,4.25,0,0.0,0.0
HNM,2020-06-03,4.25,4.25,4.25,4.25,0,0.0,0.0
HNM,2020-06-04,4.25,4.25,4.25,4.25,0,0.0,0.0
HNM,2020-06-05,4.25,4.25,4.25,4.25,0,0.0,0.0
HNM,2020-06-08,4.25,4.25,4.25,4.25,0,0.0,0.0
HNM,2020-06-09,4.25,4.25,4.25,4.25,0,0.0,0.0
HNM,2020-06-10,4.25,4.25,4.25,4.25,0,0.0,0.0
HNM,2020-06-11,4.25,4.25,4.25,4.25,0,0.0,0.0
HNM,2020-06-19,2.55,4.72,2.55,4.34,19200,2.17,0.7019607843137255
HNM,2020-06-22,3.21,4.34,4.34,4.34,0,0.0,0.35202492211838005
HNM,2020-06-23,3.21,4.34,4.34,4.34,0,0.0,0.35202492211838005
HNM,2020-06-24,3.21,4.34,4.34,4.34,0,0.0,0.35202492211838005
HNM,2020-06-25,3.21,4.34,4.34,4.34,0,0.0,0.35202492211838005
HNM,2020-06-26,3.68,3.68,3.21,3.68,23290,0.4700000000000002,0.0
HNM,2020-06-29,3.59,3.68,3.68,3.68,0,0.0,0.025069637883008443
HNM,2020-06-30,3.59,3.68,3.68,3.68,0,0.0,0.025069637883008443
HNM,2020-07-01,3.59,3.68,3.68,3.68,0,0.0,0.025069637883008443
HNM,2020-07-02,3.59,3.68,3.68,3.68,0,0.0,0.025069637883008443
HNM,2020-07-03,3.59,4.06,3.59,4.06,62990,0.46999999999999975,0.13091922005571024
HNM,2020-07-06,3.87,4.06,4.06,4.06,0,0.0,0.04909560723514199
HNM,2020-07-07,3.87,4.06,4.06,4.06,0,0.0,0.04909560723514199
HNM,2020-07-08,3.87,4.06,4.06,4.06,0,0.0,0.04909560723514199
HNM,2020-07-09,3.87,4.06,4.06,4.06,0,0.0,0.04909560723514199
HNM,2020-07-10,4.06,4.44,3.87,4.44,54850,0.5700000000000003,0.0935960591133007
HNM,2020-07-13,4.44,4.44,4.44,4.44,0,0.0,0.0
HNM,2020-07-14,4.44,4.44,4.44,4.44,0,0.0,0.0
HNM,2020-07-15,4.44,4.44,4.44,4.44,0,0.0,0.0
HNM,2020-07-16,4.44,4.44,4.44,4.44,0,0.0,0.0
HNM,2020-07-17,4.53,4.72,4.53,4.72,59700,0.1899999999999995,0.04194260485651203
HNM,2020-07-20,4.62,4.72,4.72,4.72,0,0.0,0.021645021645021568
HNM,2020-07-21,4.62,4.72,4.72,4.72,0,0.0,0.021645021645021568
HNM,2020-07-22,4.62,4.72,4.72,4.72,0,0.0,0.021645021645021568
HNM,2020-07-23,4.62,4.72,4.72,4.72,0,0.0,0.021645021645021568
HNM,2020-07-24,4.72,4.72,4.34,4.53,60100,0.3799999999999999,-0.04025423728813549
HNM,2020-07-27,4.62,4.53,4.53,4.53,0,0.0,-0.01948051948051945
HNM,2020-07-28,4.62,4.53,4.53,4.53,0,0.0,-0.01948051948051945
HNM,2020-07-29,4.62,4.53,4.53,4.53,0,0.0,-0.01948051948051945
HNM,2020-07-30,4.62,4.53,4.53,4.53,0,0.0,-0.01948051948051945
HNM,2020-07-31,4.34,4.53,4.15,4.44,55500,0.3799999999999999,0.023041474654378002
HNM,2020-08-03,4.25,4.44,4.44,4.44,0,0.0,0.04470588235294127
HNM,2020-08-04,4.25,4.44,4.44,4.44,0,0.0,0.04470588235294127
HNM,2020-08-05,4.25,4.44,4.44,4.44,0,0.0,0.04470588235294127
HNM,2020-08-06,4.25,4.44,4.44,4.44,0,0.0,0.04470588235294127
HNM,2020-08-07,4.53,4.81,4.44,4.81,207600,0.3699999999999992,0.06181015452538617
HNM,2020-08-10,4.72,4.81,4.81,4.81,0,0.0,0.01906779661016946
HNM,2020-08-11,4.72,4.81,4.81,4.81,0,0.0,0.01906779661016946
HNM,2020-08-12,4.72,4.81,4.81,4.81,0,0.0,0.01906779661016946
HNM,2020-08-13,4.72,4.81,4.81,4.81,0,0.0,0.01906779661016946
HNM,2020-08-14,4.81,5.29,4.81,5.19,148889,0.4800000000000004,0.07900207900207917
HNM,2020-08-17,5.1,5.19,5.19,5.19,0,0.0,0.01764705882352956
HNM,2020-08-18,5.1,5.19,5.19,5.19,0,0.0,0.01764705882352956
HNM,2020-08-19,5.1,5.19,5.19,5.19,0,0.0,0.01764705882352956
HNM,2020-08-20,5.1,5.19,5.19,5.19,0,0.0,0.01764705882352956
HNM,2020-08-21,5.19,5.19,4.72,4.81,66610,0.47000000000000064,-0.07321772639691729
HNM,2020-08-24,5.0,4.81,4.81,4.81,0,0.0,-0.038000000000000075
HNM,2020-08-25,5.0,4.81,4.81,4.81,0,0.0,-0.038000000000000075
HNM,2020-08-26,5.0,4.81,4.81,4.81,0,0.0,-0.038000000000000075
HNM,2020-08-27,5.0,4.81,4.81,4.81,0,0.0,-0.038000000000000075
HNM,2020-08-28,4.81,5.0,4.81,5.0,70360,0.1900000000000004,0.039501039501039586
HNM,2020-08-31,5.0,5.0,5.0,5.0,0,0.0,0.0
HNM,2020-09-01,5.0,5.0,5.0,5.0,0,0.0,0.0
HNM,2020-09-03,5.0,5.0,5.0,5.0,0,0.0,0.0
HNM,2020-09-04,4.81,5.1,4.72,5.0,24820,0.3799999999999999,0.039501039501039586
HNM,2020-09-07,4.91,5.0,5.0,5.0,0,0.0,0.018329938900203638
HNM,2020-09-08,4.91,5.0,5.0,5.0,0,0.0,0.018329938900203638
HNM,2020-09-09,4.91,5.0,5.0,5.0,0,0.0,0.018329938900203638
HNM,2020-09-10,4.91,5.0,5.0,5.0,0,0.0,0.018329938900203638
HNM,2020-09-11,4.72,4.72,4.53,4.62,47100,0.1899999999999995,-0.021186440677966028
HNM,2020-09-14,4.62,4.62,4.62,4.62,0,0.0,0.0
HNM,2020-09-15,4.62,4.62,4.62,4.62,0,0.0,0.0
HNM,2020-09-16,4.62,4.62,4.62,4.62,0,0.0,0.0
HNM,2020-09-17,4.62,4.62,4.62,4.62,0,0.0,0.0
HNM,2020-09-18,4.34,4.62,4.34,4.44,20090,0.28000000000000025,0.023041474654378002
HNM,2020-09-21,4.53,4.44,4.44,4.44,0,0.0,-0.01986754966887414
HNM,2020-09-22,4.53,4.44,4.44,4.44,0,0.0,-0.01986754966887414
HNM,2020-09-23,4.53,4.44,4.44,4.44,0,0.0,-0.01986754966887414
HNM,2020-09-24,4.53,4.44,4.44,4.44,0,0.0,-0.01986754966887414
HNM,2020-09-25,4.62,4.81,4.53,4.53,32600,0.27999999999999936,-0.01948051948051945
HNM,2020-09-28,4.53,4.53,4.53,4.53,0,0.0,0.0
HNM,2020-09-29,4.53,4.53,4.53,4.53,0,0.0,0.0
HNM,2020-09-30,4.53,4.53,4.53,4.53,0,0.0,0.0
HNM,2020-10-01,4.53,4.53,4.53,4.53,0,0.0,0.0
HNM,2020-10-02,4.53,4.53,4.25,4.53,26500,0.28000000000000025,0.0
HNM,2020-10-05,4.43,4.43,4.43,4.43,0,0.0,0.0
HNM,2020-10-06,4.43,4.43,4.43,4.43,0,0.0,0.0
HNM,2020-10-07,4.43,4.43,4.43,4.43,0,0.0,0.0
HNM,2020-10-08,4.43,4.43,4.43,4.43,0,0.0,0.0
HNM,2020-10-09,4.25,4.25,4.25,4.25,28800,0.0,0.0
HNM,2020-10-12,4.25,4.25,4.25,4.25,0,0.0,0.0
HNM,2020-10-13,4.25,4.25,4.25,4.25,0,0.0,0.0
HNM,2020-10-14,4.25,4.25,4.25,4.25,0,0.0,0.0
HNM,2020-10-15,4.25,4.25,4.25,4.25,0,0.0,0.0
HNM,2020-10-16,4.06,4.34,3.87,4.06,22000,0.46999999999999975,0.0
HNM,2020-10-19,4.02,4.02,4.02,4.02,0,0.0,0.0
HNM,2020-10-20,4.02,4.02,4.02,4.02,0,0.0,0.0
HNM,2020-10-21,4.06,4.06,4.06,4.06,0,0.0,0.0
HNM,2020-10-22,4.06,4.06,4.06,4.06,0,0.0,0.0
HNM,2020-10-23,4.06,4.15,3.96,4.15,9500,0.1900000000000004,0.02216748768472925
HNM,2020-10-26,4.06,4.15,4.15,4.15,0,0.0,0.02216748768472925
HNM,2020-10-27,4.06,4.15,4.15,4.15,0,0.0,0.02216748768472925
HNM,2020-10-28,4.06,4.15,4.15,4.15,0,0.0,0.02216748768472925
HNM,2020-10-29,4.06,4.15,4.15,4.15,0,0.0,0.02216748768472925
HNM,2020-10-30,4.06,4.06,3.59,4.06,57300,0.46999999999999975,0.0
HNM,2020-11-02,3.78,4.06,4.06,4.06,0,0.0,0.07407407407407403
HNM,2020-11-03,3.78,4.06,4.06,4.06,0,0.0,0.07407407407407403
HNM,2020-11-04,3.78,4.06,4.06,4.06,0,0.0,0.07407407407407403
HNM,2020-11-05,3.78,4.06,4.06,4.06,0,0.0,0.07407407407407403
HNM,2020-11-06,4.25,4.25,3.87,4.25,31700,0.3799999999999999,0.0
HNM,2020-11-09,4.06,4.25,4.25,4.25,0,0.0,0.04679802955665035
HNM,2020-11-10,4.06,4.25,4.25,4.25,0,0.0,0.04679802955665035
HNM,2020-11-11,4.06,4.25,4.25,4.25,0,0.0,0.04679802955665035
HNM,2020-11-12,4.06,4.25,4.25,4.25,0,0.0,0.04679802955665035
HNM,2020-11-13,4.06,4.44,4.06,4.06,14600,0.3800000000000008,0.0
HNM,2020-11-16,4.06,4.06,4.06,4.06,0,0.0,0.0
HNM,2020-11-17,4.06,4.06,4.06,4.06,0,0.0,0.0
HNM,2020-11-18,4.06,4.06,4.06,4.06,0,0.0,0.0
HNM,2020-11-19,4.06,4.06,4.06,4.06,0,0.0,0.0
HNM,2020-11-20,4.06,4.62,4.06,4.62,24700,0.5600000000000005,0.13793103448275876
HNM,2020-11-23,4.34,4.62,4.62,4.62,0,0.0,0.06451612903225812
HNM,2020-11-24,4.34,4.62,4.62,4.62,0,0.0,0.06451612903225812
HNM,2020-11-25,4.34,4.62,4.62,4.62,0,0.0,0.06451612903225812
HNM,2020-11-26,4.34,4.62,4.62,4.62,0,0.0,0.06451612903225812
HNM,2020-11-27,4.62,4.62,4.25,4.34,14300,0.3700000000000001,-0.060606060606060656
HNM,2020-11-30,4.44,4.34,4.34,4.34,0,0.0,-0.02252252252252264
HNM,2020-12-01,4.44,4.34,4.34,4.34,0,0.0,-0.02252252252252264
HNM,2020-12-02,4.44,4.34,4.34,4.34,0,0.0,-0.02252252252252264
HNM,2020-12-03,4.44,4.34,4.34,4.34,0,0.0,-0.02252252252252264
HNM,2020-12-04,3.96,4.44,3.96,4.34,4300,0.4800000000000004,0.09595959595959594
HNM,2020-12-07,4.34,4.34,4.34,4.34,0,0.0,0.0
HNM,2020-12-08,4.34,4.34,4.34,4.34,0,0.0,0.0
HNM,2020-12-09,4.34,4.34,4.34,4.34,0,0.0,0.0
HNM,2020-12-10,4.34,4.34,4.34,4.34,0,0.0,0.0
HNM,2020-12-11,4.34,4.44,4.15,4.44,25040,0.29000000000000004,0.023041474654378002
HNM,2020-12-14,4.34,4.44,4.44,4.44,0,0.0,0.023041474654378002
HNM,2020-12-15,4.34,4.44,4.44,4.44,0,0.0,0.023041474654378002
HNM,2020-12-16,4.34,4.44,4.44,4.44,0,0.0,0.023041474654378002
HNM,2020-12-17,4.34,4.44,4.44,4.44,0,0.0,0.023041474654378002
HNM,2020-12-18,4.34,4.34,4.06,4.06,35920,0.28000000000000025,-0.06451612903225812
HNM,2020-12-21,4.25,4.06,4.06,4.06,0,0.0,-0.04470588235294127
HNM,2020-12-22,4.25,4.06,4.06,4.06,0,0.0,-0.04470588235294127
HNM,2020-12-23,4.25,4.06,4.06,4.06,0,0.0,-0.04470588235294127
HNM,2020-12-24,4.25,4.06,4.06,4.06,0,0.0,-0.04470588235294127
HNM,2020-12-25,4.06,4.25,4.06,4.06,15917,0.1900000000000004,0.0
HNM,2020-12-28,4.15,4.06,4.06,4.06,0,0.0,-0.021686746987951984
HNM,2020-12-29,4.15,4.06,4.06,4.06,0,0.0,-0.021686746987951984
HNM,2020-12-30,4.15,4.06,4.06,4.06,0,0.0,-0.021686746987951984
HNM,2020-12-31,4.15,4.06,4.06,4.06,0,0.0,-0.021686746987951984
HNM,2021-01-04,4.15,4.06,4.06,4.06,0,0.0,-0.021686746987951984
HNM,2021-01-05,4.15,4.06,4.06,4.06,0,0.0,-0.021686746987951984
HNM,2021-01-06,4.15,4.06,4.06,4.06,0,0.0,-0.021686746987951984
HNM,2021-01-07,4.15,4.15,4.15,4.15,0,0.0,0.0
HNM,2021-01-08,4.15,4.34,3.87,4.06,11350,0.46999999999999975,-0.021686746987951984
HNM,2021-01-11,4.15,4.06,4.06,4.06,0,0.0,-0.021686746987951984
HNM,2021-01-12,4.15,4.06,4.06,4.06,0,0.0,-0.021686746987951984
HNM,2021-01-13,4.15,4.06,4.06,4.06,0,0.0,-0.021686746987951984
HNM,2021-01-14,4.15,4.06,4.06,4.06,0,0.0,-0.021686746987951984
HNM,2021-01-15,4.25,4.44,4.15,4.34,34640,0.29000000000000004,0.021176470588235262
HNM,2021-01-18,4.25,4.34,4.34,4.34,0,0.0,0.021176470588235262
HNM,2021-01-19,4.25,4.34,4.34,4.34,0,0.0,0.021176470588235262
HNM,2021-01-20,4.25,4.34,4.34,4.34,0,0.0,0.021176470588235262
HNM,2021-01-21,4.25,4.34,4.34,4.34,0,0.0,0.021176470588235262
HNM,2021-01-22,4.15,4.34,4.15,4.81,99213,0.1899999999999995,0.15903614457831305
HNM,2021-01-25,4.53,4.53,4.53,4.53,0,0.0,0.0
HNM,2021-01-26,4.53,4.81,4.81,4.81,0,0.0,0.06181015452538617
HNM,2021-01-27,4.53,4.81,4.81,4.81,0,0.0,0.06181015452538617
HNM,2021-01-28,4.53,4.81,4.81,4.81,0,0.0,0.06181015452538617
HNM,2021-01-29,3.87,4.53,3.87,4.44,73520,0.6600000000000001,0.14728682170542642
HNM,2021-02-01,4.44,4.44,4.44,4.44,0,0.0,0.0
HNM,2021-02-02,4.44,4.44,4.44,4.44,0,0.0,0.0
HNM,2021-02-03,4.44,4.44,4.44,4.44,0,0.0,0.0
HNM,2021-02-04,4.44,4.44,4.44,4.44,0,0.0,0.0
HNM,2021-02-05,5.1,5.1,4.53,5.1,226802,0.5699999999999994,0.0
HNM,2021-02-08,5.1,5.1,5.1,5.1,0,0.0,0.0
HNM,2021-02-09,5.1,5.1,5.1,5.1,0,0.0,0.0
HNM,2021-02-17,5.1,5.1,5.1,5.1,0,0.0,0.0
HNM,2021-02-18,5.1,5.1,5.1,5.1,0,0.0,0.0
HNM,2021-02-19,5.19,5.85,5.19,5.38,158850,0.6599999999999993,0.03660886319845848
HNM,2021-02-22,5.57,5.38,5.38,5.38,0,0.0,-0.03411131059245967
HNM,2021-02-23,5.57,5.38,5.38,5.38,0,0.0,-0.03411131059245967
HNM,2021-02-24,5.57,5.38,5.38,5.38,0,0.0,-0.03411131059245967
HNM,2021-02-25,5.57,5.38,5.38,5.38,0,0.0,-0.03411131059245967
HNM,2021-02-26,5.57,5.57,5.0,5.0,81200,0.5700000000000003,-0.10233393177737886
HNM,2021-03-01,5.19,5.0,5.0,5.0,0,0.0,-0.036608863198458644
HNM,2021-03-02,5.19,5.0,5.0,5.0,0,0.0,-0.036608863198458644
HNM,2021-03-03,5.19,5.0,5.0,5.0,0,0.0,-0.036608863198458644
HNM,2021-03-04,5.19,5.0,5.0,5.0,0,0.0,-0.036608863198458644
HNM,2021-03-05,4.81,5.29,4.81,4.91,52123,0.4800000000000004,0.020790020790020902
HNM,2021-03-08,5.0,4.91,4.91,4.91,0,0.0,-0.01799999999999997
HNM,2021-03-09,5.0,4.91,4.91,4.91,0,0.0,-0.01799999999999997
HNM,2021-03-10,5.0,4.91,4.91,4.91,0,0.0,-0.01799999999999997
HNM,2021-03-11,5.0,4.91,4.91,4.91,0,0.0,-0.01799999999999997
HNM,2021-03-12,5.0,5.1,5.0,5.0,52600,0.09999999999999964,0.0
HNM,2021-03-15,5.1,5.0,5.0,5.0,0,0.0,-0.019607843137254832
HNM,2021-03-16,5.1,5.0,5.0,5.0,0,0.0,-0.019607843137254832
HNM,2021-03-17,5.1,5.0,5.0,5.0,0,0.0,-0.019607843137254832
HNM,2021-03-18,5.1,5.0,5.0,5.0,0,0.0,-0.019607843137254832
HNM,2021-03-19,5.29,5.29,4.72,5.0,39631,0.5700000000000003,-0.054820415879017016
HNM,2021-03-22,5.1,5.0,5.0,5.0,0,0.0,-0.019607843137254832
HNM,2021-03-23,5.1,5.0,5.0,5.0,0,0.0,-0.019607843137254832
HNM,2021-03-24,5.1,5.0,5.0,5.0,0,0.0,-0.019607843137254832
HNM,2021-03-25,5.1,5.0,5.0,5.0,0,0.0,-0.019607843137254832
HNM,2021-03-26,4.81,4.91,4.44,4.81,81500,0.46999999999999975,0.0
HNM,2021-03-29,4.62,4.81,4.81,4.81,0,0.0,0.04112554112554102
HNM,2021-03-30,4.62,4.81,4.81,4.81,0,0.0,0.04112554112554102
HNM,2021-03-31,4.62,4.81,4.81,4.81,0,0.0,0.04112554112554102
HNM,2021-04-01,4.62,4.81,4.81,4.81,0,0.0,0.04112554112554102
HNM,2021-04-02,4.72,5.29,4.72,5.29,155280,0.5700000000000003,0.12076271186440685
HNM,2021-04-05,5.29,5.29,5.29,5.29,0,0.0,0.0
HNM,2021-04-06,5.29,5.29,5.29,5.29,0,0.0,0.0
HNM,2021-04-07,5.29,5.29,5.29,5.29,0,0.0,0.0
HNM,2021-04-08,5.29,5.29,5.29,5.29,0,0.0,0.0
HNM,2021-04-09,5.29,5.29,5.0,5.19,36690,0.29000000000000004,-0.018903591682419594
HNM,2021-04-12,5.19,5.19,5.19,5.19,0,0.0,0.0
HNM,2021-04-13,5.19,5.19,5.19,5.19,0,0.0,0.0
HNM,2021-04-14,5.19,5.19,5.19,5.19,0,0.0,0.0
HNM,2021-04-15,5.19,5.19,5.19,5.19,0,0.0,0.0
HNM,2021-04-16,4.81,5.57,4.53,5.19,73270,1.04,0.07900207900207917
HNM,2021-04-19,4.81,5.19,5.19,5.19,0,0.0,0.07900207900207917
HNM,2021-04-20,4.81,5.19,5.19,5.19,0,0.0,0.07900207900207917
HNM,2021-04-22,4.81,5.19,5.19,5.19,0,0.0,0.07900207900207917
HNM,2021-04-23,5.1,5.1,4.81,4.81,22900,0.29000000000000004,-0.05686274509803923
HNM,2021-04-26,4.91,4.81,4.81,4.81,0,0.0,-0.02036659877800418
HNM,2021-04-27,4.91,4.81,4.81,4.81,0,0.0,-0.02036659877800418
HNM,2021-04-28,4.91,4.81,4.81,4.81,0,0.0,-0.02036659877800418
HNM,2021-04-29,4.91,4.81,4.81,4.81,0,0.0,-0.02036659877800418
HNM,2021-05-04,4.91,4.81,4.81,4.81,0,0.0,-0.02036659877800418
HNM,2021-05-05,4.91,4.81,4.81,4.81,0,0.0,-0.02036659877800418
HNM,2021-05-06,4.91,4.81,4.81,4.81,0,0.0,-0.02036659877800418
HNM,2021-05-07,4.72,5.0,4.72,4.72,127690,0.28000000000000025,0.0
HNM,2021-05-10,4.81,4.72,4.72,4.72,0,0.0,-0.018711018711018684
HNM,2021-05-11,4.81,4.72,4.72,4.72,0,0.0,-0.018711018711018684
HNM,2021-05-12,4.81,4.72,4.72,4.72,0,0.0,-0.018711018711018684
HNM,2021-05-13,4.81,4.72,4.72,4.72,0,0.0,-0.018711018711018684
HNM,2021-05-14,5.1,5.1,4.62,4.72,87201,0.47999999999999954,-0.07450980392156861
HNM,2021-05-17,4.72,4.72,4.72,4.72,0,0.0,0.0
HNM,2021-05-18,4.72,4.72,4.72,4.72,0,0.0,0.0
HNM,2021-05-19,4.72,4.72,4.72,4.72,0,0.0,0.0
HNM,2021-05-20,4.72,4.72,4.72,4.72,0,0.0,0.0
HNM,2021-05-21,4.72,5.0,4.72,4.81,47089,0.28000000000000025,0.01906779661016946
HNM,2021-05-24,4.91,4.81,4.81,4.81,0,0.0,-0.02036659877800418
HNM,2021-05-25,4.91,4.81,4.81,4.81,0,0.0,-0.02036659877800418
HNM,2021-05-26,4.91,4.81,4.81,4.81,0,0.0,-0.02036659877800418
HNM,2021-05-27,4.91,4.81,4.81,4.81,0,0.0,-0.02036659877800418
HNM,2021-05-28,4.91,5.29,4.91,5.19,215100,0.3799999999999999,0.05702647657841146
HNM,2021-05-31,5.1,5.19,5.19,5.19,0,0.0,0.01764705882352956
HNM,2021-06-01,5.1,5.19,5.19,5.19,0,0.0,0.01764705882352956
HNM,2021-06-02,5.1,5.19,5.19,5.19,0,0.0,0.01764705882352956
HNM,2021-06-03,5.1,5.19,5.19,5.19,0,0.0,0.01764705882352956
HNM,2021-06-04,5.38,5.85,5.38,5.85,158208,0.46999999999999975,0.087360594795539
HNM,2021-06-07,5.85,5.85,5.85,5.85,0,0.0,0.0
HNM,2021-06-08,5.85,5.85,5.85,5.85,0,0.0,0.0
HNM,2021-06-09,5.85,5.85,5.85,5.85,0,0.0,0.0
HNM,2021-06-10,5.85,5.85,5.85,5.85,0,0.0,0.0
HNM,2021-06-11,6.7,6.7,6.61,6.7,216800,0.08999999999999986,0.0
HNM,2021-06-14,6.7,6.7,6.7,6.7,0,0.0,0.0
HNM,2021-06-15,6.7,6.7,6.7,6.7,0,0.0,0.0
HNM,2021-06-16,6.7,6.7,6.7,6.7,0,0.0,0.0
HNM,2021-06-17,6.7,6.7,6.7,6.7,0,0.0,0.0
HNM,2021-06-18,7.64,7.64,7.46,7.64,458175,0.17999999999999972,0.0
HNM,2021-06-21,7.64,7.64,7.64,7.64,0,0.0,0.0
HNM,2021-06-22,7.64,7.64,7.64,7.64,0,0.0,0.0
HNM,2021-06-23,7.64,7.64,7.64,7.64,0,0.0,0.0
HNM,2021-06-24,7.64,7.64,7.64,7.64,0,0.0,0.0
HNM,2021-06-25,7.74,8.02,6.61,7.08,218461,1.4099999999999993,-0.08527131782945738
HNM,2021-06-28,7.46,7.08,7.08,7.08,0,0.0,-0.050938337801608564
HNM,2021-06-29,7.46,7.08,7.08,7.08,0,0.0,-0.050938337801608564
HNM,2021-06-30,7.46,7.08,7.08,7.08,0,0.0,-0.050938337801608564
HNM,2021-07-01,7.46,7.08,7.08,7.08,0,0.0,-0.050938337801608564
HNM,2021-07-02,7.46,7.46,6.42,6.7,139372,1.04,-0.10187667560321713
HNM,2021-07-05,6.7,6.7,6.7,6.7,0,0.0,0.0
HNM,2021-07-06,6.7,6.7,6.7,6.7,0,0.0,0.0
HNM,2021-07-07,6.7,6.7,6.7,6.7,0,0.0,0.0
HNM,2021-07-08,6.7,6.7,6.7,6.7,0,0.0,0.0
HNM,2021-07-09,5.95,6.04,5.76,5.85,150700,0.28000000000000025,-0.01680672268907572
HNM,2021-07-12,5.85,5.85,5.85,5.85,0,0.0,0.0
HNM,2021-07-13,5.85,5.85,5.85,5.85,0,0.0,0.0
HNM,2021-07-14,5.85,5.85,5.85,5.85,0,0.0,0.0
HNM,2021-07-15,5.85,5.85,5.85,5.85,0,0.0,0.0
HNM,2021-07-16,5.57,6.23,5.57,6.23,42090,0.6600000000000001,0.11849192100538601
HNM,2021-07-19,5.85,6.23,6.23,6.23,0,0.0,0.0649572649572651
HNM,2021-07-20,5.85,6.23,6.23,6.23,0,0.0,0.0649572649572651
HNM,2021-07-21,5.85,6.23,6.23,6.23,0,0.0,0.0649572649572651
HNM,2021-07-22,5.85,6.23,6.23,6.23,0,0.0,0.0649572649572651
HNM,2021-07-23,6.23,6.7,6.04,6.7,191400,0.6600000000000001,0.07544141252006416
HNM,2021-07-26,6.61,6.7,6.7,6.7,0,0.0,0.01361573373676246
HNM,2021-07-27,6.61,6.7,6.7,6.7,0,0.0,0.01361573373676246
HNM,2021-07-28,6.61,6.7,6.7,6.7,0,0.0,0.01361573373676246
HNM,2021-07-29,6.61,6.7,6.7,6.7,0,0.0,0.01361573373676246
HNM,2021-07-30,7.55,7.55,7.17,7.55,346950,0.3799999999999999,0.0
HNM,2021-08-02,7.55,7.55,7.55,7.55,0,0.0,0.0
HNM,2021-08-03,7.55,7.55,7.55,7.55,0,0.0,0.0
HNM,2021-08-04,7.55,7.55,7.55,7.55,0,0.0,0.0
HNM,2021-08-05,7.55,7.55,7.55,7.55,0,0.0,0.0
HNM,2021-08-06,8.49,8.49,7.55,7.83,189303,0.9400000000000004,-0.07773851590106008
HNM,2021-08-09,8.02,7.83,7.83,7.83,0,0.0,-0.02369077306733161
HNM,2021-08-10,8.02,7.83,7.83,7.83,0,0.0,-0.02369077306733161
HNM,2021-08-11,8.02,7.83,7.83,7.83,0,0.0,-0.02369077306733161
HNM,2021-08-12,8.02,7.83,7.83,7.83,0,0.0,-0.02369077306733161
HNM,2021-08-13,8.12,9.15,8.02,8.78,362751,1.1300000000000008,0.08128078817733993
HNM,2021-08-16,8.49,8.78,8.78,8.78,0,0.0,0.03415783274440508
HNM,2021-08-17,8.49,8.78,8.78,8.78,0,0.0,0.03415783274440508
HNM,2021-08-18,8.49,8.78,8.78,8.78,0,0.0,0.03415783274440508
HNM,2021-08-19,8.49,8.78,8.78,8.78,0,0.0,0.03415783274440508
HNM,2021-08-20,9.44,9.63,8.68,8.97,87900,0.9500000000000011,-0.04978813559322022
HNM,2021-08-23,9.25,8.97,8.97,8.97,0,0.0,-0.0302702702702702
HNM,2021-08-24,9.25,8.97,8.97,8.97,0,0.0,-0.0302702702702702
HNM,2021-08-25,9.25,8.97,8.97,8.97,0,0.0,-0.0302702702702702
HNM,2021-08-26,9.25,8.97,8.97,8.97,0,0.0,-0.0302702702702702
HNM,2021-08-27,9.15,9.34,8.59,8.68,101800,0.75,-0.0513661202185793
HNM,2021-08-30,8.87,8.87,8.87,8.87,0,0.0,0.0
HNM,2021-08-31,8.87,8.87,8.87,8.87,0,0.0,0.0
HNM,2021-09-01,8.87,8.87,8.87,8.87,0,0.0,0.0
HNM,2021-09-06,8.87,8.68,8.68,8.68,0,0.0,-0.02142051860202926
HNM,2021-09-07,8.87,8.68,8.68,8.68,0,0.0,-0.02142051860202926
HNM,2021-09-08,8.87,8.87,8.87,8.87,0,0.0,0.0
HNM,2021-09-09,8.87,8.87,8.87,8.87,0,0.0,0.0
HNM,2021-09-10,8.97,10.0,8.97,9.44,145304,1.0299999999999994,0.052396878483834876
HNM,2021-09-13,9.44,9.44,9.44,9.44,0,0.0,0.0
HNM,2021-09-14,9.44,9.44,9.44,9.44,0,0.0,0.0
HNM,2021-09-15,9.44,9.44,9.44,9.44,0,0.0,0.0
HNM,2021-09-16,9.44,9.44,9.44,9.44,0,0.0,0.0
HNM,2021-09-17,10.0,10.85,9.91,10.85,320704,0.9399999999999995,0.08499999999999996
HNM,2021-09-20,10.66,10.66,10.66,10.66,0,0.0,0.0
HNM,2021-09-21,10.66,10.66,10.66,10.66,0,0.0,0.0
HNM,2021-09-22,10.66,10.66,10.66,10.66,0,0.0,0.0
HNM,2021-09-23,10.66,10.66,10.66,10.66,0,0.0,0.0
HNM,2021-09-24,10.76,12.18,10.76,12.18,307135,1.42,0.13197026022304834
HNM,2021-09-27,12.08,12.08,12.08,12.08,0,0.0,0.0
HNM,2021-09-28,12.08,12.08,12.08,12.08,0,0.0,0.0
HNM,2021-09-29,12.08,12.08,12.08,12.08,0,0.0,0.0
HNM,2021-09-30,12.08,12.08,12.08,12.08,0,0.0,0.0
HNM,2021-10-01,12.46,13.87,12.36,13.87,142984,1.5099999999999998,0.11316211878009617
HNM,2021-10-04,13.87,13.87,13.87,13.87,0,0.0,0.0
HNM,2021-10-05,13.87,13.87,13.87,13.87,0,0.0,0.0
HNM,2021-10-06,13.87,13.87,13.87,13.87,0,0.0,0.0
HNM,2021-10-07,13.87,13.87,13.87,13.87,0,0.0,0.0
HNM,2021-10-08,15.76,15.95,15.57,15.95,556180,0.379999999999999,0.012055837563451745
HNM,2021-10-11,15.86,15.86,15.86,15.86,0,0.0,0.0
HNM,2021-10-12,15.86,15.86,15.86,15.86,0,0.0,0.0
HNM,2021-10-13,15.86,15.86,15.86,15.86,0,0.0,0.0
HNM,2021-10-14,15.86,15.86,15.86,15.86,0,0.0,0.0
HNM,2021-10-15,17.55,17.55,15.86,16.42,191457,1.6900000000000013,-0.06438746438746433
HNM,2021-10-18,16.52,16.52,16.52,16.52,0,0.0,0.0
HNM,2021-10-19,16.52,16.52,16.52,16.52,0,0.0,0.0
HNM,2021-10-20,16.52,16.52,16.52,16.52,0,0.0,0.0
HNM,2021-10-21,16.52,16.52,16.52,16.52,0,0.0,0.0
HNM,2021-10-22,16.52,16.61,14.91,15.57,261020,1.6999999999999993,-0.057506053268765095
HNM,2021-10-25,15.48,15.48,15.48,15.48,0,0.0,0.0
HNM,2021-10-26,15.48,15.48,15.48,15.48,0,0.0,0.0
HNM,2021-10-27,15.48,15.48,15.48,15.48,0,0.0,0.0
HNM,2021-10-28,15.48,15.48,15.48,15.48,0,0.0,0.0
HNM,2021-10-29,16.23,16.33,13.87,14.53,375805,2.459999999999999,-0.10474430067775731
HNM,2021-11-01,14.91,14.91,14.91,14.91,0,0.0,0.0
HNM,2021-11-02,14.91,14.91,14.91,14.91,0,0.0,0.0
HNM,2021-11-03,14.91,14.91,14.91,14.91,0,0.0,0.0
HNM,2021-11-04,14.91,14.91,14.91,14.91,0,0.0,0.0
HNM,2021-11-05,14.91,14.91,13.21,13.21,228403,1.6999999999999993,-0.11401743796109988
HNM,2021-11-08,13.69,13.69,13.69,13.69,0,0.0,0.0
HNM,2021-11-09,13.69,13.69,13.69,13.69,0,0.0,0.0
HNM,2021-11-10,13.69,13.69,13.69,13.69,0,0.0,0.0
HNM,2021-11-11,13.69,13.69,13.69,13.69,0,0.0,0.0
HNM,2021-11-12,13.69,13.69,11.7,11.99,485600,1.9900000000000002,-0.12417823228634035
HNM,2021-11-15,11.99,11.99,11.99,11.99,0,0.0,0.0
HNM,2021-11-16,11.99,11.99,11.99,11.99,0,0.0,0.0
HNM,2021-11-17,11.99,11.99,11.99,11.99,0,0.0,0.0
HNM,2021-11-18,11.99,11.99,11.99,11.99,0,0.0,0.0
HNM,2021-11-19,11.99,13.69,10.85,13.12,371705,2.84,0.09424520433694737
HNM,2021-11-22,12.27,12.27,12.27,12.27,0,0.0,0.0
HNM,2021-11-23,12.27,12.27,12.27,12.27,0,0.0,0.0
HNM,2021-11-24,12.27,12.27,12.27,12.27,0,0.0,0.0
HNM,2021-11-25,12.27,12.27,12.27,12.27,0,0.0,0.0
HNM,2021-11-26,13.21,13.97,13.21,13.87,349201,0.7599999999999998,0.04996214988644953
HNM,2021-11-29,13.78,13.78,13.78,13.78,0,0.0,0.0
HNM,2021-11-30,13.78,13.78,13.78,13.78,0,0.0,0.0
HNM,2021-12-01,13.78,13.78,13.78,13.78,0,0.0,0.0
HNM,2021-12-02,13.78,13.78,13.78,13.78,0,0.0,0.0
HNM,2021-12-03,15.29,15.29,13.31,13.97,176160,1.9799999999999986,-0.08633093525179847
HNM,2021-12-06,13.69,13.69,13.69,13.69,0,0.0,0.0
HNM,2021-12-07,13.69,13.69,13.69,13.69,0,0.0,0.0
HNM,2021-12-08,13.69,13.69,13.69,13.69,0,0.0,0.0
HNM,2021-12-09,13.69,13.69,13.69,13.69,0,0.0,0.0
HNM,2021-12-10,13.69,13.87,13.12,13.4,40060,0.75,-0.02118334550766977
HNM,2021-12-13,13.4,13.4,13.4,13.4,0,0.0,0.0
HNM,2021-12-14,13.4,13.4,13.4,13.4,0,0.0,0.0
HNM,2021-12-15,13.4,13.4,13.4,13.4,0,0.0,0.0
HNM,2021-12-16,13.4,13.4,13.4,13.4,0,0.0,0.0
HNM,2021-12-17,14.16,14.16,12.55,13.31,97345,1.6099999999999994,-0.060028248587570596
HNM,2021-12-20,13.12,13.12,13.12,13.12,0,0.0,0.0
HNM,2021-12-21,13.12,13.12,13.12,13.12,0,0.0,0.0
HNM,2021-12-22,13.12,13.12,13.12,13.12,0,0.0,0.0
HNM,2021-12-23,13.12,13.12,13.12,13.12,0,0.0,0.0
HNM,2021-12-24,13.69,13.69,11.89,12.74,53720,1.799999999999999,-0.06939371804236664
HNM,2021-12-27,12.74,12.74,12.74,12.74,0,0.0,0.0
HNM,2021-12-28,12.74,12.74,12.74,12.74,0,0.0,0.0
HNM,2021-12-29,12.74,12.74,12.74,12.74,0,0.0,0.0
HNM,2021-12-30,12.74,12.74,12.74,12.74,0,0.0,0.0
HNM,2021-12-31,12.74,13.87,12.27,13.21,223245,1.5999999999999996,0.03689167974882265
HNM,2022-01-04,12.84,12.84,12.84,12.84,0,0.0,0.0
HNM,2022-01-05,12.84,12.84,12.84,12.84,0,0.0,0.0
HNM,2022-01-06,12.84,12.84,12.84,12.84,0,0.0,0.0
HNM,2022-01-07,14.16,14.72,14.16,14.72,316401,0.5600000000000005,0.039548022598870095
HNM,2022-01-10,14.72,14.72,14.72,14.72,0,0.0,0.0
HNM,2022-01-11,14.72,14.72,14.72,14.72,0,0.0,0.0
HNM,2022-01-12,14.72,14.72,14.72,14.72,0,0.0,0.0
HNM,2022-01-13,14.72,14.72,14.72,14.72,0,0.0,0.0
HNM,2022-01-14,14.72,14.72,12.74,13.5,188390,1.9800000000000004,-0.08288043478260873
HNM,2022-01-17,13.21,13.21,13.21,13.21,0,0.0,0.0
HNM,2022-01-18,13.21,13.21,13.21,13.21,0,0.0,0.0
HNM,2022-01-19,13.21,13.21,13.21,13.21,0,0.0,0.0
HNM,2022-01-20,13.21,13.21,13.21,13.21,0,0.0,0.0
HNM,2022-01-21,13.87,13.87,13.02,13.02,128450,0.8499999999999996,-0.061283345349675535
HNM,2022-01-24,13.4,13.4,13.4,13.4,0,0.0,0.0
HNM,2022-01-25,13.4,13.4,13.4,13.4,0,0.0,0.0
HNM,2022-01-26,13.4,13.4,13.4,13.4,0,0.0,0.0
HNM,2022-01-27,13.4,13.4,13.4,13.4,0,0.0,0.0
HNM,2022-01-28,12.84,13.31,12.08,12.27,73300,1.2300000000000004,-0.04439252336448601
HNM,2022-02-07,12.46,12.46,12.46,12.46,0,0.0,0.0
HNM,2022-02-08,12.46,12.46,12.46,12.46,0,0.0,0.0
HNM,2022-02-09,12.46,12.46,12.46,12.46,0,0.0,0.0
HNM,2022-02-10,12.46,12.46,12.46,12.46,0,0.0,0.0
HNM,2022-02-11,13.12,13.12,12.46,12.46,35205,0.6599999999999984,-0.050304878048780366
HNM,2022-02-14,12.55,12.55,12.55,12.55,0,0.0,0.0
HNM,2022-02-15,12.55,12.55,12.55,12.55,0,0.0,0.0
HNM,2022-02-16,12.55,12.55,12.55,12.55,0,0.0,0.0
HNM,2022-02-17,12.55,12.55,12.55,12.55,0,0.0,0.0
HNM,2022-02-18,12.74,12.74,12.08,12.36,99700,0.6600000000000001,-0.029827315541601316
HNM,2022-02-21,12.18,12.18,12.18,12.18,0,0.0,0.0
HNM,2022-02-22,12.18,12.18,12.18,12.18,0,0.0,0.0
HNM,2022-02-23,12.18,12.18,12.18,12.18,0,0.0,0.0
HNM,2022-02-24,12.18,12.18,12.18,12.18,0,0.0,0.0
HNM,2022-02-25,11.8,11.99,11.42,11.7,119100,0.5700000000000003,-0.00847457627118656
HNM,2022-02-28,11.7,11.7,11.7,11.7,0,0.0,0.0
HNM,2022-03-01,11.7,11.7,11.7,11.7,0,0.0,0.0
HNM,2022-03-02,11.7,11.7,11.7,11.7,0,0.0,0.0
HNM,2022-03-03,11.7,11.7,11.7,11.7,0,0.0,0.0
HNM,2022-03-04,11.8,11.99,11.61,11.61,78130,0.3800000000000008,-0.016101694915254344
HNM,2022-03-07,11.7,11.7,11.7,11.7,0,0.0,0.0
HNM,2022-03-08,11.7,11.7,11.7,11.7,0,0.0,0.0
HNM,2022-03-09,11.7,11.7,11.7,11.7,0,0.0,0.0
HNM,2022-03-10,11.7,11.7,11.7,11.7,0,0.0,0.0
HNM,2022-03-11,11.8,11.8,11.04,11.04,148900,0.7600000000000016,-0.06440677966101707
HNM,2022-03-14,11.23,11.23,11.23,11.23,0,0.0,0.0
HNM,2022-03-15,11.23,11.23,11.23,11.23,0,0.0,0.0
HNM,2022-03-16,11.23,11.23,11.23,11.23,0,0.0,0.0
HNM,2022-03-17,11.23,11.23,11.23,11.23,0,0.0,0.0
HNM,2022-03-18,11.33,11.8,10.66,11.14,79300,1.1400000000000006,-0.016769638128861387
HNM,2022-03-21,11.14,11.14,11.14,11.14,0,0.0,0.0
HNM,2022-03-22,11.14,11.14,11.14,11.14,0,0.0,0.0
HNM,2022-03-23,11.14,11.14,11.14,11.14,0,0.0,0.0
HNM,2022-03-24,11.14,11.14,11.14,11.14,0,0.0,0.0
HNM,2022-03-25,11.14,12.46,11.14,11.89,124900,1.3200000000000003,0.06732495511669659
HNM,2022-03-28,11.99,11.99,11.99,11.99,0,0.0,0.0
HNM,2022-03-29,11.99,11.99,11.99,11.99,0,0.0,0.0
HNM,2022-03-30,11.99,11.99,11.99,11.99,0,0.0,0.0
HNM,2022-03-31,11.99,11.99,11.99,11.99,0,0.0,0.0
HNM,2022-04-01,12.27,12.27,11.42,11.42,82200,0.8499999999999996,-0.06927465362673184
HNM,2022-04-04,11.7,11.7,11.7,11.7,0,0.0,0.0
HNM,2022-04-05,11.7,11.7,11.7,11.7,0,0.0,0.0
HNM,2022-04-06,11.7,11.7,11.7,11.7,0,0.0,0.0
HNM,2022-04-07,11.7,11.7,11.7,11.7,0,0.0,0.0
HNM,2022-04-08,11.99,11.99,10.85,10.85,94810,1.1400000000000006,-0.09507923269391164
HNM,2022-04-12,11.14,11.14,11.14,11.14,0,0.0,0.0
HNM,2022-04-13,11.14,11.14,11.14,11.14,0,0.0,0.0
HNM,2022-04-14,11.14,11.14,11.14,11.14,0,0.0,0.0
HNM,2022-04-15,11.61,11.8,11.14,11.33,53750,0.6600000000000001,-0.02411714039621011
HNM,2022-04-18,11.51,11.51,11.51,11.51,0,0.0,0.0
HNM,2022-04-19,11.51,11.51,11.51,11.51,0,0.0,0.0
HNM,2022-04-20,11.51,11.51,11.51,11.51,0,0.0,0.0
HNM,2022-04-21,11.51,11.51,11.51,11.51,0,0.0,0.0
HNM,2022-04-22,11.14,11.23,9.82,10.29,173017,1.4100000000000001,-0.07630161579892293
HNM,2022-04-25,10.1,10.1,10.1,10.1,0,0.0,0.0
HNM,2022-04-26,10.1,10.1,10.1,10.1,0,0.0,0.0
HNM,2022-04-27,10.1,10.1,10.1,10.1,0,0.0,0.0
HNM,2022-04-28,10.1,10.1,10.1,10.1,0,0.0,0.0
HNM,2022-04-29,10.1,11.23,10.1,10.1,44800,1.1300000000000008,0.0
HNM,2022-05-04,10.38,10.38,10.38,10.38,0,0.0,0.0
HNM,2022-05-05,10.38,10.38,10.38,10.38,0,0.0,0.0
HNM,2022-05-06,10.38,10.38,9.06,9.06,37306,1.3200000000000003,-0.1271676300578035
HNM,2022-05-09,9.91,9.91,9.91,9.91,0,0.0,0.0
HNM,2022-05-10,9.91,9.91,9.91,9.91,0,0.0,0.0
HNM,2022-05-11,9.91,9.91,9.91,9.91,0,0.0,0.0
HNM,2022-05-12,9.91,9.91,9.91,9.91,0,0.0,0.0
HNM,2022-05-13,9.34,9.34,8.49,8.49,48401,0.8499999999999996,-0.09100642398286934
HNM,2022-05-16,8.49,8.49,8.49,8.49,0,0.0,0.0
HNM,2022-05-17,8.49,8.49,8.49,8.49,0,0.0,0.0
HNM,2022-05-18,8.49,8.49,8.49,8.49,0,0.0,0.0
HNM,2022-05-19,8.49,8.49,8.49,8.49,0,0.0,0.0
HNM,2022-05-20,8.31,9.72,8.31,8.4,59400,1.4100000000000001,0.010830324909747275
HNM,2022-05-23,8.68,8.68,8.68,8.68,0,0.0,0.0
HNM,2022-05-24,8.68,8.68,8.68,8.68,0,0.0,0.0
HNM,2022-05-25,8.68,8.68,8.68,8.68,0,0.0,0.0
HNM,2022-05-26,8.68,8.68,8.68,8.68,0,0.0,0.0
HNM,2022-05-27,8.97,8.97,8.21,8.31,64500,0.7599999999999998,-0.07357859531772576
HNM,2022-05-30,8.59,8.59,8.59,8.59,0,0.0,0.0
HNM,2022-05-31,8.59,8.59,8.59,8.59,0,0.0,0.0
HNM,2022-06-01,8.59,8.59,8.59,8.59,0,0.0,0.0
HNM,2022-06-02,8.59,8.59,8.59,8.59,0,0.0,0.0
HNM,2022-06-03,9.15,9.15,8.21,8.49,52000,0.9399999999999995,-0.07213114754098363
HNM,2022-06-06,8.49,8.49,8.49,8.49,0,0.0,0.0
HNM,2022-06-07,8.49,8.49,8.49,8.49,0,0.0,0.0
HNM,2022-06-08,8.49,8.49,8.49,8.49,0,0.0,0.0
HNM,2022-06-09,8.49,8.49,8.49,8.49,0,0.0,0.0
HNM,2022-06-10,9.15,9.15,8.21,8.4,42400,0.9399999999999995,-0.08196721311475409
HNM,2022-06-13,8.31,8.31,8.31,8.31,0,0.0,0.0
HNM,2022-06-14,8.31,8.31,8.31,8.31,0,0.0,0.0
HNM,2022-06-15,8.31,8.31,8.31,8.31,0,0.0,0.0
HNM,2022-06-16,8.31,8.31,8.31,8.31,0,0.0,0.0
HNM,2022-06-17,8.87,8.87,7.17,7.36,31000,1.6999999999999993,-0.17023675310033812
HNM,2022-06-20,7.46,7.46,7.46,7.46,0,0.0,0.0
HNM,2022-06-21,7.46,7.46,7.46,7.46,0,0.0,0.0
HNM,2022-06-22,7.46,7.46,7.46,7.46,0,0.0,0.0
HNM,2022-06-23,7.46,7.46,7.46,7.46,0,0.0,0.0
HNM,2022-06-24,7.55,7.93,6.51,6.51,40300,1.42,-0.13774834437086095
HNM,2022-06-27,6.8,6.8,6.8,6.8,0,0.0,0.0
HNM,2022-06-28,6.8,6.8,6.8,6.8,0,0.0,0.0
HNM,2022-06-29,6.8,6.8,6.8,6.8,0,0.0,0.0
HNM,2022-06-30,6.8,6.8,6.8,6.8,0,0.0,0.0
HNM,2022-07-01,7.08,7.74,6.61,7.74,67600,1.13,0.09322033898305086
HNM,2022-07-04,7.08,7.08,7.08,7.08,0,0.0,0.0
HNM,2022-07-05,7.08,7.08,7.08,7.08,0,0.0,0.0
HNM,2022-07-06,7.08,7.08,7.08,7.08,0,0.0,0.0
HNM,2022-07-07,7.08,7.08,7.08,7.08,0,0.0,0.0
HNM,2022-07-08,8.12,8.12,7.55,8.12,71200,0.5699999999999994,0.0
HNM,2022-07-11,7.93,7.93,7.93,7.93,0,0.0,0.0
HNM,2022-07-12,7.93,7.93,7.93,7.93,0,0.0,0.0
HNM,2022-07-13,7.93,7.93,7.93,7.93,0,0.0,0.0
HNM,2022-07-14,7.93,7.93,7.93,7.93,0,0.0,0.0
HNM,2022-07-15,8.78,9.06,8.21,9.06,76470,0.8499999999999996,0.03189066059225526
HNM,2022-07-18,8.97,8.97,8.97,8.97,0,0.0,0.0
HNM,2022-07-19,8.97,8.97,8.97,8.97,0,0.0,0.0
HNM,2022-07-20,8.97,8.97,8.97,8.97,0,0.0,0.0
HNM,2022-07-21,8.97,8.97,8.97,8.97,0,0.0,0.0
HNM,2022-07-22,9.25,9.72,9.25,9.25,29500,0.47000000000000064,0.0
HNM,2022-07-25,9.44,9.44,9.44,9.44,0,0.0,0.0
HNM,2022-07-26,9.44,9.44,9.44,9.44,0,0.0,0.0
HNM,2022-07-27,9.44,9.44,9.44,9.44,0,0.0,0.0
HNM,2022-07-28,9.44,9.44,9.44,9.44,0,0.0,0.0
HNM,2022-07-29,10.29,10.29,8.49,8.49,88601,1.799999999999999,-0.17492711370262382
HNM,2022-08-01,9.91,9.91,9.91,9.91,0,0.0,0.0
HNM,2022-08-02,9.91,9.91,9.91,9.91,0,0.0,0.0
HNM,2022-08-03,9.91,9.91,9.91,9.91,0,0.0,0.0
HNM,2022-08-04,9.91,9.91,9.91,9.91,0,0.0,0.0
HNM,2022-08-05,9.44,9.44,8.49,8.49,102145,0.9499999999999993,-0.10063559322033891
HNM,2022-08-08,8.68,8.68,8.68,8.68,0,0.0,0.0
HNM,2022-08-09,8.68,8.68,8.68,8.68,0,0.0,0.0
HNM,2022-08-10,8.68,8.68,8.68,8.68,0,0.0,0.0
HNM,2022-08-11,8.68,8.68,8.68,8.68,0,0.0,0.0
HNM,2022-08-12,8.4,8.4,7.46,8.31,226000,0.9400000000000004,-0.010714285714285697
HNM,2022-08-15,7.64,7.64,7.64,7.64,0,0.0,0.0
HNM,2022-08-16,7.64,7.64,7.64,7.64,0,0.0,0.0
HNM,2022-08-17,7.64,7.64,7.64,7.64,0,0.0,0.0
HNM,2022-08-18,7.64,7.64,7.64,7.64,0,0.0,0.0
HNM,2022-08-19,7.55,8.59,7.55,8.21,63700,1.04,0.0874172185430465
HNM,2022-08-22,8.4,8.4,8.4,8.4,0,0.0,0.0
HNM,2022-08-23,8.4,8.4,8.4,8.4,0,0.0,0.0
HNM,2022-08-24,8.4,8.4,8.4,8.4,0,0.0,0.0
HNM,2022-08-25,8.4,8.4,8.4,8.4,0,0.0,0.0
HNM,2022-08-26,8.68,8.68,7.93,8.31,45400,0.75,-0.04262672811059899
HNM,2022-08-29,8.21,8.21,8.21,8.21,0,0.0,0.0
HNM,2022-08-30,8.21,8.21,8.21,8.21,0,0.0,0.0
HNM,2022-08-31,8.21,8.21,8.21,8.21,0,0.0,0.0
HNM,2022-09-05,8.21,8.21,8.21,8.21,0,0.0,0.0
HNM,2022-09-06,8.21,8.21,8.21,8.21,0,0.0,0.0
HNM,2022-09-07,8.21,8.21,8.21,8.21,0,0.0,0.0
HNM,2022-09-08,8.21,8.21,8.21,8.21,0,0.0,0.0
HNM,2022-09-09,8.02,8.21,7.83,8.02,49800,0.3800000000000008,0.0
HNM,2022-09-12,8.02,8.02,8.02,8.02,0,0.0,0.0
HNM,2022-09-13,8.02,8.02,8.02,8.02,0,0.0,0.0
HNM,2022-09-14,8.02,8.02,8.02,8.02,0,0.0,0.0
HNM,2022-09-15,8.02,8.02,8.02,8.02,0,0.0,0.0
HNM,2022-09-16,7.08,8.21,7.08,8.02,31630,1.1300000000000008,0.13276836158192085
HNM,2022-09-19,7.83,7.83,7.83,7.83,0,0.0,0.0
HNM,2022-09-20,7.83,7.83,7.83,7.83,0,0.0,0.0
HNM,2022-09-21,7.83,7.83,7.83,7.83,0,0.0,0.0
HNM,2022-09-22,7.83,7.83,7.83,7.83,0,0.0,0.0
HNM,2022-09-23,8.31,8.31,7.55,7.83,57680,0.7600000000000007,-0.05776173285198561
HNM,2022-09-26,7.74,7.74,7.74,7.74,0,0.0,0.0
HNM,2022-09-27,7.74,7.74,7.74,7.74,0,0.0,0.0
HNM,2022-09-28,7.74,7.74,7.74,7.74,0,0.0,0.0
HNM,2022-09-29,7.74,7.74,7.74,7.74,0,0.0,0.0
HNM,2022-09-30,6.8,8.49,6.8,7.36,31000,1.6900000000000004,0.08235294117647067
HNM,2022-10-03,7.46,7.46,7.46,7.46,0,0.0,0.0
HNM,2022-10-04,7.46,7.46,7.46,7.46,0,0.0,0.0
HNM,2022-10-05,7.46,7.46,7.46,7.46,0,0.0,0.0
HNM,2022-10-06,7.46,7.46,7.46,7.46,0,0.0,0.0
HNM,2022-10-07,6.42,7.74,6.42,6.61,124303,1.3200000000000003,0.02959501557632405
HNM,2022-10-10,7.08,7.08,7.08,7.08,0,0.0,0.0
HNM,2022-10-11,7.08,7.08,7.08,7.08,0,0.0,0.0
HNM,2022-10-12,7.08,7.08,7.08,7.08,0,0.0,0.0
HNM,2022-10-13,7.08,7.08,7.08,7.08,0,0.0,0.0
HNM,2022-10-14,7.55,7.64,7.17,7.36,18689,0.46999999999999975,-0.02516556291390722
HNM,2022-10-17,7.36,7.36,7.36,7.36,0,0.0,0.0
HNM,2022-10-18,7.36,7.36,7.36,7.36,0,0.0,0.0
HNM,2022-10-19,7.36,7.36,7.36,7.36,0,0.0,0.0
HNM,2022-10-20,7.36,7.36,7.36,7.36,0,0.0,0.0
HNM,2022-10-21,7.74,7.74,6.98,7.36,47300,0.7599999999999998,-0.04909560723514211
HNM,2022-10-24,7.46,7.46,7.46,7.46,0,0.0,0.0
HNM,2022-10-25,7.46,7.46,7.46,7.46,0,0.0,0.0
HNM,2022-10-26,7.46,7.46,7.46,7.46,0,0.0,0.0
HNM,2022-10-27,7.46,7.46,7.46,7.46,0,0.0,0.0
HNM,2022-10-28,7.46,7.55,6.61,7.46,33313,0.9399999999999995,0.0
HNM,2022-10-31,7.17,7.17,7.17,7.17,0,0.0,0.0
HNM,2022-11-01,7.17,7.17,7.17,7.17,0,0.0,0.0
HNM,2022-11-02,7.17,7.17,7.17,7.17,0,0.0,0.0
HNM,2022-11-03,7.17,7.17,7.17,7.17,0,0.0,0.0
HNM,2022-11-04,7.17,7.17,6.51,6.61,50100,0.6600000000000001,-0.07810320781032072
HNM,2022-11-07,6.61,6.61,6.61,6.61,0,0.0,0.0
HNM,2022-11-08,6.61,6.61,6.61,6.61,0,0.0,0.0
HNM,2022-11-09,6.61,6.61,6.61,6.61,0,0.0,0.0
HNM,2022-11-10,6.61,6.61,6.61,6.61,0,0.0,0.0
HNM,2022-11-11,6.32,6.51,5.66,5.95,65100,0.8499999999999996,-0.05854430379746837
HNM,2022-11-14,5.95,5.95,5.95,5.95,0,0.0,0.0
HNM,2022-11-15,5.95,5.95,5.95,5.95,0,0.0,0.0
HNM,2022-11-16,5.95,5.95,5.95,5.95,0,0.0,0.0
HNM,2022-11-17,5.95,5.95,5.95,5.95,0,0.0,0.0
HNM,2022-11-18,6.8,6.8,5.85,6.32,14900,0.9500000000000002,-0.07058823529411758
HNM,2022-11-21,6.23,6.23,6.23,6.23,0,0.0,0.0
HNM,2022-11-22,6.23,6.23,6.23,6.23,0,0.0,0.0
HNM,2022-11-23,6.23,6.23,6.23,6.23,0,0.0,0.0
HNM,2022-11-24,6.23,6.23,6.23,6.23,0,0.0,0.0
HNM,2022-11-25,6.61,6.7,5.95,6.23,39934,0.75,-0.05748865355521934
HNM,2022-11-28,6.23,6.23,6.23,6.23,0,0.0,0.0
HNM,2022-11-29,6.23,6.23,6.23,6.23,0,0.0,0.0
HNM,2022-11-30,6.23,6.23,6.23,6.23,0,0.0,0.0
HNM,2022-12-01,6.23,6.23,6.23,6.23,0,0.0,0.0
HNM,2022-12-02,7.08,7.08,6.42,6.7,58534,0.6600000000000001,-0.053672316384180775
HNM,2022-12-05,6.7,6.7,6.7,6.7,0,0.0,0.0
HNM,2022-12-06,6.7,6.7,6.7,6.7,0,0.0,0.0
HNM,2022-12-07,6.7,6.7,6.7,6.7,0,0.0,0.0
HNM,2022-12-08,6.7,6.7,6.7,6.7,0,0.0,0.0
HNM,2022-12-09,7.64,7.64,6.61,6.7,18500,1.0299999999999994,-0.12303664921465962
HNM,2022-12-12,6.8,6.8,6.8,6.8,0,0.0,0.0
HNM,2022-12-13,6.8,6.8,6.8,6.8,0,0.0,0.0
HNM,2022-12-14,6.8,6.8,6.8,6.8,0,0.0,0.0
HNM,2022-12-15,6.8,6.8,6.8,6.8,0,0.0,0.0
HNM,2022-12-16,7.55,7.55,6.04,6.51,38800,1.5099999999999998,-0.13774834437086095
HNM,2022-12-19,6.51,6.51,6.51,6.51,0,0.0,0.0
HNM,2022-12-20,6.51,6.51,6.51,6.51,0,0.0,0.0
HNM,2022-12-21,6.51,6.51,6.51,6.51,0,0.0,0.0
HNM,2022-12-22,6.51,6.51,6.51,6.51,0,0.0,0.0
HNM,2022-12-23,7.46,7.46,6.13,6.32,21700,1.33,-0.1528150134048257
HNM,2022-12-26,6.32,6.32,6.32,6.32,0,0.0,0.0
HNM,2022-12-27,6.32,6.32,6.32,6.32,0,0.0,0.0
HNM,2022-12-28,6.32,6.32,6.32,6.32,0,0.0,0.0
HNM,2022-12-29,6.32,6.32,6.32,6.32,0,0.0,0.0
HNM,2022-12-30,7.27,7.27,5.76,6.04,52700,1.5099999999999998,-0.16918844566712513
HNM,2023-01-03,6.13,6.13,6.13,6.13,0,0.0,0.0
HNM,2023-01-04,6.13,6.13,6.13,6.13,0,0.0,0.0
HNM,2023-01-05,6.13,6.13,6.13,6.13,0,0.0,0.0
HNM,2023-01-06,6.98,6.98,6.13,6.13,40400,0.8500000000000005,-0.12177650429799435
HNM,2023-01-09,6.13,6.13,6.13,6.13,0,0.0,0.0
HNM,2023-01-10,6.13,6.13,6.13,6.13,0,0.0,0.0
HNM,2023-01-11,6.13,6.13,6.13,6.13,0,0.0,0.0
HNM,2023-01-12,6.13,6.13,6.13,6.13,0,0.0,0.0
HNM,2023-01-13,6.7,6.7,6.13,6.7,57700,0.5700000000000003,0.0
HNM,2023-01-16,6.32,6.32,6.32,6.32,0,0.0,0.0
HNM,2023-01-17,6.32,6.32,6.32,6.32,0,0.0,0.0
HNM,2023-01-18,6.32,6.32,6.32,6.32,0,0.0,0.0
HNM,2023-01-19,6.32,6.32,6.32,6.32,0,0.0,0.0
HNM,2023-01-27,7.17,7.17,6.51,6.89,13400,0.6600000000000001,-0.03905160390516042
HNM,2023-01-30,6.61,6.61,6.61,6.61,0,0.0,0.0
HNM,2023-01-31,6.61,6.61,6.61,6.61,0,0.0,0.0
HNM,2023-02-01,6.61,6.61,6.61,6.61,0,0.0,0.0
HNM,2023-02-02,6.61,6.61,6.61,6.61,0,0.0,0.0
HNM,2023-02-03,6.61,7.08,6.61,6.8,13300,0.46999999999999975,0.028744326777609606
HNM,2023-02-06,6.7,6.7,6.7,6.7,0,0.0,0.0
HNM,2023-02-07,6.7,6.7,6.7,6.7,0,0.0,0.0
HNM,2023-02-08,6.7,6.7,6.7,6.7,0,0.0,0.0
HNM,2023-02-09,6.7,6.7,6.7,6.7,0,0.0,0.0
HNM,2023-02-10,7.46,7.46,6.98,7.36,30400,0.47999999999999954,-0.013404825737265367
HNM,2023-02-13,7.17,7.17,7.17,7.17,0,0.0,0.0
HNM,2023-02-14,7.17,7.17,7.17,7.17,0,0.0,0.0
HNM,2023-02-15,7.17,7.17,7.17,7.17,0,0.0,0.0
HNM,2023-02-16,7.17,7.17,7.17,7.17,0,0.0,0.0
HNM,2023-02-17,8.21,8.21,8.21,8.21,6513,0.0,0.0
HNM,2023-02-20,9.44,9.44,9.44,9.44,109325,0.0,0.0
HNM,2023-02-21,10.85,10.85,9.63,10.38,191797,1.2199999999999989,-0.04331797235023031
HNM,2023-02-22,11.33,11.33,9.15,9.25,40768,2.1799999999999997,-0.18358340688437777
HNM,2023-02-23,9.91,9.91,8.49,8.49,77742,1.42,-0.1432896064581231
HNM,2023-02-24,8.97,8.97,8.31,8.31,29100,0.6600000000000001,-0.07357859531772576
HNM,2023-02-27,8.31,8.68,8.31,8.59,52800,0.3699999999999992,0.033694344163658164
HNM,2023-02-28,9.44,9.44,8.59,8.97,35142,0.8499999999999996,-0.04978813559322022
HNM,2023-03-01,9.25,9.25,8.68,8.78,12300,0.5700000000000003,-0.05081081081081088
HNM,2023-03-02,9.06,9.15,8.78,9.06,31500,0.370000000000001,0.0
HNM,2023-03-03,8.97,8.97,8.68,8.97,2160,0.2900000000000009,0.0
HNM,2023-03-06,8.97,9.15,8.68,8.68,6200,0.47000000000000064,-0.03232998885172808
HNM,2023-03-07,9.06,9.06,8.68,9.06,5701,0.3800000000000008,0.0
HNM,2023-03-08,9.06,9.06,8.68,8.97,1789,0.3800000000000008,-0.00993377483443707
HNM,2023-03-09,8.97,8.97,8.49,8.49,32800,0.4800000000000004,-0.05351170568561877
HNM,2023-03-10,8.97,8.97,8.59,8.59,20419,0.3800000000000008,-0.04236343366778158
HNM,2023-03-13,8.97,8.97,8.21,8.4,26100,0.7599999999999998,-0.06354515050167227
HNM,2023-03-14,8.68,8.68,7.83,8.12,5700,0.8499999999999996,-0.06451612903225812
HNM,2023-03-15,8.49,8.49,7.93,8.21,16400,0.5600000000000005,-0.03297997644287389
HNM,2023-03-16,8.12,8.21,8.12,8.21,8700,0.09000000000000163,0.011083743842364734
HNM,2023-03-17,8.31,8.31,7.93,8.21,2200,0.3800000000000008,-0.012033694344163615
HNM,2023-03-20,8.21,8.31,7.93,8.02,5800,0.3800000000000008,-0.023142509135201127
HNM,2023-03-21,8.4,8.4,7.93,7.93,2200,0.47000000000000064,-0.055952380952381024
HNM,2023-03-22,9.15,9.15,8.02,8.12,3000,1.1300000000000008,-0.11256830601092908
HNM,2023-03-23,8.21,8.21,7.74,7.74,6900,0.47000000000000064,-0.057247259439707744
HNM,2023-03-24,7.74,9.06,7.74,7.83,3030,1.3200000000000003,0.011627906976744167
HNM,2023-03-27,9.06,9.06,7.74,7.93,14500,1.3200000000000003,-0.12472406181015461
HNM,2023-03-28,9.06,9.06,7.83,7.83,11900,1.2300000000000004,-0.13576158940397354
HNM,2023-03-29,8.49,8.49,7.93,7.93,19709,0.5600000000000005,-0.06595995288574799
HNM,2023-03-30,8.49,8.49,7.93,7.93,16500,0.5600000000000005,-0.06595995288574799
HNM,2023-03-31,8.49,8.49,7.93,8.02,4300,0.5600000000000005,-0.055359246171967094
HNM,2023-04-03,8.02,8.12,7.93,8.12,13110,0.1899999999999995,0.01246882793017452
HNM,2023-04-04,8.12,8.12,7.93,8.12,5700,0.1899999999999995,0.0
HNM,2023-04-05,8.02,8.12,7.93,8.02,8200,0.1899999999999995,0.0
HNM,2023-04-06,8.02,8.12,7.83,8.12,68261,0.28999999999999915,0.01246882793017452
HNM,2023-04-07,8.12,8.12,7.93,7.93,67112,0.1899999999999995,-0.023399014778325063
HNM,2023-04-10,7.93,8.12,7.83,7.93,11341,0.28999999999999915,0.0
HNM,2023-04-11,8.02,8.02,7.83,7.93,8300,0.1899999999999995,-0.01122194513715709
HNM,2023-04-12,7.93,7.93,7.83,7.83,5401,0.09999999999999964,-0.012610340479192893
HNM,2023-04-13,6.89,7.93,6.89,7.83,2200,1.04,0.1364296081277214
HNM,2023-04-14,8.02,8.02,7.55,7.55,6900,0.46999999999999975,-0.05860349127182042
HNM,2023-04-17,7.93,7.93,7.93,7.93,10900,0.0,0.0
HNM,2023-04-18,8.02,9.06,8.02,8.02,10221,1.040000000000001,0.0
HNM,2023-04-19,8.12,8.12,8.02,8.02,6022,0.09999999999999964,-0.012315270935960548
HNM,2023-04-20,8.02,8.31,8.02,8.02,32942,0.2900000000000009,0.0
HNM,2023-04-21,8.31,9.06,8.21,8.49,41401,0.8499999999999996,0.02166064981949455
HNM,2023-04-24,8.78,8.78,8.12,8.12,53611,0.6600000000000001,-0.07517084282460139
HNM,2023-04-25,8.49,8.49,8.21,8.31,61508,0.27999999999999936,-0.021201413427561804
HNM,2023-04-26,8.49,8.49,8.02,8.02,55214,0.47000000000000064,-0.055359246171967094
HNM,2023-04-27,8.02,8.21,8.02,8.12,4061,0.19000000000000128,0.01246882793017452
HNM,2023-04-28,8.21,8.21,7.83,7.93,38700,0.3800000000000008,-0.03410475030450683
HNM,2023-05-04,8.02,8.31,7.74,8.12,50388,0.5700000000000003,0.01246882793017452
HNM,2023-05-05,8.02,8.02,7.55,7.93,43740,0.46999999999999975,-0.01122194513715709
HNM,2023-05-08,7.74,7.93,7.46,7.74,54580,0.46999999999999975,0.0
HNM,2023-05-09,7.64,7.83,7.55,7.64,24800,0.28000000000000025,0.0
HNM,2023-05-10,7.83,7.83,7.55,7.55,43960,0.28000000000000025,-0.03575989782886338
HNM,2023-05-11,7.55,8.02,7.55,8.02,37481,0.46999999999999975,0.06225165562913904
HNM,2023-05-12,8.02,8.21,7.93,8.12,57380,0.28000000000000114,0.01246882793017452
HNM,2023-05-15,8.21,8.68,8.21,8.31,78004,0.46999999999999886,0.012180267965895206
HNM,2023-05-16,8.21,8.49,8.21,8.4,50730,0.27999999999999936,0.02314250913520091
HNM,2023-05-17,8.4,8.4,8.21,8.4,16627,0.1899999999999995,0.0
HNM,2023-05-18,8.4,8.4,8.21,8.31,22914,0.1899999999999995,-0.010714285714285697
HNM,2023-05-19,8.21,8.31,8.21,8.31,18400,0.09999999999999964,0.012180267965895206
HNM,2023-05-22,8.4,8.49,7.55,8.12,250584,0.9400000000000004,-0.033333333333333465
HNM,2023-05-23,8.02,8.21,7.55,7.55,273000,0.660000000000001,-0.05860349127182042
HNM,2023-05-24,7.83,7.93,7.74,7.93,36300,0.1899999999999995,0.012771392081736863
HNM,2023-05-25,7.83,7.93,7.74,7.93,43560,0.1899999999999995,0.012771392081736863
HNM,2023-05-26,7.83,7.83,7.74,7.74,10500,0.08999999999999986,-0.011494252873563201
HNM,2023-05-29,7.83,8.02,7.83,8.02,59346,0.1899999999999995,0.024265644955300064
HNM,2023-05-30,8.02,8.02,7.93,8.02,50128,0.08999999999999986,0.0
HNM,2023-05-31,8.02,8.49,8.02,8.49,209582,0.47000000000000064,0.05860349127182053
HNM,2023-06-01,8.49,9.25,8.49,9.06,141714,0.7599999999999998,0.06713780918727918
HNM,2023-06-02,8.87,8.87,8.59,8.59,58962,0.27999999999999936,-0.03156708004509576
HNM,2023-06-05,8.68,9.06,8.49,8.68,100029,0.5700000000000003,0.0
HNM,2023-06-06,8.78,8.78,8.4,8.78,91500,0.379999999999999,0.0
HNM,2023-06-07,8.49,8.78,8.49,8.68,43532,0.28999999999999915,0.02237926972909299
HNM,2023-06-08,9.06,9.06,8.21,8.49,151500,0.8499999999999996,-0.06291390728476824
HNM,2023-06-09,8.49,8.68,8.4,8.59,36500,0.27999999999999936,0.011778563015312089
HNM,2023-06-12,8.59,8.87,8.49,8.78,36603,0.379999999999999,0.02211874272409773
HNM,2023-06-13,9.06,9.06,8.68,8.78,69850,0.3800000000000008,-0.03090507726269328
HNM,2023-06-14,8.78,8.87,8.4,8.59,75620,0.46999999999999886,-0.021640091116173064
HNM,2023-06-15,8.49,8.59,8.21,8.21,57000,0.379999999999999,-0.03297997644287389
HNM,2023-06-16,8.49,8.49,8.31,8.49,18760,0.17999999999999972,0.0
HNM,2023-06-19,8.4,9.63,8.4,9.63,334305,1.2300000000000004,0.14642857142857146
HNM,2023-06-20,9.72,10.66,9.72,10.66,646667,0.9399999999999995,0.0967078189300411
HNM,2023-06-21,10.66,11.33,10.1,10.48,173625,1.2300000000000004,-0.016885553470919298
HNM,2023-06-22,10.48,11.04,10.38,10.48,170300,0.6599999999999984,0.0
HNM,2023-06-23,10.76,10.85,10.38,10.57,125031,0.46999999999999886,-0.017657992565055715
HNM,2023-06-26,10.57,10.66,9.91,9.91,222162,0.75,-0.062440870387890264
HNM,2023-06-27,10.29,10.29,9.82,9.91,55685,0.46999999999999886,-0.03692905733722051
HNM,2023-06-28,9.91,10.29,9.91,10.1,49200,0.379999999999999,0.01917255297679107
HNM,2023-06-29,10.1,11.23,10.0,10.85,145380,1.2300000000000004,0.07425742574257425
HNM,2023-06-30,11.04,11.04,10.57,10.66,23200,0.46999999999999886,-0.034420289855072374
HNM,2023-07-03,11.04,11.04,10.29,10.38,48320,0.75,-0.05978260869565203
HNM,2023-07-04,10.29,10.29,9.53,10.1,117302,0.7599999999999998,-0.018464528668610255
HNM,2023-07-05,10.1,10.38,10.0,10.29,55898,0.3800000000000008,0.018811881188118763
HNM,2023-07-06,10.38,10.38,10.0,10.29,74440,0.3800000000000008,-0.00867052023121403
HNM,2023-07-07,10.48,10.85,10.1,10.38,132400,0.75,-0.009541984732824393
HNM,2023-07-10,10.76,11.04,10.57,10.66,117260,0.46999999999999886,-0.009293680297397737
HNM,2023-07-11,11.14,11.14,10.38,10.57,157408,0.7599999999999998,-0.05116696588868943
HNM,2023-07-12,10.57,11.33,10.48,10.95,157300,0.8499999999999996,0.0359508041627246
HNM,2023-07-13,11.04,11.14,10.76,10.76,39202,0.3800000000000008,-0.025362318840579653
HNM,2023-07-14,10.85,11.04,10.66,10.76,75530,0.379999999999999,-0.008294930875576024
HNM,2023-07-17,10.66,11.14,10.38,10.66,193600,0.7599999999999998,0.0
HNM,2023-07-18,10.66,10.66,10.48,10.48,56200,0.17999999999999972,-0.016885553470919298
HNM,2023-07-19,10.57,10.57,9.44,10.57,114900,1.1300000000000008,0.0
HNM,2023-07-20,10.85,10.85,10.38,10.48,21500,0.46999999999999886,-0.034101382488479194
HNM,2023-07-21,11.33,11.33,10.48,10.76,382500,0.8499999999999996,-0.050308914386584316
HNM,2023-07-24,10.76,10.85,10.38,10.57,160106,0.46999999999999886,-0.017657992565055715
HNM,2023-07-25,10.66,10.66,10.1,10.38,200350,0.5600000000000005,-0.02626641651031889
HNM,2023-07-26,10.48,10.66,10.29,10.48,94090,0.370000000000001,0.0
HNM,2023-07-27,10.57,10.57,10.0,10.29,78700,0.5700000000000003,-0.02649006622516567
HNM,2023-07-28,10.19,10.29,10.1,10.29,57059,0.1899999999999995,0.009813542688910663
HNM,2023-07-31,10.19,10.29,10.1,10.29,64400,0.1899999999999995,0.009813542688910663
HNM,2023-08-01,10.19,10.76,10.1,10.48,204250,0.6600000000000001,0.028459273797841113
HNM,2023-08-02,10.38,10.57,10.38,10.48,58212,0.1899999999999995,0.009633911368015379
HNM,2023-08-03,10.48,10.57,10.29,10.29,106422,0.28000000000000114,-0.018129770992366533
HNM,2023-08-04,10.38,10.38,10.19,10.29,46111,0.19000000000000128,-0.00867052023121403
HNM,2023-08-07,10.29,10.38,10.19,10.29,71300,0.19000000000000128,0.0
HNM,2023-08-08,10.29,10.38,10.19,10.29,101811,0.19000000000000128,0.0
HNM,2023-08-09,10.29,10.57,10.29,10.38,77922,0.28000000000000114,0.008746355685131355
HNM,2023-08-10,10.66,10.66,10.19,10.38,114811,0.47000000000000064,-0.02626641651031889
HNM,2023-08-11,10.38,10.38,10.1,10.38,106422,0.28000000000000114,0.0
HNM,2023-08-14,10.48,10.66,10.29,10.29,75300,0.370000000000001,-0.018129770992366533
HNM,2023-08-15,10.29,10.38,10.29,10.29,45480,0.09000000000000163,0.0
HNM,2023-08-16,10.29,10.38,10.19,10.29,59010,0.19000000000000128,0.0
HNM,2023-08-17,10.29,10.38,10.1,10.29,87081,0.28000000000000114,0.0
HNM,2023-08-18,10.0,10.29,9.53,9.63,133213,0.7599999999999998,-0.03699999999999992
HNM,2023-08-21,9.82,9.82,8.49,9.15,200937,1.33,-0.06822810590631363
HNM,2023-08-22,8.97,9.44,8.78,8.97,80200,0.6600000000000001,0.0
HNM,2023-08-23,9.25,9.25,8.87,8.97,54504,0.3800000000000008,-0.0302702702702702
HNM,2023-08-24,8.97,8.97,8.78,8.97,48208,0.19000000000000128,0.0
HNM,2023-08-25,8.97,8.97,8.78,8.78,55960,0.19000000000000128,-0.021181716833890887
HNM,2023-08-28,8.97,8.97,8.78,8.87,56533,0.19000000000000128,-0.011148272017837392
HNM,2023-08-29,9.25,9.44,8.87,9.25,31530,0.5700000000000003,0.0
HNM,2023-08-30,8.97,8.97,8.87,8.97,77360,0.10000000000000142,0.0
HNM,2023-08-31,9.06,9.25,8.97,9.25,72130,0.27999999999999936,0.020971302428256015
HNM,2023-09-05,9.25,9.82,9.15,9.72,60360,0.6699999999999999,0.05081081081081088
HNM,2023-09-06,9.53,9.63,9.44,9.63,80400,0.19000000000000128,0.010493179433368461
HNM,2023-09-07,9.63,9.63,9.44,9.53,22300,0.19000000000000128,-0.010384215991692773
HNM,2023-09-08,9.53,9.72,9.34,9.53,81100,0.3800000000000008,0.0
HNM,2023-09-11,9.44,9.44,9.25,9.25,77300,0.1899999999999995,-0.020127118644067746
HNM,2023-09-12,9.15,9.53,9.15,9.44,64762,0.379999999999999,0.03169398907103816
HNM,2023-09-13,9.34,9.44,9.25,9.34,13200,0.1899999999999995,0.0
HNM,2023-09-14,9.34,9.34,9.15,9.15,56600,0.1899999999999995,-0.02034261241970016
HNM,2023-09-15,9.25,9.25,9.15,9.15,32700,0.09999999999999964,-0.010810810810810773
HNM,2023-09-18,9.15,9.15,8.97,9.06,15300,0.17999999999999972,-0.009836065573770475
HNM,2023-09-19,9.06,9.06,8.97,9.06,23113,0.08999999999999986,0.0
HNM,2023-09-20,9.15,9.25,9.06,9.25,5201,0.1899999999999995,0.01092896174863384
HNM,2023-09-21,9.06,9.25,9.06,9.15,44500,0.1899999999999995,0.00993377483443707
HNM,2023-09-22,9.06,9.06,8.87,8.97,56100,0.19000000000000128,-0.00993377483443707
HNM,2023-09-25,8.97,9.06,8.59,8.59,37000,0.47000000000000064,-0.04236343366778158
HNM,2023-09-26,8.87,8.97,8.68,8.87,52000,0.2900000000000009,0.0
HNM,2023-09-27,8.87,8.97,8.68,8.87,55700,0.2900000000000009,0.0
HNM,2023-09-28,8.78,8.97,8.78,8.78,13700,0.19000000000000128,0.0
HNM,2023-09-29,8.97,8.97,8.78,8.97,13100,0.19000000000000128,0.0
HNM,2023-10-02,9.06,9.25,8.97,8.97,37500,0.27999999999999936,-0.00993377483443707
HNM,2023-10-03,8.97,8.97,8.68,8.97,50100,0.2900000000000009,0.0
HNM,2023-10-04,8.68,8.78,8.68,8.68,33550,0.09999999999999964,0.0
HNM,2023-10-05,8.78,8.78,8.68,8.68,12041,0.09999999999999964,-0.011389521640091077
HNM,2023-10-06,8.68,8.87,8.68,8.87,29902,0.1899999999999995,0.02188940092165893
HNM,2023-10-09,8.78,8.97,8.78,8.97,6149,0.19000000000000128,0.02164009111617327
HNM,2023-10-10,8.97,9.06,8.97,8.97,19508,0.08999999999999986,0.0
HNM,2023-10-11,8.97,8.97,8.87,8.97,9253,0.10000000000000142,0.0
HNM,2023-10-12,8.97,8.97,8.78,8.78,15600,0.19000000000000128,-0.021181716833890887
HNM,2023-10-13,8.97,8.97,8.87,8.87,5040,0.10000000000000142,-0.011148272017837392
HNM,2023-10-16,8.87,8.87,8.78,8.78,25900,0.08999999999999986,-0.010146561443066502
HNM,2023-10-17,8.78,9.06,8.78,8.87,51220,0.28000000000000114,0.010250569476081989
HNM,2023-10-18,8.87,8.97,8.68,8.68,73100,0.2900000000000009,-0.02142051860202926
HNM,2023-10-19,8.59,8.68,8.59,8.59,49300,0.08999999999999986,0.0
HNM,2023-10-20,8.68,8.97,8.68,8.97,3652,0.2900000000000009,0.03341013824884803
HNM,2023-10-23,8.97,9.15,8.78,8.87,132018,0.370000000000001,-0.011148272017837392
HNM,2023-10-24,9.15,9.15,8.87,8.87,17549,0.28000000000000114,-0.030601092896174985
HNM,2023-10-25,9.06,9.06,8.87,8.87,13718,0.19000000000000128,-0.02097130242825621
HNM,2023-10-26,8.97,9.82,8.68,8.87,83300,1.1400000000000006,-0.011148272017837392
HNM,2023-10-27,8.87,8.87,8.68,8.78,25500,0.1899999999999995,-0.010146561443066502
HNM,2023-10-30,9.06,9.06,8.78,8.78,3900,0.28000000000000114,-0.03090507726269328
HNM,2023-10-31,8.59,8.78,8.4,8.68,34600,0.379999999999999,0.010477299185098935
HNM,2023-11-01,8.78,8.78,8.21,8.21,79500,0.5699999999999985,-0.0649202733485192
HNM,2023-11-02,8.49,9.15,8.49,8.87,12719,0.6600000000000001,0.04475853945818598
HNM,2023-11-03,9.06,9.06,8.59,8.59,9101,0.47000000000000064,-0.0518763796909493
HNM,2023-11-06,8.97,9.06,8.59,8.68,45700,0.47000000000000064,-0.03232998885172808
HNM,2023-11-07,8.87,9.06,8.68,8.78,38200,0.3800000000000008,-0.010146561443066502
HNM,2023-11-08,8.78,8.78,8.59,8.68,16207,0.1899999999999995,-0.011389521640091077
HNM,2023-11-09,8.97,8.97,8.68,8.68,15100,0.2900000000000009,-0.03232998885172808
HNM,2023-11-10,8.78,8.97,8.78,8.78,53375,0.19000000000000128,0.0
HNM,2023-11-13,8.78,8.97,8.68,8.68,45200,0.2900000000000009,-0.011389521640091077
HNM,2023-11-14,8.68,8.78,8.68,8.78,11901,0.09999999999999964,0.011520737327188899
HNM,2023-11-15,8.87,8.97,8.68,8.78,29700,0.2900000000000009,-0.010146561443066502
HNM,2023-11-16,8.68,8.78,8.68,8.78,16550,0.09999999999999964,0.011520737327188899
HNM,2023-11-17,8.87,8.87,8.68,8.68,40200,0.1899999999999995,-0.02142051860202926
HNM,2023-11-20,8.68,8.78,8.59,8.68,14300,0.1899999999999995,0.0
HNM,2023-11-21,8.78,8.87,8.78,8.87,8500,0.08999999999999986,0.010250569476081989
HNM,2023-11-22,8.78,8.87,8.78,8.78,27000,0.08999999999999986,0.0
HNM,2023-11-23,8.97,8.97,8.68,8.68,26600,0.2900000000000009,-0.03232998885172808
HNM,2023-11-24,8.68,8.68,8.59,8.68,28634,0.08999999999999986,0.0
HNM,2023-11-27,8.68,8.87,8.59,8.68,25500,0.27999999999999936,0.0
HNM,2023-11-28,8.87,8.97,8.68,8.68,9006,0.2900000000000009,-0.02142051860202926
HNM,2023-11-29,8.68,8.78,8.68,8.68,14800,0.09999999999999964,0.0
HNM,2023-11-30,8.78,8.78,8.78,8.78,12050,0.0,0.0
HNM,2023-12-01,8.78,8.78,8.78,8.78,97100,0.0,0.0
HNM,2023-12-04,8.78,9.06,8.78,9.06,30101,0.28000000000000114,0.03189066059225526
HNM,2023-12-05,8.97,8.97,8.78,8.78,113522,0.19000000000000128,-0.021181716833890887
HNM,2023-12-06,8.87,9.06,8.87,9.06,24504,0.19000000000000128,0.021420518602029457
HNM,2023-12-07,9.06,9.06,8.78,8.78,31000,0.28000000000000114,-0.03090507726269328
HNM,2023-12-08,8.87,9.06,8.78,8.97,18956,0.28000000000000114,0.011273957158962957
HNM,2023-12-11,9.06,9.15,8.87,8.87,9801,0.28000000000000114,-0.02097130242825621
HNM,2023-12-12,8.87,8.87,8.78,8.78,66800,0.08999999999999986,-0.010146561443066502
HNM,2023-12-13,8.78,8.87,8.78,8.78,22000,0.08999999999999986,0.0
HNM,2023-12-14,8.78,8.78,8.68,8.78,13901,0.09999999999999964,0.0
HNM,2023-12-15,8.68,8.78,8.68,8.78,10600,0.09999999999999964,0.011520737327188899
HNM,2023-12-18,8.78,8.78,8.49,8.59,38400,0.28999999999999915,-0.021640091116173064
HNM,2023-12-19,8.59,8.59,8.59,8.59,16200,0.0,0.0
HNM,2023-12-20,8.68,8.78,8.68,8.78,909,0.09999999999999964,0.011520737327188899
HNM,2023-12-21,8.87,8.87,8.68,8.68,7500,0.1899999999999995,-0.02142051860202926
HNM,2023-12-22,8.59,8.87,8.59,8.78,10050,0.27999999999999936,0.02211874272409773
HNM,2023-12-25,8.78,8.97,8.78,8.97,46400,0.19000000000000128,0.02164009111617327
HNM,2023-12-26,9.06,9.82,8.97,9.34,124900,0.8499999999999996,0.030905077262693086
HNM,2023-12-27,9.63,9.63,9.34,9.53,83400,0.2900000000000009,-0.010384215991692773
HNM,2023-12-28,9.44,9.44,9.34,9.44,88284,0.09999999999999964,0.0
HNM,2023-12-29,9.53,9.53,9.34,9.34,75250,0.1899999999999995,-0.019937040923399738
HNM,2024-01-02,9.53,9.53,9.15,9.15,20800,0.379999999999999,-0.039874081846799476
HNM,2024-01-03,9.53,9.63,9.25,9.34,16000,0.3800000000000008,-0.019937040923399738
HNM,2024-01-04,9.34,9.44,9.34,9.34,28000,0.09999999999999964,0.0
HNM,2024-01-05,9.34,9.44,9.25,9.25,38300,0.1899999999999995,-0.009635974304068507
HNM,2024-01-08,9.34,9.44,9.34,9.44,10700,0.09999999999999964,0.010706638115631655
HNM,2024-01-09,9.44,9.44,9.34,9.44,21000,0.09999999999999964,0.0
HNM,2024-01-10,9.34,9.53,9.34,9.44,41500,0.1899999999999995,0.010706638115631655
HNM,2024-01-11,9.44,9.44,9.34,9.44,16660,0.09999999999999964,0.0
HNM,2024-01-12,9.44,9.44,9.34,9.44,51500,0.09999999999999964,0.0
HNM,2024-01-15,9.44,9.72,9.25,9.25,68900,0.47000000000000064,-0.020127118644067746
HNM,2024-01-16,9.44,9.53,9.25,9.44,37100,0.27999999999999936,0.0
HNM,2024-01-17,9.44,9.53,9.34,9.53,31860,0.1899999999999995,0.00953389830508473
HNM,2024-01-18,9.44,9.53,9.34,9.44,16626,0.1899999999999995,0.0
HNM,2024-01-19,9.44,9.72,9.44,9.72,63300,0.28000000000000114,0.029661016949152665
HNM,2024-01-22,9.44,9.63,9.44,9.53,84500,0.19000000000000128,0.00953389830508473
HNM,2024-01-23,9.53,9.53,9.44,9.44,36701,0.08999999999999986,-0.009443861490031465
HNM,2024-01-24,9.44,9.53,9.34,9.53,26900,0.1899999999999995,0.00953389830508473
HNM,2024-01-25,9.44,9.44,9.34,9.44,10550,0.09999999999999964,0.0
HNM,2024-01-26,9.44,9.44,9.34,9.44,9223,0.09999999999999964,0.0
HNM,2024-01-29,9.44,9.44,9.34,9.34,12602,0.09999999999999964,-0.010593220338983014
HNM,2024-01-30,9.34,9.34,9.06,9.15,47600,0.27999999999999936,-0.02034261241970016
HNM,2024-01-31,9.06,9.15,8.87,8.97,97200,0.28000000000000114,-0.00993377483443707
HNM,2024-02-01,9.06,9.06,8.78,8.87,35380,0.28000000000000114,-0.02097130242825621
HNM,2024-02-02,8.87,9.06,8.78,8.97,111400,0.28000000000000114,0.011273957158962957
HNM,2024-02-05,8.97,9.06,8.87,8.97,70130,0.19000000000000128,0.0
HNM,2024-02-06,8.97,8.97,8.87,8.97,12100,0.10000000000000142,0.0
HNM,2024-02-07,8.97,9.06,8.97,8.97,25450,0.08999999999999986,0.0
HNM,2024-02-15,9.06,9.15,9.06,9.15,24800,0.08999999999999986,0.00993377483443707
HNM,2024-02-16,9.15,9.25,9.15,9.25,35300,0.09999999999999964,0.01092896174863384
HNM,2024-02-19,9.15,9.25,9.15,9.15,88016,0.09999999999999964,0.0
HNM,2024-02-20,9.15,9.15,8.97,8.97,59800,0.17999999999999972,-0.01967213114754095
HNM,2024-02-21,9.06,9.15,8.97,9.06,53500,0.17999999999999972,0.0
HNM,2024-02-22,9.06,9.06,8.97,8.97,6300,0.08999999999999986,-0.00993377483443707
HNM,2024-02-23,9.06,9.06,8.87,8.87,45553,0.19000000000000128,-0.02097130242825621
HNM,2024-02-26,8.97,8.97,8.87,8.97,3100,0.10000000000000142,0.0
HNM,2024-02-27,8.87,8.97,8.78,8.87,109224,0.19000000000000128,0.0
HNM,2024-02-28,8.87,8.87,8.87,8.87,92703,0.0,0.0
HNM,2024-02-29,8.87,9.06,8.78,8.97,108319,0.28000000000000114,0.011273957158962957
HNM,2024-03-01,8.97,9.06,8.97,9.06,105339,0.08999999999999986,0.010033444816053495
HNM,2024-03-04,9.06,9.15,9.06,9.15,111546,0.08999999999999986,0.00993377483443707
HNM,2024-03-05,9.15,9.15,9.06,9.15,61600,0.08999999999999986,0.0
HNM,2024-03-06,9.15,9.15,8.87,8.97,105020,0.28000000000000114,-0.01967213114754095
HNM,2024-03-07,8.97,9.15,8.97,9.06,60600,0.17999999999999972,0.010033444816053495
HNM,2024-03-08,8.97,9.06,8.87,8.87,64820,0.19000000000000128,-0.011148272017837392
HNM,2024-03-11,8.87,8.97,8.87,8.97,51300,0.10000000000000142,0.011273957158962957
HNM,2024-03-12,8.87,8.87,8.87,8.87,77040,0.0,0.0
HNM,2024-03-13,8.87,9.06,8.87,8.97,65700,0.19000000000000128,0.011273957158962957
HNM,2024-03-14,8.97,8.97,8.97,8.97,72800,0.0,0.0
HNM,2024-03-15,8.87,8.97,8.87,8.97,91600,0.10000000000000142,0.011273957158962957
HNM,2024-03-18,8.97,8.97,8.78,8.97,133250,0.19000000000000128,0.0
HNM,2024-03-19,8.87,8.87,8.78,8.78,87220,0.08999999999999986,-0.010146561443066502
HNM,2024-03-20,8.87,8.97,8.78,8.87,60200,0.19000000000000128,0.0
HNM,2024-03-21,8.87,8.87,8.78,8.87,94750,0.08999999999999986,0.0
HNM,2024-03-22,8.87,9.06,8.87,9.06,78500,0.19000000000000128,0.021420518602029457
HNM,2024-03-25,8.97,8.97,8.97,8.97,54135,0.0,0.0
HNM,2024-03-26,8.97,8.97,8.97,8.97,70115,0.0,0.0
HNM,2024-03-27,8.97,8.97,8.87,8.97,53800,0.10000000000000142,0.0
HNM,2024-03-28,8.97,8.97,8.87,8.87,14350,0.10000000000000142,-0.011148272017837392
HNM,2024-03-29,8.87,8.87,8.87,8.87,70700,0.0,0.0
HNM,2024-04-01,8.87,9.06,8.78,8.97,109170,0.28000000000000114,0.011273957158962957
HNM,2024-04-02,8.97,8.97,8.97,8.97,67242,0.0,0.0
HNM,2024-04-03,8.97,8.97,8.87,8.87,70000,0.10000000000000142,-0.011148272017837392
HNM,2024-04-04,8.97,8.97,8.78,8.87,80619,0.19000000000000128,-0.011148272017837392
HNM,2024-04-05,8.87,8.87,8.49,8.78,83216,0.379999999999999,-0.010146561443066502
HNM,2024-04-08,8.78,8.97,8.68,8.78,80710,0.2900000000000009,0.0
HNM,2024-04-09,8.78,8.78,8.68,8.78,71333,0.09999999999999964,0.0
HNM,2024-04-10,8.78,8.78,8.68,8.78,66045,0.09999999999999964,0.0
HNM,2024-04-11,8.68,8.68,8.68,8.68,2315,0.0,0.0
HNM,2024-04-12,8.78,8.87,8.68,8.78,26965,0.1899999999999995,0.0
HNM,2024-04-15,8.68,8.68,8.49,8.49,75800,0.1899999999999995,-0.02188940092165893
HNM,2024-04-16,8.59,8.68,8.21,8.68,58900,0.46999999999999886,0.010477299185098935
HNM,2024-04-17,8.59,8.59,8.49,8.59,55700,0.09999999999999964,0.0
HNM,2024-04-19,8.68,8.68,8.4,8.4,57940,0.27999999999999936,-0.03225806451612896
HNM,2024-04-22,8.49,8.59,8.49,8.49,31201,0.09999999999999964,0.0
HNM,2024-04-23,8.4,8.49,8.21,8.21,20701,0.27999999999999936,-0.02261904761904756
HNM,2024-04-24,8.21,8.4,8.21,8.31,50900,0.1899999999999995,0.012180267965895206
HNM,2024-04-25,8.21,8.31,8.21,8.31,9610,0.09999999999999964,0.012180267965895206
HNM,2024-04-26,8.31,8.59,8.31,8.4,13700,0.27999999999999936,0.010830324909747275
HNM,2024-05-02,8.4,8.4,8.4,8.4,7800,0.0,0.0
HNM,2024-05-03,8.4,8.49,8.21,8.21,19801,0.27999999999999936,-0.02261904761904756
HNM,2024-05-06,8.4,8.4,8.31,8.31,74600,0.08999999999999986,-0.010714285714285697
HNM,2024-05-07,8.68,8.68,8.31,8.4,77909,0.3699999999999992,-0.03225806451612896
HNM,2024-05-08,8.4,8.4,8.21,8.4,78800,0.1899999999999995,0.0
HNM,2024-05-09,8.4,8.4,8.31,8.4,71500,0.08999999999999986,0.0
HNM,2024-05-10,8.31,8.4,8.31,8.31,9000,0.08999999999999986,0.0
HNM,2024-05-13,8.4,8.4,8.31,8.31,68440,0.08999999999999986,-0.010714285714285697
HNM,2024-05-14,8.31,8.31,8.21,8.21,64211,0.09999999999999964,-0.012033694344163615
HNM,2024-05-15,8.31,8.31,8.31,8.31,65330,0.0,0.0
HNM,2024-05-16,8.31,8.4,8.31,8.4,87000,0.08999999999999986,0.010830324909747275
HNM,2024-05-17,8.31,8.49,8.21,8.49,79600,0.27999999999999936,0.02166064981949455
HNM,2024-05-20,8.49,8.59,8.31,8.31,102795,0.27999999999999936,-0.021201413427561804
HNM,2024-05-21,8.4,8.59,8.31,8.49,94400,0.27999999999999936,0.010714285714285697
HNM,2024-05-22,8.49,8.59,8.31,8.49,94800,0.27999999999999936,0.0
HNM,2024-05-23,8.49,8.59,8.49,8.49,55310,0.09999999999999964,0.0
HNM,2024-05-24,8.49,8.49,8.4,8.4,43304,0.08999999999999986,-0.010600706713780902
HNM,2024-05-27,8.49,8.59,8.4,8.59,111120,0.1899999999999995,0.011778563015312089
HNM,2024-05-28,8.49,8.49,8.4,8.4,76444,0.08999999999999986,-0.010600706713780902
HNM,2024-05-29,8.49,8.49,8.4,8.49,96800,0.08999999999999986,0.0
HNM,2024-05-30,8.49,8.49,8.31,8.49,81300,0.17999999999999972,0.0
HNM,2024-05-31,8.49,8.59,8.49,8.49,70935,0.09999999999999964,0.0
HNM,2024-06-03,8.49,8.49,8.49,8.49,95015,0.0,0.0
HNM,2024-06-04,8.68,8.97,8.49,8.68,115400,0.4800000000000004,0.0
HNM,2024-06-05,8.68,8.87,8.68,8.68,106500,0.1899999999999995,0.0
HNM,2024-06-06,8.78,8.78,8.49,8.59,55805,0.28999999999999915,-0.021640091116173064
HNM,2024-06-07,8.59,8.78,8.49,8.68,104820,0.28999999999999915,0.010477299185098935
HNM,2024-06-10,8.59,8.78,8.59,8.68,122390,0.1899999999999995,0.010477299185098935
HNM,2024-06-11,8.78,8.78,8.59,8.68,89400,0.1899999999999995,-0.011389521640091077
HNM,2024-06-12,8.68,9.53,8.68,9.44,276500,0.8499999999999996,0.08755760368663593
HNM,2024-06-13,9.34,9.34,9.06,9.15,93435,0.27999999999999936,-0.02034261241970016
HNM,2024-06-14,9.15,9.25,8.87,8.87,96450,0.3800000000000008,-0.030601092896174985
HNM,2024-06-17,8.97,8.97,8.68,8.68,104125,0.2900000000000009,-0.03232998885172808
HNM,2024-06-18,8.87,8.87,8.78,8.87,79373,0.08999999999999986,0.0
HNM,2024-06-19,8.87,9.15,8.87,9.06,99608,0.28000000000000114,0.021420518602029457
HNM,2024-06-20,9.15,9.25,8.97,9.06,94701,0.27999999999999936,-0.009836065573770475
HNM,2024-06-21,9.06,9.82,9.06,9.44,199855,0.7599999999999998,0.04194260485651203
HNM,2024-06-24,9.44,9.91,9.25,9.25,129921,0.6600000000000001,-0.020127118644067746
HNM,2024-06-25,9.25,9.44,8.97,8.97,60201,0.46999999999999886,-0.0302702702702702
HNM,2024-06-26,9.06,9.06,8.87,8.97,61600,0.19000000000000128,-0.00993377483443707
HNM,2024-06-27,8.97,8.97,8.97,8.97,10500,0.0,0.0
HNM,2024-06-28,8.68,8.87,8.49,8.68,47307,0.379999999999999,0.0
HNM,2024-07-01,8.87,8.87,8.87,8.87,178,0.0,0.0
HNM,2024-07-02,8.78,8.78,8.59,8.68,31101,0.1899999999999995,-0.011389521640091077
HNM,2024-07-03,8.78,8.87,8.68,8.68,42909,0.1899999999999995,-0.011389521640091077
HNM,2024-07-04,8.68,8.68,8.68,8.68,57600,0.0,0.0
HNM,2024-07-05,8.68,8.78,8.68,8.78,4305,0.09999999999999964,0.011520737327188899
HNM,2024-07-08,8.78,8.87,8.68,8.68,42419,0.1899999999999995,-0.011389521640091077
HNM,2024-07-09,8.78,8.87,8.68,8.87,23350,0.1899999999999995,0.010250569476081989
HNM,2024-07-10,8.68,8.78,8.68,8.68,29000,0.09999999999999964,0.0
HNM,2024-07-11,8.87,8.87,8.59,8.59,29608,0.27999999999999936,-0.03156708004509576
HNM,2024-07-12,8.49,8.68,8.49,8.68,45825,0.1899999999999995,0.02237926972909299
HNM,2024-07-15,8.97,8.97,8.59,8.68,157400,0.3800000000000008,-0.03232998885172808
HNM,2024-07-16,8.68,8.68,8.59,8.59,38400,0.08999999999999986,-0.01036866359447003
HNM,2024-07-17,8.49,8.78,7.55,8.49,58430,1.2299999999999995,0.0
HNM,2024-07-18,8.78,8.78,8.49,8.68,533902,0.28999999999999915,-0.011389521640091077
HNM,2024-07-19,8.59,8.68,8.49,8.59,490600,0.1899999999999995,0.0
HNM,2024-07-22,8.59,8.68,8.49,8.59,89100,0.1899999999999995,0.0
HNM,2024-07-23,8.59,8.59,8.49,8.49,75800,0.09999999999999964,-0.011641443538998795
HNM,2024-07-24,8.49,8.49,8.4,8.49,75730,0.08999999999999986,0.0
HNM,2024-07-25,8.49,8.59,8.31,8.31,53901,0.27999999999999936,-0.021201413427561804
HNM,2024-07-26,8.49,8.49,8.4,8.49,59928,0.08999999999999986,0.0
HNM,2024-07-29,8.49,8.49,8.4,8.49,87900,0.08999999999999986,0.0
HNM,2024-07-30,8.49,8.49,8.31,8.4,86300,0.17999999999999972,-0.010600706713780902
HNM,2024-07-31,8.4,8.4,8.31,8.31,65903,0.08999999999999986,-0.010714285714285697
HNM,2024-08-01,8.4,8.4,8.31,8.31,70500,0.08999999999999986,-0.010714285714285697
HNM,2024-08-02,8.31,8.31,8.12,8.31,58100,0.19000000000000128,0.0
HNM,2024-08-05,8.21,8.21,8.02,8.02,85259,0.19000000000000128,-0.023142509135201127
HNM,2024-08-06,8.12,8.59,7.93,8.21,428132,0.6600000000000001,0.011083743842364734
HNM,2024-08-07,8.4,8.4,8.31,8.31,119400,0.08999999999999986,-0.010714285714285697
HNM,2024-08-08,8.49,8.49,8.4,8.4,52400,0.08999999999999986,-0.010600706713780902
HNM,2024-08-09,8.4,8.4,8.31,8.31,72220,0.08999999999999986,-0.010714285714285697
HNM,2024-08-12,8.31,8.68,8.31,8.68,126450,0.3699999999999992,0.04452466907340544
HNM,2024-08-13,8.49,8.68,8.4,8.4,96100,0.27999999999999936,-0.010600706713780902
HNM,2024-08-14,8.49,8.49,8.4,8.4,134352,0.08999999999999986,-0.010600706713780902
HNM,2024-08-15,8.49,8.59,8.4,8.49,66010,0.1899999999999995,0.0
HNM,2024-08-16,8.31,8.4,8.31,8.4,72758,0.08999999999999986,0.010830324909747275
HNM,2024-08-19,8.4,8.49,8.4,8.4,132222,0.08999999999999986,0.0
HNM,2024-08-20,8.4,8.59,8.31,8.59,172122,0.27999999999999936,0.02261904761904756
HNM,2024-08-21,8.49,8.59,8.49,8.49,128951,0.09999999999999964,0.0
HNM,2024-08-22,8.59,8.59,8.4,8.49,97420,0.1899999999999995,-0.011641443538998795
HNM,2024-08-23,8.49,8.49,8.4,8.4,1201,0.08999999999999986,-0.010600706713780902
HNM,2024-08-26,8.4,8.49,8.31,8.31,11904,0.17999999999999972,-0.010714285714285697
HNM,2024-08-27,8.4,8.49,8.31,8.4,63202,0.17999999999999972,0.0
HNM,2024-08-28,8.4,8.4,8.31,8.31,150720,0.08999999999999986,-0.010714285714285697
HNM,2024-08-29,8.31,8.4,8.31,8.4,102930,0.08999999999999986,0.010830324909747275
HNM,2024-08-30,8.4,8.49,8.31,8.4,96801,0.17999999999999972,0.0
HNM,2024-09-04,8.4,8.49,8.31,8.49,190760,0.17999999999999972,0.010714285714285697
HNM,2024-09-05,8.4,8.49,8.31,8.4,114500,0.17999999999999972,0.0
HNM,2024-09-06,8.4,8.4,8.31,8.31,80600,0.08999999999999986,-0.010714285714285697
HNM,2024-09-09,8.4,8.4,8.12,8.12,110201,0.28000000000000114,-0.033333333333333465
HNM,2024-09-10,8.4,8.4,8.12,8.12,99901,0.28000000000000114,-0.033333333333333465
HNM,2024-09-11,8.31,8.31,8.31,8.31,36801,0.0,0.0
HNM,2024-09-12,8.31,8.4,8.21,8.31,65000,0.1899999999999995,0.0
HNM,2024-09-13,8.31,8.4,8.31,8.4,120947,0.08999999999999986,0.010830324909747275
HNM,2024-09-16,8.4,8.4,8.31,8.31,88602,0.08999999999999986,-0.010714285714285697
HNM,2024-09-17,8.31,8.49,8.31,8.4,99100,0.17999999999999972,0.010830324909747275
HNM,2024-09-18,8.4,8.49,8.31,8.49,90700,0.17999999999999972,0.010714285714285697
HNM,2024-09-19,8.4,8.4,8.21,8.31,114420,0.1899999999999995,-0.010714285714285697
HNM,2024-09-20,8.31,8.31,8.21,8.31,107100,0.09999999999999964,0.0
HNM,2024-09-23,8.31,8.31,8.21,8.31,88300,0.09999999999999964,0.0
HNM,2024-09-24,8.31,8.31,8.21,8.31,95600,0.09999999999999964,0.0
HNM,2024-09-25,8.31,8.31,8.21,8.21,96714,0.09999999999999964,-0.012033694344163615
HNM,2024-09-26,8.31,8.31,8.21,8.21,10906,0.09999999999999964,-0.012033694344163615
HNM,2024-09-27,8.21,8.31,8.21,8.21,91700,0.09999999999999964,0.0
HNM,2024-09-30,8.21,8.21,8.21,8.21,80208,0.0,0.0
HNM,2024-10-01,8.21,8.31,8.21,8.31,78800,0.09999999999999964,0.012180267965895206
HNM,2024-10-02,8.31,8.31,8.21,8.31,72500,0.09999999999999964,0.0
HNM,2024-10-03,8.31,8.31,8.21,8.21,96408,0.09999999999999964,-0.012033694344163615
HNM,2024-10-04,8.21,8.31,8.12,8.21,81200,0.19000000000000128,0.0
HNM,2024-10-07,8.31,8.31,8.21,8.21,77902,0.09999999999999964,-0.012033694344163615
HNM,2024-10-08,8.31,8.31,8.21,8.21,65463,0.09999999999999964,-0.012033694344163615
HNM,2024-10-09,8.21,8.31,8.21,8.31,83000,0.09999999999999964,0.012180267965895206
HNM,2024-10-10,8.31,8.4,8.31,8.31,78020,0.08999999999999986,0.0
HNM,2024-10-11,8.4,8.4,8.21,8.4,109620,0.1899999999999995,0.0
HNM,2024-10-14,8.4,8.4,8.4,8.4,110015,0.0,0.0
HNM,2024-10-15,8.49,8.49,8.4,8.4,88400,0.08999999999999986,-0.010600706713780902
HNM,2024-10-16,8.4,8.49,8.21,8.49,104100,0.27999999999999936,0.010714285714285697
HNM,2024-10-17,8.31,8.31,8.31,8.31,70125,0.0,0.0
HNM,2024-10-18,8.4,8.4,8.31,8.4,68300,0.08999999999999986,0.0
HNM,2024-10-21,8.31,8.31,8.21,8.31,78115,0.09999999999999964,0.0
HNM,2024-10-22,8.21,8.31,8.21,8.31,88000,0.09999999999999964,0.012180267965895206
HNM,2024-10-23,8.31,8.31,8.31,8.31,29003,0.0,0.0
HNM,2024-10-24,8.21,8.21,8.12,8.21,55300,0.09000000000000163,0.0
HNM,2024-10-25,8.31,8.31,8.12,8.12,30105,0.19000000000000128,-0.022864019253911103
HNM,2024-10-28,8.31,8.31,8.31,8.31,80,0.0,0.0
HNM,2024-10-29,8.31,8.31,8.31,8.31,51700,0.0,0.0
HNM,2024-10-30,8.31,8.31,8.31,8.31,66508,0.0,0.0
HNM,2024-10-31,8.31,8.31,8.21,8.21,60222,0.09999999999999964,-0.012033694344163615
HNM,2024-11-01,8.31,8.31,8.12,8.12,65840,0.19000000000000128,-0.022864019253911103
HNM,2024-11-04,8.31,8.31,8.12,8.12,63200,0.19000000000000128,-0.022864019253911103
HNM,2024-11-05,8.31,8.31,8.31,8.31,400,0.0,0.0
HNM,2024-11-06,8.21,8.21,8.12,8.21,74660,0.09000000000000163,0.0
HNM,2024-11-07,8.21,8.21,8.12,8.21,64810,0.09000000000000163,0.0
HNM,2024-11-08,8.12,8.21,8.12,8.21,56385,0.09000000000000163,0.011083743842364734
HNM,2024-11-11,8.12,8.21,8.12,8.21,2200,0.09000000000000163,0.011083743842364734
HNM,2024-11-12,8.21,8.21,8.12,8.12,800,0.09000000000000163,-0.010962241169305923
HNM,2024-11-13,8.12,8.21,8.12,8.21,173101,0.09000000000000163,0.011083743842364734
HNM,2024-11-14,8.12,8.12,8.12,8.12,29000,0.0,0.0
HNM,2024-11-15,8.12,8.12,8.02,8.12,34310,0.09999999999999964,0.0
HNM,2024-11-18,8.12,8.12,8.12,8.12,76201,0.0,0.0
HNM,2024-11-19,8.12,8.12,8.12,8.12,73300,0.0,0.0
HNM,2024-11-20,8.12,8.12,8.12,8.12,141107,0.0,0.0
HNM,2024-11-21,8.12,8.12,8.12,8.12,97700,0.0,0.0
HNM,2024-11-22,8.12,8.21,8.12,8.21,125501,0.09000000000000163,0.011083743842364734
HNM,2024-11-25,8.21,8.97,8.21,8.4,137700,0.7599999999999998,0.02314250913520091
HNM,2024-11-26,8.49,8.68,8.49,8.49,49812,0.1899999999999995,0.0
HNM,2024-11-27,8.49,8.49,8.21,8.21,90400,0.27999999999999936,-0.03297997644287389
HNM,2024-11-28,8.4,8.4,8.31,8.31,80405,0.08999999999999986,-0.010714285714285697
HNM,2024-11-29,8.4,8.4,8.31,8.31,66701,0.08999999999999986,-0.010714285714285697
HNM,2024-12-02,8.31,8.31,8.31,8.31,55122,0.0,0.0
HNM,2024-12-03,8.31,8.31,8.21,8.21,48017,0.09999999999999964,-0.012033694344163615
HNM,2024-12-04,8.21,8.21,8.12,8.21,5600,0.09000000000000163,0.0
HNM,2024-12-05,8.12,8.21,8.12,8.21,117800,0.09000000000000163,0.011083743842364734
HNM,2024-12-06,8.12,8.31,8.12,8.31,119500,0.19000000000000128,0.023399014778325282
HNM,2024-12-09,8.31,8.49,8.21,8.4,86911,0.27999999999999936,0.010830324909747275
HNM,2024-12-10,8.31,8.78,8.31,8.59,4251001,0.46999999999999886,0.033694344163658164
HNM,2024-12-11,8.78,8.78,8.49,8.59,52400,0.28999999999999915,-0.021640091116173064
HNM,2024-12-12,8.59,8.68,8.49,8.59,84502,0.1899999999999995,0.0
HNM,2024-12-13,8.59,8.68,8.49,8.49,49700,0.1899999999999995,-0.011641443538998795
HNM,2024-12-16,8.59,8.59,8.49,8.49,50500,0.09999999999999964,-0.011641443538998795
HNM,2024-12-17,8.49,8.49,8.4,8.49,73195,0.08999999999999986,0.0
HNM,2024-12-18,8.59,9.72,8.49,9.06,6861962,1.2300000000000004,0.05471478463329461
HNM,2024-12-19,9.06,9.25,8.87,8.87,136152,0.3800000000000008,-0.02097130242825621
HNM,2024-12-20,8.87,9.34,8.78,8.97,194683,0.5600000000000005,0.011273957158962957
HNM,2024-12-23,8.97,9.06,8.68,8.97,250582,0.3800000000000008,0.0
HNM,2024-12-24,8.97,10.19,8.97,10.19,6297602,1.2199999999999989,0.13600891861761413
HNM,2024-12-25,10.66,10.76,10.19,10.38,499271,0.5700000000000003,-0.02626641651031889
HNM,2024-12-26,10.48,10.48,9.63,9.91,531490,0.8499999999999996,-0.054389312977099265
HNM,2024-12-27,9.91,9.91,9.06,9.25,747824,0.8499999999999996,-0.06659939455095865
HNM,2024-12-30,9.25,9.53,8.87,8.97,332907,0.6600000000000001,-0.0302702702702702
HNM,2024-12-31,8.97,9.25,8.97,9.15,247587,0.27999999999999936,0.02006688963210699
IDP,2021-01-07,42.31,42.31,42.31,42.31,0,0.0,0.0
IDP,2021-01-08,42.31,42.31,42.31,42.31,0,0.0,0.0
IDP,2021-01-11,42.31,42.31,42.31,42.31,0,0.0,0.0
IDP,2021-01-12,59.23,59.23,59.23,59.23,100,0.0,0.0
IDP,2021-01-13,59.23,59.23,59.23,59.23,0,0.0,0.0
IDP,2021-01-14,59.23,59.23,59.23,59.23,0,0.0,0.0
IDP,2021-01-15,59.23,59.23,59.23,59.23,0,0.0,0.0
IDP,2021-01-18,59.23,59.23,59.23,59.23,0,0.0,0.0
IDP,2021-01-19,59.23,59.23,59.23,59.23,0,0.0,0.0
IDP,2021-01-20,59.23,59.23,59.23,59.23,0,0.0,0.0
IDP,2021-01-21,59.23,59.23,59.23,59.23,0,0.0,0.0
IDP,2021-01-22,59.23,59.23,59.23,59.23,0,0.0,0.0
IDP,2021-01-25,59.23,59.23,59.23,59.23,0,0.0,0.0
IDP,2021-01-26,59.23,59.23,59.23,59.23,0,0.0,0.0
IDP,2021-01-27,59.23,59.23,59.23,59.23,0,0.0,0.0
IDP,2021-01-28,50.34,50.34,50.34,50.34,100,0.0,0.0
IDP,2021-01-29,50.34,50.34,50.34,50.34,0,0.0,0.0
IDP,2021-02-01,42.81,42.81,42.81,42.81,100,0.0,0.0
IDP,2021-02-02,42.81,42.81,42.81,42.81,0,0.0,0.0
IDP,2021-02-03,42.81,42.81,42.81,42.81,0,0.0,0.0
IDP,2021-02-04,42.81,42.81,42.81,42.81,0,0.0,0.0
IDP,2021-02-05,42.81,42.81,42.81,42.81,0,0.0,0.0
IDP,2021-02-08,42.81,42.81,42.81,42.81,0,0.0,0.0
IDP,2021-02-09,42.81,42.81,42.81,42.81,0,0.0,0.0
IDP,2021-02-17,42.81,42.81,42.81,42.81,0,0.0,0.0
IDP,2021-02-18,42.81,42.81,42.81,42.81,0,0.0,0.0
IDP,2021-02-19,42.81,42.81,42.81,42.81,0,0.0,0.0
IDP,2021-02-22,42.81,42.81,42.81,42.81,0,0.0,0.0
IDP,2021-02-23,42.81,42.81,42.81,42.81,0,0.0,0.0
IDP,2021-02-24,42.81,42.81,42.81,42.81,0,0.0,0.0
IDP,2021-02-25,42.81,42.81,42.81,42.81,0,0.0,0.0
IDP,2021-02-26,42.81,42.81,42.81,42.81,0,0.0,0.0
IDP,2021-03-01,42.81,42.81,42.81,42.81,0,0.0,0.0
IDP,2021-03-02,42.81,42.81,42.81,42.81,0,0.0,0.0
IDP,2021-03-03,42.81,42.81,42.81,42.81,0,0.0,0.0
IDP,2021-03-04,42.81,42.81,42.81,42.81,0,0.0,0.0
IDP,2021-03-05,42.81,42.81,42.81,42.81,0,0.0,0.0
IDP,2021-03-08,42.81,42.81,42.81,42.81,0,0.0,0.0
IDP,2021-03-09,42.81,42.81,42.81,42.81,0,0.0,0.0
IDP,2021-03-10,42.81,42.81,42.81,42.81,0,0.0,0.0
IDP,2021-03-11,42.81,42.81,42.81,42.81,0,0.0,0.0
IDP,2021-03-12,42.81,42.81,42.81,42.81,0,0.0,0.0
IDP,2021-03-15,42.81,42.81,42.81,42.81,0,0.0,0.0
IDP,2021-03-16,42.81,42.81,42.81,42.81,0,0.0,0.0
IDP,2021-03-17,42.81,42.81,42.81,42.81,0,0.0,0.0
IDP,2021-03-18,42.81,42.81,42.81,42.81,0,0.0,0.0
IDP,2021-03-19,42.81,42.81,42.81,42.81,0,0.0,0.0
IDP,2021-03-22,42.81,42.81,42.81,42.81,100,0.0,0.0
IDP,2021-03-23,42.81,42.81,42.81,42.81,0,0.0,0.0
IDP,2021-03-24,42.81,42.81,42.81,42.81,0,0.0,0.0
IDP,2021-03-25,42.81,42.81,42.81,42.81,0,0.0,0.0
IDP,2021-03-26,42.81,42.81,42.81,42.81,0,0.0,0.0
IDP,2021-03-29,42.81,42.81,42.81,42.81,0,0.0,0.0
IDP,2021-03-30,42.81,42.81,42.81,42.81,0,0.0,0.0
IDP,2021-03-31,42.81,42.81,42.81,42.81,0,0.0,0.0
IDP,2021-04-01,42.81,42.81,42.81,42.81,0,0.0,0.0
IDP,2021-04-02,42.81,42.81,42.81,42.81,0,0.0,0.0
IDP,2021-04-05,42.81,42.81,42.81,42.81,0,0.0,0.0
IDP,2021-04-06,42.81,42.81,42.81,42.81,0,0.0,0.0
IDP,2021-04-07,42.81,42.81,42.81,42.81,0,0.0,0.0
IDP,2021-04-08,42.81,42.81,42.81,42.81,0,0.0,0.0
IDP,2021-04-09,42.81,42.81,42.81,42.81,0,0.0,0.0
IDP,2021-04-12,42.81,42.81,42.81,42.81,0,0.0,0.0
IDP,2021-04-13,42.81,42.81,42.81,42.81,0,0.0,0.0
IDP,2021-04-14,42.81,42.81,42.81,42.81,0,0.0,0.0
IDP,2021-04-15,42.81,42.81,42.81,42.81,0,0.0,0.0
IDP,2021-04-16,42.81,42.81,42.81,42.81,0,0.0,0.0
IDP,2021-04-19,42.81,42.81,42.81,42.81,0,0.0,0.0
IDP,2021-04-20,42.81,42.81,42.81,42.81,0,0.0,0.0
IDP,2021-04-22,42.81,42.81,42.81,42.81,0,0.0,0.0
IDP,2021-04-23,42.81,42.81,42.81,42.81,0,0.0,0.0
IDP,2021-04-26,42.81,42.81,42.81,42.81,0,0.0,0.0
IDP,2021-04-27,42.81,42.81,42.81,42.81,0,0.0,0.0
IDP,2021-04-28,42.81,42.81,42.81,42.81,0,0.0,0.0
IDP,2021-04-29,42.81,42.81,42.81,42.81,0,0.0,0.0
IDP,2021-05-04,42.81,42.81,42.81,42.81,0,0.0,0.0
IDP,2021-05-05,42.81,42.81,42.81,42.81,0,0.0,0.0
IDP,2021-05-06,42.81,42.81,42.81,42.81,0,0.0,0.0
IDP,2021-05-07,42.81,42.81,42.81,42.81,0,0.0,0.0
IDP,2021-05-10,42.81,42.81,42.81,42.81,0,0.0,0.0
IDP,2021-05-11,59.91,59.91,59.91,59.91,100,0.0,0.0
IDP,2021-05-12,59.91,59.91,59.91,59.91,0,0.0,0.0
IDP,2021-05-13,59.91,59.91,59.91,59.91,0,0.0,0.0
IDP,2021-05-14,59.91,59.91,59.91,59.91,0,0.0,0.0
IDP,2021-05-17,59.91,59.91,59.91,59.91,0,0.0,0.0
IDP,2021-05-18,59.91,59.91,59.91,59.91,0,0.0,0.0
IDP,2021-05-19,59.91,59.91,59.91,59.91,0,0.0,0.0
IDP,2021-05-20,59.91,59.91,59.91,59.91,0,0.0,0.0
IDP,2021-05-21,59.91,59.91,59.91,59.91,0,0.0,0.0
IDP,2021-05-24,59.91,59.91,59.91,59.91,0,0.0,0.0
IDP,2021-05-25,59.91,59.91,59.91,59.91,0,0.0,0.0
IDP,2021-05-26,59.91,59.91,59.91,59.91,0,0.0,0.0
IDP,2021-05-27,59.91,59.91,59.91,59.91,0,0.0,0.0
IDP,2021-05-28,59.91,59.91,59.91,59.91,0,0.0,0.0
IDP,2021-05-31,59.91,59.91,59.91,59.91,0,0.0,0.0
IDP,2021-06-01,59.91,59.91,59.91,59.91,0,0.0,0.0
IDP,2021-06-02,59.91,59.91,59.91,59.91,0,0.0,0.0
IDP,2021-06-03,59.91,59.91,59.91,59.91,0,0.0,0.0
IDP,2021-06-04,59.91,59.91,59.91,59.91,0,0.0,0.0
IDP,2021-06-07,59.91,59.91,59.91,59.91,0,0.0,0.0
IDP,2021-06-08,59.91,59.91,59.91,59.91,0,0.0,0.0
IDP,2021-06-09,59.91,59.91,59.91,59.91,0,0.0,0.0
IDP,2021-06-10,59.91,59.91,59.91,59.91,0,0.0,0.0
IDP,2021-06-11,68.88,68.88,68.88,68.88,100,0.0,0.0
IDP,2021-06-14,68.88,68.88,68.88,68.88,0,0.0,0.0
IDP,2021-06-15,68.88,68.88,68.88,68.88,0,0.0,0.0
IDP,2021-06-16,68.88,68.88,68.88,68.88,0,0.0,0.0
IDP,2021-06-17,68.88,68.88,68.88,68.88,0,0.0,0.0
IDP,2021-06-18,79.2,79.2,79.2,79.2,100,0.0,0.0
IDP,2021-06-21,79.2,79.2,79.2,79.2,0,0.0,0.0
IDP,2021-06-22,79.2,79.2,79.2,79.2,0,0.0,0.0
IDP,2021-06-23,79.2,79.2,79.2,79.2,0,0.0,0.0
IDP,2021-06-24,79.2,79.2,79.2,79.2,0,0.0,0.0
IDP,2021-06-25,79.2,79.2,79.2,79.2,0,0.0,0.0
IDP,2021-06-28,79.2,79.2,79.2,79.2,0,0.0,0.0
IDP,2021-06-29,79.2,79.2,79.2,79.2,0,0.0,0.0
IDP,2021-06-30,79.2,79.2,79.2,79.2,0,0.0,0.0
IDP,2021-07-01,79.2,79.2,79.2,79.2,0,0.0,0.0
IDP,2021-07-02,79.2,79.2,79.2,79.2,0,0.0,0.0
IDP,2021-07-05,79.2,79.2,79.2,79.2,0,0.0,0.0
IDP,2021-07-06,79.2,79.2,79.2,79.2,0,0.0,0.0
IDP,2021-07-07,79.2,79.2,79.2,79.2,0,0.0,0.0
IDP,2021-07-08,79.2,79.2,79.2,79.2,0,0.0,0.0
IDP,2021-07-09,79.2,79.2,79.2,79.2,0,0.0,0.0
IDP,2021-07-12,79.2,79.2,79.2,79.2,0,0.0,0.0
IDP,2021-07-13,79.2,79.2,79.2,79.2,0,0.0,0.0
IDP,2021-07-14,79.2,79.2,79.2,79.2,0,0.0,0.0
IDP,2021-07-15,79.2,79.2,79.2,79.2,0,0.0,0.0
IDP,2021-07-16,79.2,79.2,79.2,79.2,0,0.0,0.0
IDP,2021-07-19,91.0,91.0,91.0,91.0,100,0.0,0.0
IDP,2021-07-20,91.0,91.0,91.0,91.0,0,0.0,0.0
IDP,2021-07-21,91.0,91.0,91.0,91.0,0,0.0,0.0
IDP,2021-07-22,91.0,91.0,91.0,91.0,0,0.0,0.0
IDP,2021-07-23,91.0,91.0,91.0,91.0,0,0.0,0.0
IDP,2021-07-26,91.0,91.0,91.0,91.0,0,0.0,0.0
IDP,2021-07-27,91.0,91.0,91.0,91.0,0,0.0,0.0
IDP,2021-07-28,91.0,91.0,91.0,91.0,0,0.0,0.0
IDP,2021-07-29,91.0,91.0,91.0,91.0,0,0.0,0.0
IDP,2021-07-30,91.0,91.0,91.0,91.0,0,0.0,0.0
IDP,2021-08-02,91.0,91.0,91.0,91.0,0,0.0,0.0
IDP,2021-08-03,91.0,91.0,91.0,91.0,0,0.0,0.0
IDP,2021-08-04,91.0,91.0,91.0,91.0,0,0.0,0.0
IDP,2021-08-05,91.0,91.0,91.0,91.0,0,0.0,0.0
IDP,2021-08-06,91.0,91.0,91.0,91.0,0,0.0,0.0
IDP,2021-08-09,91.0,91.0,91.0,91.0,0,0.0,0.0
IDP,2021-08-10,91.0,91.0,91.0,91.0,0,0.0,0.0
IDP,2021-08-11,91.0,91.0,91.0,91.0,0,0.0,0.0
IDP,2021-08-12,91.0,91.0,91.0,91.0,0,0.0,0.0
IDP,2021-08-13,91.0,91.0,91.0,91.0,0,0.0,0.0
IDP,2021-08-16,91.0,91.0,91.0,91.0,0,0.0,0.0
IDP,2021-08-17,91.0,91.0,91.0,91.0,0,0.0,0.0
IDP,2021-08-18,91.0,91.0,91.0,91.0,0,0.0,0.0
IDP,2021-08-19,91.0,91.0,91.0,91.0,0,0.0,0.0
IDP,2021-08-20,91.0,91.0,91.0,91.0,0,0.0,0.0
IDP,2021-08-23,91.0,91.0,91.0,91.0,0,0.0,0.0
IDP,2021-08-24,91.0,91.0,91.0,91.0,0,0.0,0.0
IDP,2021-08-25,91.0,91.0,91.0,91.0,0,0.0,0.0
IDP,2021-08-26,91.0,91.0,91.0,91.0,0,0.0,0.0
IDP,2021-08-27,91.0,91.0,91.0,91.0,0,0.0,0.0
IDP,2021-08-30,91.0,91.0,91.0,91.0,0,0.0,0.0
IDP,2021-08-31,91.0,91.0,91.0,91.0,0,0.0,0.0
IDP,2021-09-01,91.0,91.0,91.0,91.0,0,0.0,0.0
IDP,2021-09-06,91.0,91.0,91.0,91.0,0,0.0,0.0
IDP,2021-09-07,91.0,91.0,91.0,91.0,0,0.0,0.0
IDP,2021-09-08,91.0,91.0,91.0,91.0,0,0.0,0.0
IDP,2021-09-09,91.0,91.0,91.0,91.0,0,0.0,0.0
IDP,2021-09-10,91.0,91.0,91.0,91.0,0,0.0,0.0
IDP,2021-09-13,127.38,127.38,54.7,54.7,300,72.67999999999999,-0.5705762286073166
IDP,2021-09-14,91.0,91.0,91.0,91.0,0,0.0,0.0
IDP,2021-09-15,91.0,91.0,91.0,91.0,0,0.0,0.0
IDP,2021-09-16,91.0,91.0,91.0,91.0,8,0.0,0.0
IDP,2021-09-17,91.0,91.0,91.0,91.0,0,0.0,0.0
IDP,2021-09-20,91.0,91.0,91.0,91.0,0,0.0,0.0
IDP,2021-09-21,91.0,91.0,91.0,91.0,0,0.0,0.0
IDP,2021-09-22,91.0,91.0,91.0,91.0,0,0.0,0.0
IDP,2021-09-23,91.0,91.0,91.0,91.0,0,0.0,0.0
IDP,2021-09-24,104.58,104.58,102.79,104.58,4000,1.789999999999992,0.0
IDP,2021-09-27,104.22,104.22,104.22,104.22,0,0.0,0.0
IDP,2021-09-28,104.22,104.22,104.22,104.22,0,0.0,0.0
IDP,2021-09-29,119.78,119.78,119.78,119.78,100,0.0,0.0
IDP,2021-09-30,137.74,137.74,137.74,137.74,800,0.0,0.0
IDP,2021-10-01,137.66,147.49,137.66,143.02,600,9.830000000000013,0.038936510242626864
IDP,2021-10-04,142.12,142.12,142.12,142.12,100,0.0,0.0
IDP,2021-10-05,120.85,142.12,120.85,142.12,200,21.27000000000001,0.17600330988829135
IDP,2021-10-06,131.49,131.49,131.49,131.49,0,0.0,0.0
IDP,2021-10-07,131.4,131.4,131.4,131.4,1000,0.0,0.0
IDP,2021-10-08,134.08,150.17,133.19,150.17,4300,16.97999999999999,0.12000298329355588
IDP,2021-10-11,137.21,138.55,137.21,138.55,600,1.3400000000000034,0.009766052037023566
IDP,2021-10-12,137.48,137.48,137.48,137.48,500,0.0,0.0
IDP,2021-10-13,132.29,147.49,132.29,143.02,12200,15.200000000000017,0.08110968327160041
IDP,2021-10-14,143.02,143.02,136.31,139.44,7900,6.710000000000008,-0.02503146413089087
IDP,2021-10-15,140.61,140.61,139.44,139.44,900,1.170000000000016,-0.00832088756133999
IDP,2021-10-18,139.53,139.53,139.53,139.53,0,0.0,0.0
IDP,2021-10-19,139.53,139.53,139.53,139.53,0,0.0,0.0
IDP,2021-10-20,129.61,129.61,129.61,129.61,300,0.0,0.0
IDP,2021-10-21,137.66,137.66,137.66,137.66,100,0.0,0.0
IDP,2021-10-22,136.76,136.76,136.76,136.76,500,0.0,0.0
IDP,2021-10-25,134.08,134.08,134.08,134.08,2000,0.0,0.0
IDP,2021-10-26,134.08,134.08,134.08,134.08,1000,0.0,0.0
IDP,2021-10-27,133.19,133.19,133.19,133.19,100,0.0,0.0
IDP,2021-10-28,133.19,133.19,133.19,133.19,0,0.0,0.0
IDP,2021-10-29,130.06,130.06,130.06,130.06,600,0.0,0.0
IDP,2021-11-01,129.61,129.61,129.61,129.61,200,0.0,0.0
IDP,2021-11-02,129.61,129.61,127.02,127.02,1800,2.5900000000000176,-0.019983026001080297
IDP,2021-11-03,127.82,127.82,126.93,126.93,1200,0.8899999999999864,-0.006962916601470712
IDP,2021-11-04,127.11,127.11,127.11,127.11,0,0.0,0.0
IDP,2021-11-05,126.93,127.82,125.14,127.82,14600,2.6799999999999926,0.007011738753643633
IDP,2021-11-08,127.02,127.11,127.02,127.02,7000,0.09000000000000341,0.0
IDP,2021-11-09,127.02,127.02,127.02,127.02,0,0.0,0.0
IDP,2021-11-10,125.14,125.14,125.14,125.14,100,0.0,0.0
IDP,2021-11-11,125.14,125.14,125.14,125.14,2200,0.0,0.0
IDP,2021-11-12,126.04,126.04,124.43,124.69,1200,1.6099999999999994,-0.010710885433195878
IDP,2021-11-15,125.59,125.59,125.59,125.59,300,0.0,0.0
IDP,2021-11-16,125.59,125.59,125.59,125.59,0,0.0,0.0
IDP,2021-11-17,125.59,125.59,125.59,125.59,0,0.0,0.0
IDP,2021-11-18,125.59,125.59,125.59,125.59,0,0.0,0.0
IDP,2021-11-19,125.59,125.59,125.59,125.59,0,0.0,0.0
IDP,2021-11-22,125.14,125.14,124.07,124.07,5200,1.0700000000000074,-0.00855042352565133
IDP,2021-11-23,125.14,125.14,125.14,125.14,4400,0.0,0.0
IDP,2021-11-24,125.14,125.14,123.8,123.8,14000,1.3400000000000034,-0.010708007032124049
IDP,2021-11-25,124.69,125.14,123.8,125.14,21100,1.3400000000000034,0.0036089501964873113
IDP,2021-11-26,125.14,125.14,125.14,125.14,10000,0.0,0.0
IDP,2021-11-29,123.35,124.16,123.35,124.16,800,0.8100000000000023,0.006566680178354295
IDP,2021-11-30,123.8,124.69,123.8,123.8,3000,0.8900000000000006,0.0
IDP,2021-12-01,123.89,123.89,123.89,123.89,0,0.0,0.0
IDP,2021-12-02,107.35,125.14,107.35,125.14,11400,17.790000000000006,0.16571960875640435
IDP,2021-12-03,107.26,107.26,107.26,107.26,5000,0.0,0.0
IDP,2021-12-06,107.26,107.26,107.26,107.26,0,0.0,0.0
IDP,2021-12-07,123.35,123.35,123.35,123.35,100,0.0,0.0
IDP,2021-12-08,123.35,123.35,123.35,123.35,0,0.0,0.0
IDP,2021-12-09,123.35,123.35,123.35,123.35,0,0.0,0.0
IDP,2021-12-10,125.14,125.14,125.14,125.14,6000,0.0,0.0
IDP,2021-12-13,125.14,125.14,125.14,125.14,40900,0.0,0.0
IDP,2021-12-14,125.14,125.14,125.14,125.14,10000,0.0,0.0
IDP,2021-12-15,125.14,125.14,125.14,125.14,14400,0.0,0.0
IDP,2021-12-16,123.35,125.14,123.35,125.14,5400,1.7900000000000063,0.014511552492906416
IDP,2021-12-17,125.14,125.14,125.14,125.14,500,0.0,0.0
IDP,2021-12-20,125.14,125.14,125.14,125.14,0,0.0,0.0
IDP,2021-12-21,125.14,125.14,125.14,125.14,4500,0.0,0.0
IDP,2021-12-22,125.14,125.14,125.14,125.14,100,0.0,0.0
IDP,2021-12-23,126.04,126.04,126.04,126.04,100,0.0,0.0
IDP,2021-12-24,126.04,126.04,126.04,126.04,0,0.0,0.0
IDP,2021-12-27,130.5,130.5,130.5,130.5,100,0.0,0.0
IDP,2021-12-28,130.5,130.5,130.5,130.5,0,0.0,0.0
IDP,2021-12-29,130.5,130.5,130.5,130.5,0,0.0,0.0
IDP,2021-12-30,130.5,130.5,130.5,130.5,0,0.0,0.0
IDP,2021-12-31,130.5,130.5,130.5,130.5,0,0.0,0.0
IDP,2022-01-04,130.5,130.5,130.5,130.5,0,0.0,0.0
IDP,2022-01-05,125.14,125.14,125.14,125.14,400,0.0,0.0
IDP,2022-01-06,125.14,125.14,125.14,125.14,2500,0.0,0.0
IDP,2022-01-07,125.14,125.14,125.14,125.14,0,0.0,0.0
IDP,2022-01-10,125.14,125.14,125.14,125.14,0,0.0,0.0
IDP,2022-01-11,125.14,125.14,125.14,125.14,5000,0.0,0.0
IDP,2022-01-12,106.37,125.14,106.37,125.14,13500,18.769999999999996,0.17645952806242357
IDP,2022-01-13,118.17,118.17,118.17,118.17,0,0.0,0.0
IDP,2022-01-14,100.47,123.35,100.47,123.35,5100,22.879999999999995,0.22772967054842236
IDP,2022-01-17,116.02,116.02,116.02,116.02,100,0.0,0.0
IDP,2022-01-18,111.82,111.82,111.82,111.82,5000,0.0,0.0
IDP,2022-01-19,111.73,126.93,95.2,126.93,6600,31.730000000000004,0.13604224469703752
IDP,2022-01-20,115.58,115.58,115.58,115.58,100,0.0,0.0
IDP,2022-01-21,129.61,132.83,129.61,132.83,3500,3.219999999999999,0.02484376205539695
IDP,2022-01-24,134.08,134.08,134.08,134.08,200,0.0,0.0
IDP,2022-01-25,122.46,143.02,122.46,143.02,7800,20.560000000000016,0.16789155642658843
IDP,2022-01-26,138.82,138.82,138.82,138.82,0,0.0,0.0
IDP,2022-01-27,138.82,138.82,138.82,138.82,400,0.0,0.0
IDP,2022-01-28,138.82,138.82,138.82,138.82,0,0.0,0.0
IDP,2022-02-07,138.82,138.82,138.82,138.82,0,0.0,0.0
IDP,2022-02-08,138.82,139.44,138.82,139.44,9900,0.6200000000000045,0.004466215242760442
IDP,2022-02-09,139.44,139.44,139.44,139.44,100,0.0,0.0
IDP,2022-02-10,139.44,139.44,139.44,139.44,10,0.0,0.0
IDP,2022-02-11,134.08,139.44,134.08,139.44,200,5.359999999999985,0.0399761336515512
IDP,2022-02-14,137.66,137.66,137.66,137.66,100,0.0,0.0
IDP,2022-02-15,141.23,141.23,141.23,141.23,400,0.0,0.0
IDP,2022-02-16,142.12,142.12,141.23,142.12,700,0.8900000000000148,0.0
IDP,2022-02-17,142.12,147.49,142.12,147.49,20200,5.3700000000000045,0.03778497044750918
IDP,2022-02-18,141.23,141.23,141.23,141.23,100,0.0,0.0
IDP,2022-02-21,141.23,141.23,141.23,141.23,0,0.0,0.0
IDP,2022-02-22,141.23,141.23,141.23,141.23,0,0.0,0.0
IDP,2022-02-23,141.23,141.23,141.23,141.23,0,0.0,0.0
IDP,2022-02-24,141.23,141.23,141.23,141.23,100,0.0,0.0
IDP,2022-02-25,141.23,141.23,141.23,141.23,3500,0.0,0.0
IDP,2022-02-28,141.23,141.23,141.23,141.23,0,0.0,0.0
IDP,2022-03-01,141.23,141.23,141.23,141.23,2800,0.0,0.0
IDP,2022-03-02,141.23,141.23,141.23,141.23,0,0.0,0.0
IDP,2022-03-03,141.23,141.23,141.23,141.23,0,0.0,0.0
IDP,2022-03-04,141.23,141.23,141.23,141.23,0,0.0,0.0
IDP,2022-03-07,120.05,120.05,120.05,120.05,2500,0.0,0.0
IDP,2022-03-08,120.05,129.61,120.05,129.61,700,9.560000000000016,0.07963348604748036
IDP,2022-03-09,126.04,140.69,126.04,126.93,900,14.649999999999991,0.007061250396699465
IDP,2022-03-10,142.57,142.57,142.57,142.57,1000,0.0,0.0
IDP,2022-03-11,143.02,143.02,143.02,143.02,100,0.0,0.0
IDP,2022-03-14,143.02,143.02,143.02,143.02,0,0.0,0.0
IDP,2022-03-15,122.46,143.91,122.46,143.91,1200,21.450000000000003,0.17515923566878985
IDP,2022-03-16,142.84,142.84,128.72,135.87,8800,14.120000000000005,-0.04879585550266031
IDP,2022-03-17,127.11,127.11,127.02,127.02,600,0.09000000000000341,-0.0007080481472740415
IDP,2022-03-18,142.93,143.02,142.93,143.02,5700,0.09000000000000341,0.0006296788637794963
IDP,2022-03-21,143.02,143.02,143.02,143.02,0,0.0,0.0
IDP,2022-03-22,142.84,143.02,142.84,143.02,1000,0.18000000000000682,0.0012601512181462252
IDP,2022-03-23,142.93,142.93,142.93,142.93,0,0.0,0.0
IDP,2022-03-24,138.55,141.68,138.55,141.23,4700,3.1299999999999955,0.019343197401659892
IDP,2022-03-25,143.02,145.7,142.75,145.7,19400,2.9499999999999886,0.01873863795273373
IDP,2022-03-28,143.64,143.64,143.64,143.64,0,0.0,0.0
IDP,2022-03-29,143.64,143.64,143.64,143.64,0,0.0,0.0
IDP,2022-03-30,143.64,143.64,143.64,143.64,0,0.0,0.0
IDP,2022-03-31,145.7,147.49,145.7,145.7,10500,1.7900000000000205,0.0
IDP,2022-04-01,146.95,146.95,146.95,146.95,0,0.0,0.0
IDP,2022-04-04,124.96,124.96,124.96,124.96,6600,0.0,0.0
IDP,2022-04-05,127.38,137.66,127.38,137.66,300,10.280000000000001,0.0807034071282776
IDP,2022-04-06,134.26,134.26,134.26,134.26,0,0.0,0.0
IDP,2022-04-07,134.26,134.26,134.26,134.26,0,0.0,0.0
IDP,2022-04-08,134.08,134.08,134.08,134.08,200,0.0,0.0
IDP,2022-04-12,134.08,134.08,134.08,134.08,0,0.0,0.0
IDP,2022-04-13,113.97,151.87,113.97,151.87,13600,37.900000000000006,0.3325436518382031
IDP,2022-04-14,115.4,151.96,115.4,151.96,10100,36.56,0.3168110918544194
IDP,2022-04-15,126.93,126.93,120.67,120.67,1500,6.260000000000005,-0.049318522020011066
IDP,2022-04-18,124.87,124.87,124.87,124.87,0,0.0,0.0
IDP,2022-04-19,124.87,143.47,107.53,141.14,11100,35.94,0.13029550732762057
IDP,2022-04-20,100.11,100.11,97.34,97.34,10100,2.769999999999996,-0.02766956348017177
IDP,2022-04-21,97.34,97.34,97.34,97.34,0,0.0,0.0
IDP,2022-04-22,111.91,111.91,111.91,111.91,100,0.0,0.0
IDP,2022-04-25,103.24,123.09,103.24,123.09,1300,19.85000000000001,0.19227043781480055
IDP,2022-04-26,123.44,123.44,123.44,107.35,100,0.0,-0.1303467271548931
IDP,2022-04-27,107.35,107.35,107.35,107.35,0,0.0,0.0
IDP,2022-04-28,139.89,139.89,139.89,139.89,100,0.0,0.0
IDP,2022-04-29,139.89,139.89,139.89,139.89,0,0.0,0.0
IDP,2022-05-04,139.89,139.89,139.89,139.89,0,0.0,0.0
IDP,2022-05-05,139.89,139.89,139.89,139.89,0,0.0,0.0
IDP,2022-05-06,134.08,134.08,134.08,134.08,900,0.0,0.0
IDP,2022-05-09,138.55,138.55,138.55,138.55,100,0.0,0.0
IDP,2022-05-10,138.55,138.55,138.55,138.55,0,0.0,0.0
IDP,2022-05-11,138.55,138.55,138.55,138.55,0,0.0,0.0
IDP,2022-05-12,138.55,138.55,138.55,138.55,0,0.0,0.0
IDP,2022-05-13,120.67,120.67,120.67,120.67,200,0.0,0.0
IDP,2022-05-16,135.87,138.73,135.87,138.73,15000,2.859999999999985,0.02104953264149544
IDP,2022-05-17,138.64,138.64,138.64,138.64,0,0.0,0.0
IDP,2022-05-18,138.64,138.64,138.64,138.64,0,0.0,0.0
IDP,2022-05-19,137.66,137.66,137.66,137.66,200,0.0,0.0
IDP,2022-05-20,136.76,136.76,134.97,137.66,3100,1.789999999999992,0.006580871599883049
IDP,2022-05-23,134.97,134.97,134.97,137.66,500,0.0,0.01993035489368006
IDP,2022-05-24,137.64,137.64,137.64,137.64,0,0.0,0.0
IDP,2022-05-25,135.89,135.89,135.89,135.89,200,0.0,0.0
IDP,2022-05-26,135.89,135.89,135.89,135.89,400,0.0,0.0
IDP,2022-05-27,135.89,135.89,135.89,135.89,0,0.0,0.0
IDP,2022-05-30,135.89,135.89,135.89,135.89,0,0.0,0.0
IDP,2022-05-31,135.89,135.89,135.89,135.89,0,0.0,0.0
IDP,2022-06-01,135.89,135.89,135.89,135.89,0,0.0,0.0
IDP,2022-06-02,135.89,135.89,135.89,135.89,0,0.0,0.0
IDP,2022-06-03,135.89,135.89,135.89,135.89,0,0.0,0.0
IDP,2022-06-06,135.89,135.89,135.89,135.89,0,0.0,0.0
IDP,2022-06-07,135.89,135.89,135.89,135.89,0,0.0,0.0
IDP,2022-06-08,135.89,135.89,135.89,135.89,0,0.0,0.0
IDP,2022-06-09,135.89,135.89,135.89,135.89,100,0.0,0.0
IDP,2022-06-10,135.89,135.89,135.89,135.89,0,0.0,0.0
IDP,2022-06-13,135.89,135.89,135.89,135.89,0,0.0,0.0
IDP,2022-06-14,115.69,115.69,115.69,115.69,600,0.0,0.0
IDP,2022-06-15,133.05,133.05,133.05,133.05,100,0.0,0.0
IDP,2022-06-16,133.05,133.05,133.05,133.05,0,0.0,0.0
IDP,2022-06-17,133.05,133.05,133.05,133.05,0,0.0,0.0
IDP,2022-06-20,133.05,133.05,133.05,133.05,0,0.0,0.0
IDP,2022-06-21,133.05,133.05,133.05,133.05,0,0.0,0.0
IDP,2022-06-22,151.96,151.96,151.96,151.96,100,0.0,0.0
IDP,2022-06-23,151.96,151.96,151.96,151.96,0,0.0,0.0
IDP,2022-06-24,151.96,174.73,137.73,137.73,500,37.0,-0.09364306396420122
IDP,2022-06-27,177.21,177.21,177.21,177.21,500,0.0,0.0
IDP,2022-06-28,183.64,183.64,151.5,151.5,600,32.139999999999986,-0.17501633631017202
IDP,2022-06-29,179.97,179.97,151.5,151.5,2600,28.47,-0.15819303217202865
IDP,2022-06-30,173.36,173.36,173.36,173.36,0,0.0,0.0
IDP,2022-07-01,173.36,173.36,173.36,173.36,0,0.0,0.0
IDP,2022-07-04,173.36,173.36,173.36,173.36,0,0.0,0.0
IDP,2022-07-05,147.83,147.83,147.83,147.83,100,0.0,0.0
IDP,2022-07-06,137.73,137.73,137.73,137.73,400,0.0,0.0
IDP,2022-07-07,135.89,137.73,128.73,128.73,800,9.0,-0.05268967547280887
IDP,2022-07-08,130.75,130.75,130.75,130.75,0,0.0,0.0
IDP,2022-07-11,149.67,149.67,149.67,149.67,100,0.0,0.0
IDP,2022-07-12,149.57,149.57,149.57,149.57,100,0.0,0.0
IDP,2022-07-13,149.57,149.57,149.57,149.57,0,0.0,0.0
IDP,2022-07-14,149.48,149.48,149.48,149.48,100,0.0,0.0
IDP,2022-07-15,127.63,127.63,127.63,127.63,100,0.0,0.0
IDP,2022-07-18,127.63,146.73,127.63,146.73,1200,19.099999999999994,0.14965133589281512
IDP,2022-07-19,145.17,145.17,145.17,145.17,0,0.0,0.0
IDP,2022-07-20,161.6,161.6,142.41,142.41,1500,19.189999999999998,-0.11875
IDP,2022-07-21,165.18,165.18,165.18,165.18,100,0.0,0.0
IDP,2022-07-22,189.88,189.88,140.58,149.57,1400,49.29999999999998,-0.2122919738782389
IDP,2022-07-25,149.3,149.3,149.3,149.3,0,0.0,0.0
IDP,2022-07-26,149.3,149.3,149.3,149.3,0,0.0,0.0
IDP,2022-07-27,157.84,157.93,157.84,157.93,300,0.09000000000000341,0.0005701976685251103
IDP,2022-07-28,157.93,157.93,157.93,157.93,100,0.0,0.0
IDP,2022-07-29,154.72,154.72,153.16,153.16,1100,1.5600000000000023,-0.01008273009307137
IDP,2022-08-01,148.47,159.58,148.47,159.58,200,11.110000000000014,0.07482993197278921
IDP,2022-08-02,154.26,154.26,154.26,154.26,1000,0.0,0.0
IDP,2022-08-03,154.26,154.26,154.26,154.26,0,0.0,0.0
IDP,2022-08-04,154.26,154.26,154.26,154.26,0,0.0,0.0
IDP,2022-08-05,154.26,154.26,154.26,154.26,0,0.0,0.0
IDP,2022-08-08,154.26,154.26,154.26,154.26,0,0.0,0.0
IDP,2022-08-09,154.26,154.26,154.26,154.26,0,0.0,0.0
IDP,2022-08-10,153.8,153.8,153.8,153.8,1000,0.0,0.0
IDP,2022-08-11,153.8,153.8,153.8,153.8,0,0.0,0.0
IDP,2022-08-12,153.8,153.8,153.8,153.8,0,0.0,0.0
IDP,2022-08-15,152.42,152.88,137.73,137.73,11400,15.150000000000006,-0.09637842802781786
IDP,2022-08-16,146.91,146.91,139.75,143.24,3200,7.159999999999997,-0.024981281056429022
IDP,2022-08-17,151.41,151.41,137.73,137.73,1200,13.680000000000007,-0.09035070338815142
IDP,2022-08-18,137.91,137.91,137.91,137.91,1000,0.0,0.0
IDP,2022-08-19,137.91,137.91,137.91,137.91,0,0.0,0.0
IDP,2022-08-22,137.73,137.82,137.73,137.82,1500,0.09000000000000341,0.0006534524068830569
IDP,2022-08-23,137.82,143.97,137.82,143.97,600,6.150000000000006,0.04462342185459299
IDP,2022-08-24,142.96,143.06,142.96,143.06,1400,0.09999999999999432,0.0006994963626188746
IDP,2022-08-25,143.06,143.06,143.06,143.06,0,0.0,0.0
IDP,2022-08-26,143.42,143.79,143.42,143.7,1300,0.37000000000000455,0.0019523079068470308
IDP,2022-08-29,143.61,143.61,143.61,143.61,0,0.0,0.0
IDP,2022-08-30,143.61,143.61,143.61,143.61,0,0.0,0.0
IDP,2022-08-31,143.61,143.61,143.61,143.61,0,0.0,0.0
IDP,2022-09-05,143.61,145.08,142.78,145.08,3400,2.3000000000000114,0.010236055984959256
IDP,2022-09-06,141.4,141.4,141.4,141.4,2000,0.0,0.0
IDP,2022-09-07,136.63,139.57,136.63,136.63,2900,2.9399999999999977,0.0
IDP,2022-09-08,137.64,137.64,137.64,137.64,0,0.0,0.0
IDP,2022-09-09,137.64,137.64,137.64,137.64,0,0.0,0.0
IDP,2022-09-12,137.64,137.64,137.64,137.64,0,0.0,0.0
IDP,2022-09-13,137.64,137.64,137.64,137.64,0,0.0,0.0
IDP,2022-09-14,137.64,137.64,137.64,137.64,100,0.0,0.0
IDP,2022-09-15,137.64,137.64,137.64,137.64,0,0.0,0.0
IDP,2022-09-16,137.73,137.73,137.73,137.73,500,0.0,0.0
IDP,2022-09-19,137.73,137.73,137.73,137.73,0,0.0,0.0
IDP,2022-09-20,137.73,137.73,137.73,137.73,0,0.0,0.0
IDP,2022-09-21,137.73,137.73,137.73,137.73,0,0.0,0.0
IDP,2022-09-22,137.73,137.73,137.73,137.73,0,0.0,0.0
IDP,2022-09-23,137.73,137.73,137.73,137.73,0,0.0,0.0
IDP,2022-09-26,137.73,137.73,137.73,137.73,0,0.0,0.0
IDP,2022-09-27,137.73,137.73,137.73,137.73,0,0.0,0.0
IDP,2022-09-28,128.55,128.55,128.55,128.55,1000,0.0,0.0
IDP,2022-09-29,128.55,128.55,128.55,128.55,900,0.0,0.0
IDP,2022-09-30,128.55,128.55,128.55,128.55,0,0.0,0.0
IDP,2022-10-03,128.55,128.55,128.55,128.55,0,0.0,0.0
IDP,2022-10-04,128.55,128.55,128.55,128.55,0,0.0,0.0
IDP,2022-10-05,137.73,137.73,137.73,137.73,500,0.0,0.0
IDP,2022-10-06,137.73,137.73,137.73,137.73,0,0.0,0.0
IDP,2022-10-07,137.73,137.73,137.73,137.73,0,0.0,0.0
IDP,2022-10-10,142.32,142.32,142.32,142.32,2000,0.0,0.0
IDP,2022-10-11,142.32,142.32,142.32,142.32,0,0.0,0.0
IDP,2022-10-12,141.4,142.32,141.4,142.32,2300,0.9199999999999875,0.006506364922206418
IDP,2022-10-13,142.23,142.23,142.23,142.23,0,0.0,0.0
IDP,2022-10-14,142.23,142.23,142.23,142.23,0,0.0,0.0
IDP,2022-10-17,142.23,142.23,142.23,142.23,0,0.0,0.0
IDP,2022-10-18,142.23,142.23,142.23,142.23,0,0.0,0.0
IDP,2022-10-19,142.23,142.23,142.23,142.23,0,0.0,0.0
IDP,2022-10-20,163.35,163.35,156.09,156.09,900,7.259999999999991,-0.04444444444444439
IDP,2022-10-21,134.33,134.33,134.33,134.33,100,0.0,0.0
IDP,2022-10-24,134.33,134.33,134.33,134.33,0,0.0,0.0
IDP,2022-10-25,134.34,134.34,134.34,134.34,0,0.0,0.0
IDP,2022-10-26,134.34,134.34,134.34,134.34,0,0.0,0.0
IDP,2022-10-27,134.34,134.34,134.34,134.34,0,0.0,0.0
IDP,2022-10-28,134.34,134.34,134.34,134.34,0,0.0,0.0
IDP,2022-10-31,134.34,134.34,134.34,134.34,0,0.0,0.0
IDP,2022-11-01,134.34,134.34,134.34,134.34,0,0.0,0.0
IDP,2022-11-02,134.34,134.34,134.34,134.34,0,0.0,0.0
IDP,2022-11-03,147.51,147.51,147.51,147.51,200,0.0,0.0
IDP,2022-11-04,147.51,147.51,147.51,147.51,0,0.0,0.0
IDP,2022-11-07,139.16,139.16,139.16,139.16,500,0.0,0.0
IDP,2022-11-08,118.29,118.29,118.29,118.29,3000,0.0,0.0
IDP,2022-11-09,101.59,136.01,101.59,101.68,38500,34.41999999999999,0.000885913967910261
IDP,2022-11-10,92.87,92.87,92.87,92.87,23000,0.0,0.0
IDP,2022-11-11,88.23,102.05,79.88,102.05,10100,22.17,0.15663606483055642
IDP,2022-11-14,92.13,92.13,69.77,92.13,20400,22.36,0.0
IDP,2022-11-15,70.88,70.88,70.88,70.88,0,0.0,0.0
IDP,2022-11-16,81.46,81.46,81.46,81.46,100,0.0,0.0
IDP,2022-11-17,93.61,93.61,93.61,93.61,100,0.0,0.0
IDP,2022-11-18,107.62,107.62,107.62,107.62,100,0.0,0.0
IDP,2022-11-21,123.76,123.76,123.76,123.76,100,0.0,0.0
IDP,2022-11-22,135.64,142.32,135.64,142.32,600,6.680000000000007,0.04924800943674438
IDP,2022-11-23,137.77,137.77,137.77,137.77,0,0.0,0.0
IDP,2022-11-24,137.77,137.77,137.77,137.77,0,0.0,0.0
IDP,2022-11-25,155.77,155.77,155.77,155.77,100,0.0,0.0
IDP,2022-11-28,155.77,155.77,155.77,155.77,0,0.0,0.0
IDP,2022-11-29,155.77,155.77,155.77,155.77,0,0.0,0.0
IDP,2022-11-30,155.77,155.77,155.77,155.77,0,0.0,0.0
IDP,2022-12-01,152.89,157.72,152.89,153.08,16000,4.8300000000000125,0.001242723526718727
IDP,2022-12-02,154.47,154.47,154.47,154.47,0,0.0,0.0
IDP,2022-12-05,156.79,156.79,155.4,155.68,3600,1.3899999999999864,-0.007079533133490562
IDP,2022-12-06,134.52,134.52,134.52,134.52,100,0.0,0.0
IDP,2022-12-07,134.52,134.52,134.52,134.52,0,0.0,0.0
IDP,2022-12-08,148.44,154.66,148.44,154.66,400,6.219999999999999,0.04190245216922662
IDP,2022-12-09,153.08,153.08,153.08,153.08,0,0.0,0.0
IDP,2022-12-12,153.08,153.08,153.08,153.08,100,0.0,0.0
IDP,2022-12-13,153.08,154.94,153.08,154.94,600,1.8599999999999852,0.012150509537496636
IDP,2022-12-14,157.72,157.72,156.33,156.79,3300,1.3899999999999864,-0.005896525488206993
IDP,2022-12-15,156.7,156.7,156.7,156.7,0,0.0,0.0
IDP,2022-12-16,156.79,156.79,156.7,156.7,4000,0.09000000000000341,-0.0005740162000127777
IDP,2022-12-19,143.8,143.8,143.8,143.8,3500,0.0,0.0
IDP,2022-12-20,143.8,143.8,143.8,143.8,0,0.0,0.0
IDP,2022-12-21,165.33,165.33,147.51,147.51,600,17.82000000000002,-0.10778443113772468
IDP,2022-12-22,147.51,147.51,147.51,147.51,500,0.0,0.0
IDP,2022-12-23,147.51,147.51,147.51,147.51,200,0.0,0.0
IDP,2022-12-26,147.51,147.51,147.51,147.51,0,0.0,0.0
IDP,2022-12-27,147.51,147.51,147.51,147.51,0,0.0,0.0
IDP,2022-12-28,147.51,147.51,147.51,147.51,0,0.0,0.0
IDP,2022-12-29,169.59,169.59,169.59,169.59,100,0.0,0.0
IDP,2022-12-30,169.78,169.78,169.69,169.69,6900,0.09000000000000341,-0.000530097773589371
IDP,2023-01-03,169.78,169.78,169.78,169.78,0,0.0,0.0
IDP,2023-01-04,169.78,169.78,169.78,169.78,0,0.0,0.0
IDP,2023-01-05,169.78,169.78,166.07,166.07,200,3.710000000000008,-0.02185180822240551
IDP,2023-01-06,167.92,167.92,167.92,167.92,0,0.0,0.0
IDP,2023-01-09,167.92,167.92,167.92,167.92,0,0.0,0.0
IDP,2023-01-10,167.92,167.92,167.92,167.92,0,0.0,0.0
IDP,2023-01-11,167.92,167.92,167.92,167.92,0,0.0,0.0
IDP,2023-01-12,167.92,167.92,167.92,167.92,0,0.0,0.0
IDP,2023-01-13,167.92,167.92,167.92,167.92,0,0.0,0.0
IDP,2023-01-16,167.92,167.92,167.92,167.92,0,0.0,0.0
IDP,2023-01-17,167.92,167.92,167.92,167.92,0,0.0,0.0
IDP,2023-01-18,167.92,167.92,167.92,167.92,0,0.0,0.0
IDP,2023-01-19,167.92,167.92,167.92,167.92,0,0.0,0.0
IDP,2023-01-27,167.92,167.92,167.92,167.92,0,0.0,0.0
IDP,2023-01-30,167.92,167.92,167.92,167.92,5000,0.0,0.0
IDP,2023-01-31,167.92,167.92,167.92,167.92,0,0.0,0.0
IDP,2023-02-01,167.92,167.92,167.92,167.92,0,0.0,0.0
IDP,2023-02-02,167.92,167.92,167.92,167.92,0,0.0,0.0
IDP,2023-02-03,167.92,167.92,167.92,167.92,0,0.0,0.0
IDP,2023-02-06,167.92,167.92,167.92,167.92,0,0.0,0.0
IDP,2023-02-07,167.92,167.92,167.92,167.92,0,0.0,0.0
IDP,2023-02-08,167.92,167.92,167.92,167.92,0,0.0,0.0
IDP,2023-02-09,167.92,167.92,167.92,167.92,100,0.0,0.0
IDP,2023-02-10,167.92,167.92,167.92,167.92,100,0.0,0.0
IDP,2023-02-13,171.63,171.63,167.92,167.92,4800,3.710000000000008,-0.02161626755229277
IDP,2023-02-14,168.76,168.76,168.76,168.76,0,0.0,0.0
IDP,2023-02-15,168.39,168.76,168.39,168.76,4300,0.37000000000000455,0.0021972801235228016
IDP,2023-02-16,168.48,168.48,168.48,168.48,100,0.0,0.0
IDP,2023-02-17,168.57,168.57,168.57,168.57,200,0.0,0.0
IDP,2023-02-20,168.57,168.57,168.57,168.57,0,0.0,0.0
IDP,2023-02-21,168.57,168.57,168.57,168.57,0,0.0,0.0
IDP,2023-02-22,168.57,168.57,168.57,168.57,0,0.0,0.0
IDP,2023-02-23,168.57,168.57,168.57,168.57,0,0.0,0.0
IDP,2023-02-24,168.57,168.57,168.57,168.57,0,0.0,0.0
IDP,2023-02-27,168.57,168.57,168.57,168.57,0,0.0,0.0
IDP,2023-02-28,168.57,168.57,168.57,168.57,0,0.0,0.0
IDP,2023-03-01,168.57,168.57,168.57,168.57,0,0.0,0.0
IDP,2023-03-02,168.85,168.85,168.85,168.85,400,0.0,0.0
IDP,2023-03-03,168.85,168.85,168.85,168.85,0,0.0,0.0
IDP,2023-03-06,168.85,168.85,168.85,168.85,0,0.0,0.0
IDP,2023-03-07,168.85,168.85,168.85,168.85,0,0.0,0.0
IDP,2023-03-08,170.71,171.63,170.71,171.63,1300,0.9199999999999875,0.005389256634057685
IDP,2023-03-09,172.38,172.38,172.38,172.38,500,0.0,0.0
IDP,2023-03-10,176.27,190.19,176.27,190.19,1900,13.919999999999987,0.07896976229647693
IDP,2023-03-13,184.34,202.25,184.34,184.62,9400,17.909999999999997,0.001518932407507872
IDP,2023-03-14,195.01,202.25,195.01,202.25,1600,7.240000000000009,0.03712630121532234
IDP,2023-03-15,207.82,213.38,169.78,169.78,7800,43.599999999999994,-0.18304301799634295
IDP,2023-03-16,200.58,200.58,200.58,200.58,0,0.0,0.0
IDP,2023-03-17,200.86,204.11,200.86,204.11,2000,3.25,0.016180424176043012
IDP,2023-03-20,202.53,222.66,202.53,222.66,600,20.129999999999995,0.09939268256554583
IDP,2023-03-21,228.23,228.23,176.27,176.27,2400,51.95999999999998,-0.22766507470534103
IDP,2023-03-22,204.11,204.11,204.11,204.11,1000,0.0,0.0
IDP,2023-03-23,222.66,222.66,216.26,216.26,1200,6.400000000000006,-0.0287433755501662
IDP,2023-03-24,221.64,221.64,221.64,221.64,0,0.0,0.0
IDP,2023-03-27,221.64,221.64,221.64,221.64,0,0.0,0.0
IDP,2023-03-28,221.64,221.64,221.64,221.64,0,0.0,0.0
IDP,2023-03-29,189.26,231.01,189.26,231.01,6100,41.75,0.22059600549508612
IDP,2023-03-30,216.63,216.63,216.63,216.63,0,0.0,0.0
IDP,2023-03-31,216.91,216.91,216.91,216.91,1000,0.0,0.0
IDP,2023-04-03,216.63,216.63,216.63,216.63,800,0.0,0.0
IDP,2023-04-04,216.63,216.63,216.63,216.63,0,0.0,0.0
IDP,2023-04-05,216.82,216.82,216.82,216.82,100,0.0,0.0
IDP,2023-04-06,216.82,216.82,216.82,216.82,0,0.0,0.0
IDP,2023-04-07,216.82,216.82,216.82,216.82,0,0.0,0.0
IDP,2023-04-10,185.64,248.64,185.55,216.17,15000,63.089999999999975,0.1644580909286792
IDP,2023-04-11,215.15,215.15,215.15,215.15,0,0.0,0.0
IDP,2023-04-12,215.15,215.15,215.15,215.15,0,0.0,0.0
IDP,2023-04-13,245.67,245.86,245.67,245.86,7000,0.19000000000002615,0.0007733952049498358
IDP,2023-04-14,245.39,245.39,245.39,245.39,1100,0.0,0.0
IDP,2023-04-17,245.86,246.32,241.22,241.22,2400,5.099999999999994,-0.01887252908159121
IDP,2023-04-18,245.3,245.3,245.3,245.3,0,0.0,0.0
IDP,2023-04-19,209.67,209.67,209.67,209.67,100,0.0,0.0
IDP,2023-04-20,191.12,191.12,191.12,191.12,200,0.0,0.0
IDP,2023-04-21,191.12,191.12,191.12,191.12,0,0.0,0.0
IDP,2023-04-24,167.92,167.92,167.92,167.92,200,0.0,0.0
IDP,2023-04-25,192.97,192.97,192.97,192.97,200,0.0,0.0
IDP,2023-04-26,169.78,169.78,169.78,169.78,200,0.0,0.0
IDP,2023-04-27,169.78,169.78,169.78,169.78,0,0.0,0.0
IDP,2023-04-28,169.78,169.78,169.78,169.78,0,0.0,0.0
IDP,2023-05-04,169.78,169.78,169.78,169.78,0,0.0,0.0
IDP,2023-05-05,169.78,169.78,169.78,169.78,0,0.0,0.0
IDP,2023-05-08,169.78,169.78,169.78,169.78,0,0.0,0.0
IDP,2023-05-09,169.78,169.78,169.78,169.78,2200,0.0,0.0
IDP,2023-05-10,169.78,169.78,169.78,169.78,0,0.0,0.0
IDP,2023-05-11,195.2,195.2,195.2,195.2,100,0.0,0.0
IDP,2023-05-12,213.38,213.38,213.38,213.38,2000,0.0,0.0
IDP,2023-05-15,213.38,213.38,213.38,213.38,0,0.0,0.0
IDP,2023-05-16,213.38,213.38,213.38,213.38,0,0.0,0.0
IDP,2023-05-17,213.38,213.38,213.38,213.38,0,0.0,0.0
IDP,2023-05-18,213.39,213.39,213.39,213.39,0,0.0,0.0
IDP,2023-05-19,213.39,213.39,213.39,213.39,0,0.0,0.0
IDP,2023-05-22,213.39,213.39,213.39,213.39,0,0.0,0.0
IDP,2023-05-23,213.39,213.39,213.39,213.39,0,0.0,0.0
IDP,2023-05-24,213.39,213.39,213.39,213.39,0,0.0,0.0
IDP,2023-05-25,213.39,213.39,213.39,213.39,0,0.0,0.0
IDP,2023-05-26,213.39,213.39,213.39,213.39,0,0.0,0.0
IDP,2023-05-29,213.39,213.39,213.39,213.39,0,0.0,0.0
IDP,2023-05-30,213.39,213.39,213.39,213.39,0,0.0,0.0
IDP,2023-05-31,213.39,213.39,213.39,213.39,0,0.0,0.0
IDP,2023-06-01,213.39,213.39,213.39,213.39,0,0.0,0.0
IDP,2023-06-02,213.39,213.39,213.39,213.39,0,0.0,0.0
IDP,2023-06-05,213.39,213.39,213.39,213.39,0,0.0,0.0
IDP,2023-06-06,213.39,213.39,213.39,213.39,0,0.0,0.0
IDP,2023-06-07,213.39,213.39,213.39,213.39,0,0.0,0.0
IDP,2023-06-08,213.39,213.39,213.39,213.39,0,0.0,0.0
IDP,2023-06-09,213.39,213.39,213.39,213.39,0,0.0,0.0
IDP,2023-06-12,213.39,213.39,213.39,213.39,0,0.0,0.0
IDP,2023-06-13,213.39,213.39,213.39,213.39,0,0.0,0.0
IDP,2023-06-14,245.09,245.09,245.09,245.09,200,0.0,0.0
IDP,2023-06-15,245.09,245.09,245.09,245.09,0,0.0,0.0
IDP,2023-06-16,245.09,245.09,245.09,245.09,0,0.0,0.0
IDP,2023-06-19,250.77,250.77,250.77,250.77,100,0.0,0.0
IDP,2023-06-20,250.77,250.77,250.77,250.77,0,0.0,0.0
IDP,2023-06-21,250.77,250.77,250.77,250.77,0,0.0,0.0
IDP,2023-06-22,250.77,250.77,250.77,250.77,0,0.0,0.0
IDP,2023-06-23,254.56,254.56,254.56,254.56,100,0.0,0.0
IDP,2023-06-26,254.56,254.56,254.56,254.56,0,0.0,0.0
IDP,2023-06-27,254.56,254.56,254.56,254.56,0,0.0,0.0
IDP,2023-06-28,283.89,283.89,283.89,283.89,100,0.0,0.0
IDP,2023-06-29,283.89,283.89,283.89,283.89,0,0.0,0.0
IDP,2023-06-30,302.82,302.82,246.04,302.72,300,56.78,-0.00033022917905014827
IDP,2023-07-03,246.04,246.04,246.04,246.04,100,0.0,0.0
IDP,2023-07-04,211.97,211.97,211.97,211.97,100,0.0,0.0
IDP,2023-07-05,180.74,180.74,180.74,180.74,100,0.0,0.0
IDP,2023-07-06,180.74,180.74,180.74,180.74,0,0.0,0.0
IDP,2023-07-07,154.25,154.25,154.25,154.25,100,0.0,0.0
IDP,2023-07-10,177.34,177.34,177.34,177.34,100,0.0,0.0
IDP,2023-07-11,203.93,203.93,203.93,203.93,100,0.0,0.0
IDP,2023-07-12,174.12,174.12,174.12,174.12,100,0.0,0.0
IDP,2023-07-13,174.12,174.12,174.12,174.12,0,0.0,0.0
IDP,2023-07-14,174.12,174.12,174.12,174.12,0,0.0,0.0
IDP,2023-07-17,174.12,174.12,174.12,174.12,0,0.0,0.0
IDP,2023-07-18,199.67,199.67,199.67,199.67,100,0.0,0.0
IDP,2023-07-19,199.67,199.67,199.67,199.67,0,0.0,0.0
IDP,2023-07-20,229.57,229.57,229.57,229.57,300,0.0,0.0
IDP,2023-07-21,229.57,229.57,229.57,229.57,0,0.0,0.0
IDP,2023-07-24,229.57,229.57,229.57,229.57,0,0.0,0.0
IDP,2023-07-25,196.83,196.83,196.83,196.83,100,0.0,0.0
IDP,2023-07-26,170.33,226.17,170.33,226.17,200,55.839999999999975,0.3278342041918627
IDP,2023-07-27,198.25,198.25,198.25,198.25,0,0.0,0.0
IDP,2023-07-28,198.25,198.25,198.25,198.25,0,0.0,0.0
IDP,2023-07-31,198.25,198.25,198.25,198.25,0,0.0,0.0
IDP,2023-08-01,198.25,198.25,198.25,198.25,0,0.0,0.0
IDP,2023-08-02,198.25,198.25,198.25,198.25,0,0.0,0.0
IDP,2023-08-03,179.89,227.96,179.89,227.96,200,48.07000000000002,0.26721885596753586
IDP,2023-08-04,234.49,234.49,234.49,234.49,300,0.0,0.0
IDP,2023-08-07,234.49,234.49,234.49,234.49,0,0.0,0.0
IDP,2023-08-08,268.75,268.75,268.75,268.75,100,0.0,0.0
IDP,2023-08-09,268.75,268.75,268.75,268.75,0,0.0,0.0
IDP,2023-08-10,228.44,228.44,228.44,228.44,500,0.0,0.0
IDP,2023-08-11,228.44,228.44,228.44,228.44,0,0.0,0.0
IDP,2023-08-14,228.44,228.44,228.44,228.44,0,0.0,0.0
IDP,2023-08-15,228.44,228.44,228.44,228.44,100,0.0,0.0
IDP,2023-08-16,228.44,228.44,228.44,228.44,0,0.0,0.0
IDP,2023-08-17,228.44,228.44,228.44,228.44,0,0.0,0.0
IDP,2023-08-18,210.27,210.27,210.27,210.27,100,0.0,0.0
IDP,2023-08-21,210.27,210.27,210.27,210.27,0,0.0,0.0
IDP,2023-08-22,210.27,210.27,210.27,210.27,0,0.0,0.0
IDP,2023-08-23,210.27,210.27,210.27,210.27,0,0.0,0.0
IDP,2023-08-24,210.27,210.27,210.27,210.27,0,0.0,0.0
IDP,2023-08-25,210.27,210.27,210.27,210.27,0,0.0,0.0
IDP,2023-08-28,210.27,210.27,210.27,210.27,0,0.0,0.0
IDP,2023-08-29,210.27,210.27,210.27,210.27,0,0.0,0.0
IDP,2023-08-30,210.27,210.27,210.27,210.27,0,0.0,0.0
IDP,2023-08-31,210.27,210.27,210.27,210.27,100,0.0,0.0
IDP,2023-09-05,236.58,236.58,236.58,236.58,100,0.0,0.0
IDP,2023-09-06,236.58,236.58,236.58,236.58,0,0.0,0.0
IDP,2023-09-07,236.58,236.58,236.58,236.58,0,0.0,0.0
IDP,2023-09-08,236.58,236.58,236.58,236.58,0,0.0,0.0
IDP,2023-09-11,208.19,236.58,208.19,236.58,1700,28.390000000000015,0.13636581968394262
IDP,2023-09-12,212.92,212.92,212.92,212.92,100,0.0,0.0
IDP,2023-09-13,212.92,212.92,212.92,212.92,0,0.0,0.0
IDP,2023-09-14,212.92,212.92,212.92,212.92,0,0.0,0.0
IDP,2023-09-15,244.15,244.15,244.15,244.15,300,0.0,0.0
IDP,2023-09-18,208.19,208.19,208.19,208.19,1000,0.0,0.0
IDP,2023-09-19,177.9,177.9,177.9,177.9,600,0.0,0.0
IDP,2023-09-20,170.33,170.33,170.33,170.33,500,0.0,0.0
IDP,2023-09-21,170.33,170.33,170.33,170.33,0,0.0,0.0
IDP,2023-09-22,170.33,170.33,170.33,170.33,0,0.0,0.0
IDP,2023-09-25,195.88,195.88,195.88,195.88,100,0.0,0.0
IDP,2023-09-26,225.22,225.22,225.22,225.22,100,0.0,0.0
IDP,2023-09-27,225.22,225.22,225.22,225.22,0,0.0,0.0
IDP,2023-09-28,236.58,236.58,236.58,236.58,100,0.0,0.0
IDP,2023-09-29,236.58,236.58,236.58,236.58,0,0.0,0.0
IDP,2023-10-02,236.58,236.58,236.58,236.58,0,0.0,0.0
IDP,2023-10-03,236.58,236.58,236.58,236.58,0,0.0,0.0
IDP,2023-10-04,236.58,236.58,236.58,236.58,0,0.0,0.0
IDP,2023-10-05,236.58,236.58,236.58,236.58,0,0.0,0.0
IDP,2023-10-06,236.58,236.58,236.58,236.58,0,0.0,0.0
IDP,2023-10-09,208.19,217.65,208.19,208.19,1900,9.460000000000008,0.0
IDP,2023-10-10,212.16,212.16,212.16,212.16,0,0.0,0.0
IDP,2023-10-11,212.16,212.16,212.16,212.16,0,0.0,0.0
IDP,2023-10-12,212.16,212.16,212.16,212.16,0,0.0,0.0
IDP,2023-10-13,212.16,212.16,212.16,212.16,0,0.0,0.0
IDP,2023-10-16,212.16,212.16,212.16,212.16,0,0.0,0.0
IDP,2023-10-17,212.16,212.16,212.16,212.16,0,0.0,0.0
IDP,2023-10-18,212.16,212.16,212.16,212.16,0,0.0,0.0
IDP,2023-10-19,212.16,212.16,212.16,212.16,0,0.0,0.0
IDP,2023-10-20,212.16,212.16,212.16,212.16,0,0.0,0.0
IDP,2023-10-23,212.16,212.16,212.16,212.16,0,0.0,0.0
IDP,2023-10-24,212.16,212.16,212.16,212.16,0,0.0,0.0
IDP,2023-10-25,212.16,212.16,212.16,212.16,0,0.0,0.0
IDP,2023-10-26,212.16,212.16,212.16,212.16,0,0.0,0.0
IDP,2023-10-27,212.16,212.16,212.16,212.16,0,0.0,0.0
IDP,2023-10-30,212.16,212.16,212.16,212.16,0,0.0,0.0
IDP,2023-10-31,212.16,212.16,212.16,212.16,1500,0.0,0.0
IDP,2023-11-01,212.16,212.16,212.16,212.16,0,0.0,0.0
IDP,2023-11-02,212.16,212.16,212.16,212.16,0,0.0,0.0
IDP,2023-11-03,212.16,212.16,212.16,212.16,0,0.0,0.0
IDP,2023-11-06,212.16,212.16,212.16,212.16,0,0.0,0.0
IDP,2023-11-07,212.16,212.16,212.16,212.16,800,0.0,0.0
IDP,2023-11-08,212.16,212.16,212.16,212.16,1000,0.0,0.0
IDP,2023-11-09,212.16,212.16,212.16,212.16,0,0.0,0.0
IDP,2023-11-10,212.16,212.16,212.16,212.16,0,0.0,0.0
IDP,2023-11-13,212.16,212.16,212.16,212.16,0,0.0,0.0
IDP,2023-11-14,243.67,243.67,243.67,243.67,100,0.0,0.0
IDP,2023-11-15,243.67,243.67,243.67,243.67,100,0.0,0.0
IDP,2023-11-16,243.67,243.67,243.67,243.67,0,0.0,0.0
IDP,2023-11-17,243.67,243.67,243.67,243.67,0,0.0,0.0
IDP,2023-11-20,243.67,243.67,243.67,243.67,0,0.0,0.0
IDP,2023-11-21,243.67,243.67,243.67,243.67,0,0.0,0.0
IDP,2023-11-22,243.67,243.67,243.67,243.67,0,0.0,0.0
IDP,2023-11-23,243.67,243.67,243.67,243.67,0,0.0,0.0
IDP,2023-11-24,243.67,243.67,243.67,243.67,0,0.0,0.0
IDP,2023-11-27,243.67,243.67,243.67,243.67,0,0.0,0.0
IDP,2023-11-28,243.67,243.67,243.67,243.67,0,0.0,0.0
IDP,2023-11-29,243.67,243.67,243.67,243.67,0,0.0,0.0
IDP,2023-11-30,243.67,243.67,243.67,243.67,0,0.0,0.0
IDP,2023-12-01,243.67,243.67,243.67,243.67,0,0.0,0.0
IDP,2023-12-04,243.67,243.67,243.67,243.67,0,0.0,0.0
IDP,2023-12-05,236.58,236.58,236.58,236.58,100,0.0,0.0
IDP,2023-12-06,236.58,236.58,236.58,236.58,0,0.0,0.0
IDP,2023-12-07,236.58,236.58,236.58,236.58,0,0.0,0.0
IDP,2023-12-08,236.58,236.58,236.58,236.58,0,0.0,0.0
IDP,2023-12-11,236.58,236.58,236.58,236.58,100,0.0,0.0
IDP,2023-12-12,236.58,236.58,236.58,236.58,0,0.0,0.0
IDP,2023-12-13,236.58,236.58,236.58,236.58,55000,0.0,0.0
IDP,2023-12-14,236.58,236.58,236.58,236.58,0,0.0,0.0
IDP,2023-12-15,236.58,236.58,236.58,236.58,0,0.0,0.0
IDP,2023-12-18,236.58,236.58,236.58,236.58,0,0.0,0.0
IDP,2023-12-19,236.58,236.58,236.58,236.58,0,0.0,0.0
IDP,2023-12-20,236.58,236.58,236.58,236.58,0,0.0,0.0
IDP,2023-12-21,236.58,236.58,236.58,236.58,0,0.0,0.0
IDP,2023-12-22,236.58,236.58,236.58,236.58,0,0.0,0.0
IDP,2023-12-25,203.46,203.46,203.46,203.46,2000,0.0,0.0
IDP,2023-12-26,212.92,212.92,212.92,212.92,100,0.0,0.0
IDP,2023-12-27,231.84,231.84,231.84,231.84,2000,0.0,0.0
IDP,2023-12-28,231.84,231.84,231.84,231.84,0,0.0,0.0
IDP,2023-12-29,231.84,231.84,231.84,231.84,0,0.0,0.0
IDP,2024-01-02,236.58,236.58,236.58,236.58,1000,0.0,0.0
IDP,2024-01-03,236.58,236.58,236.58,236.58,0,0.0,0.0
IDP,2024-01-04,236.58,236.58,236.58,236.58,0,0.0,0.0
IDP,2024-01-05,236.58,236.58,236.58,236.58,0,0.0,0.0
IDP,2024-01-08,236.58,236.58,236.58,236.58,0,0.0,0.0
IDP,2024-01-09,236.58,236.58,236.58,236.58,0,0.0,0.0
IDP,2024-01-10,236.58,236.58,236.58,236.58,100,0.0,0.0
IDP,2024-01-11,241.31,241.31,241.31,241.31,100,0.0,0.0
IDP,2024-01-12,241.31,241.31,241.31,241.31,0,0.0,0.0
IDP,2024-01-15,241.31,241.31,241.31,241.31,100,0.0,0.0
IDP,2024-01-16,241.31,241.31,241.31,241.31,0,0.0,0.0
IDP,2024-01-17,241.31,241.31,241.31,241.31,0,0.0,0.0
IDP,2024-01-18,241.31,241.31,241.31,241.31,0,0.0,0.0
IDP,2024-01-19,241.3,241.3,241.3,241.3,0,0.0,0.0
IDP,2024-01-22,241.3,241.3,241.3,241.3,0,0.0,0.0
IDP,2024-01-23,241.3,241.3,241.3,241.3,0,0.0,0.0
IDP,2024-01-24,241.3,241.3,241.3,241.3,0,0.0,0.0
IDP,2024-01-25,241.3,241.3,241.3,241.3,0,0.0,0.0
IDP,2024-01-26,241.3,241.3,241.3,241.3,0,0.0,0.0
IDP,2024-01-29,241.3,241.3,241.3,241.3,0,0.0,0.0
IDP,2024-01-30,241.3,241.3,241.3,241.3,0,0.0,0.0
IDP,2024-01-31,253.54,253.54,253.54,253.54,200,0.0,0.0
IDP,2024-02-01,253.54,253.54,253.54,253.54,0,0.0,0.0
IDP,2024-02-02,253.54,253.54,253.54,253.54,0,0.0,0.0
IDP,2024-02-05,253.54,253.54,253.54,253.54,0,0.0,0.0
IDP,2024-02-06,253.54,253.54,253.54,253.54,0,0.0,0.0
IDP,2024-02-07,253.54,253.54,253.54,253.54,0,0.0,0.0
IDP,2024-02-15,253.54,253.54,253.54,253.54,0,0.0,0.0
IDP,2024-02-16,253.54,253.54,253.54,253.54,0,0.0,0.0
IDP,2024-02-19,253.54,253.54,253.54,253.54,0,0.0,0.0
IDP,2024-02-20,253.54,253.54,253.54,253.54,0,0.0,0.0
IDP,2024-02-21,253.54,253.54,253.54,253.54,0,0.0,0.0
IDP,2024-02-22,244.72,244.72,244.72,244.72,100,0.0,0.0
IDP,2024-02-23,244.72,244.72,244.72,244.72,0,0.0,0.0
IDP,2024-02-26,244.72,244.72,244.72,244.72,0,0.0,0.0
IDP,2024-02-27,244.72,244.72,244.72,244.72,0,0.0,0.0
IDP,2024-02-28,244.72,244.72,244.72,244.72,1000,0.0,0.0
IDP,2024-02-29,244.72,244.72,244.72,244.72,0,0.0,0.0
IDP,2024-03-01,244.72,244.72,244.72,244.72,0,0.0,0.0
IDP,2024-03-04,244.72,244.72,244.72,244.72,0,0.0,0.0
IDP,2024-03-05,244.72,244.72,244.72,244.72,200,0.0,0.0
IDP,2024-03-06,244.72,244.72,244.72,244.72,0,0.0,0.0
IDP,2024-03-07,234.94,234.94,234.94,234.94,200,0.0,0.0
IDP,2024-03-08,234.94,234.94,234.94,234.94,0,0.0,0.0
IDP,2024-03-11,234.94,234.94,234.94,234.94,0,0.0,0.0
IDP,2024-03-12,234.94,234.94,234.94,234.94,0,0.0,0.0
IDP,2024-03-13,234.94,234.94,234.94,234.94,0,0.0,0.0
IDP,2024-03-14,230.04,249.62,230.04,249.62,5800,19.580000000000013,0.08511563206398892
IDP,2024-03-15,248.44,248.44,248.44,248.44,0,0.0,0.0
IDP,2024-03-18,247.66,247.66,247.66,247.66,100,0.0,0.0
IDP,2024-03-19,247.66,247.66,247.66,247.66,0,0.0,0.0
IDP,2024-03-20,247.66,247.66,247.66,247.66,0,0.0,0.0
IDP,2024-03-21,247.66,247.66,247.66,247.66,0,0.0,0.0
IDP,2024-03-22,247.66,247.66,247.66,247.66,0,0.0,0.0
IDP,2024-03-25,247.66,247.66,247.66,247.66,0,0.0,0.0
IDP,2024-03-26,247.66,247.66,247.66,247.66,0,0.0,0.0
IDP,2024-03-27,247.66,247.66,247.66,247.66,0,0.0,0.0
IDP,2024-03-28,247.66,247.66,247.66,247.66,0,0.0,0.0
IDP,2024-03-29,247.66,247.66,247.66,247.66,0,0.0,0.0
IDP,2024-04-01,236.89,236.89,236.89,236.89,100,0.0,0.0
IDP,2024-04-02,239.83,239.83,239.83,239.83,600,0.0,0.0
IDP,2024-04-03,239.83,239.83,239.83,239.83,100,0.0,0.0
IDP,2024-04-04,239.83,239.83,239.83,239.83,0,0.0,0.0
IDP,2024-04-05,239.83,239.83,239.83,239.83,0,0.0,0.0
IDP,2024-04-08,244.72,244.72,242.77,242.77,200,1.9499999999999886,-0.007968290290944707
IDP,2024-04-09,243.75,243.75,243.75,243.75,0,0.0,0.0
IDP,2024-04-10,243.75,243.75,243.75,243.75,0,0.0,0.0
IDP,2024-04-11,243.75,243.75,243.75,243.75,0,0.0,0.0
IDP,2024-04-12,243.75,243.75,243.75,243.75,0,0.0,0.0
IDP,2024-04-15,243.75,243.75,243.75,243.75,0,0.0,0.0
IDP,2024-04-16,243.75,243.75,243.75,243.75,0,0.0,0.0
IDP,2024-04-17,243.75,243.75,243.75,243.75,0,0.0,0.0
IDP,2024-04-19,243.75,243.75,243.75,243.75,0,0.0,0.0
IDP,2024-04-22,243.75,243.75,243.75,243.75,0,0.0,0.0
IDP,2024-04-23,239.83,239.83,239.83,239.83,100,0.0,0.0
IDP,2024-04-24,239.83,239.83,239.83,239.83,0,0.0,0.0
IDP,2024-04-25,239.83,239.83,239.83,239.83,0,0.0,0.0
IDP,2024-04-26,239.83,239.83,239.83,239.83,0,0.0,0.0
IDP,2024-05-02,239.83,239.83,239.83,239.83,0,0.0,0.0
IDP,2024-05-03,239.83,239.83,239.83,239.83,0,0.0,0.0
IDP,2024-05-06,239.83,239.83,239.83,239.83,0,0.0,0.0
IDP,2024-05-07,239.83,239.83,239.83,239.83,0,0.0,0.0
IDP,2024-05-08,239.83,239.83,239.83,239.83,0,0.0,0.0
IDP,2024-05-09,239.83,239.83,239.83,239.83,0,0.0,0.0
IDP,2024-05-10,239.83,239.83,239.83,239.83,0,0.0,0.0
IDP,2024-05-13,239.83,239.83,239.83,239.83,0,0.0,0.0
IDP,2024-05-14,239.83,239.83,239.83,239.83,100,0.0,0.0
IDP,2024-05-15,239.83,239.83,239.83,239.83,0,0.0,0.0
IDP,2024-05-16,239.83,239.83,239.83,239.83,0,0.0,0.0
IDP,2024-05-17,239.83,239.83,239.83,239.83,0,0.0,0.0
IDP,2024-05-20,239.83,239.83,239.83,239.83,0,0.0,0.0
IDP,2024-05-21,239.83,239.83,239.83,239.83,0,0.0,0.0
IDP,2024-05-22,244.24,244.24,244.24,244.24,100,0.0,0.0
IDP,2024-05-23,244.24,244.24,244.24,244.24,0,0.0,0.0
IDP,2024-05-24,244.24,244.24,244.24,244.24,0,0.0,0.0
IDP,2024-05-27,244.24,244.24,244.24,244.24,0,0.0,0.0
IDP,2024-05-28,244.24,244.24,244.24,244.24,0,0.0,0.0
IDP,2024-05-29,244.24,244.24,244.24,244.24,0,0.0,0.0
IDP,2024-05-30,244.24,244.24,244.24,244.24,0,0.0,0.0
IDP,2024-05-31,244.24,244.24,244.24,244.24,0,0.0,0.0
IDP,2024-06-03,244.24,244.24,244.24,244.24,0,0.0,0.0
IDP,2024-06-04,244.24,244.24,244.24,244.24,0,0.0,0.0
IDP,2024-06-05,244.24,244.24,244.24,244.24,0,0.0,0.0
IDP,2024-06-06,244.24,244.24,244.24,244.24,0,0.0,0.0
IDP,2024-06-07,244.24,244.24,244.24,244.24,0,0.0,0.0
IDP,2024-06-10,244.24,244.24,244.24,244.24,0,0.0,0.0
IDP,2024-06-11,244.24,244.24,244.24,244.24,100,0.0,0.0
IDP,2024-06-12,215.36,215.36,215.36,215.36,300,0.0,0.0
IDP,2024-06-13,215.36,215.36,215.36,215.36,0,0.0,0.0
IDP,2024-06-14,215.36,215.36,215.36,215.36,0,0.0,0.0
IDP,2024-06-17,215.36,215.36,215.36,215.36,0,0.0,0.0
IDP,2024-06-18,215.36,215.36,215.36,215.36,0,0.0,0.0
IDP,2024-06-19,215.36,215.36,215.36,215.36,0,0.0,0.0
IDP,2024-06-20,234.84,234.94,234.84,234.94,200,0.09999999999999432,0.00042582183614373325
IDP,2024-06-21,244.72,270.18,244.72,270.18,200,25.460000000000008,0.10403726708074537
IDP,2024-06-24,244.72,244.72,244.72,244.72,200,0.0,0.0
IDP,2024-06-25,244.72,244.72,244.72,244.72,0,0.0,0.0
IDP,2024-06-26,243.75,244.72,242.77,244.72,300,1.9499999999999886,0.0039794871794871746
IDP,2024-06-27,243.75,243.75,243.75,243.75,0,0.0,0.0
IDP,2024-06-28,243.75,243.75,243.75,243.75,0,0.0,0.0
IDP,2024-07-01,244.72,244.72,244.72,244.72,100,0.0,0.0
IDP,2024-07-02,244.72,249.62,244.72,249.62,200,4.900000000000006,0.02002288329519453
IDP,2024-07-03,247.17,247.17,247.17,247.17,0,0.0,0.0
IDP,2024-07-04,234.94,234.94,234.94,234.94,1000,0.0,0.0
IDP,2024-07-05,264.3,269.2,245.21,245.21,6800,23.98999999999998,-0.07222852818766554
IDP,2024-07-08,244.72,258.43,244.72,258.43,1100,13.710000000000008,0.0560232101994116
IDP,2024-07-09,260.39,260.39,260.39,260.39,100,0.0,0.0
IDP,2024-07-10,268.22,268.22,268.22,268.22,300,0.0,0.0
IDP,2024-07-11,268.22,269.2,268.22,268.22,900,0.9799999999999613,0.0
IDP,2024-07-12,268.9,268.9,268.9,268.9,0,0.0,0.0
IDP,2024-07-15,252.56,252.56,252.56,252.56,1000,0.0,0.0
IDP,2024-07-16,267.24,268.22,267.24,267.24,800,0.9800000000000182,0.0
IDP,2024-07-17,249.62,249.62,249.62,249.62,2000,0.0,0.0
IDP,2024-07-18,254.51,254.51,254.51,254.51,1000,0.0,0.0
IDP,2024-07-19,249.62,249.62,249.62,249.62,1000,0.0,0.0
IDP,2024-07-22,249.62,249.62,249.62,249.62,0,0.0,0.0
IDP,2024-07-23,249.62,249.62,249.62,249.62,0,0.0,0.0
IDP,2024-07-24,244.72,244.72,244.72,244.72,1200,0.0,0.0
IDP,2024-07-25,244.72,244.72,244.72,244.72,0,0.0,0.0
IDP,2024-07-26,244.72,244.72,244.72,244.72,0,0.0,0.0
IDP,2024-07-29,244.72,244.72,244.72,244.72,0,0.0,0.0
IDP,2024-07-30,244.72,244.72,244.72,244.72,0,0.0,0.0
IDP,2024-07-31,244.72,244.72,244.72,244.72,0,0.0,0.0
IDP,2024-08-01,244.72,244.72,244.72,244.72,1100,0.0,0.0
IDP,2024-08-02,244.72,244.72,244.72,244.72,0,0.0,0.0
IDP,2024-08-05,250.6,250.6,250.6,250.6,100,0.0,0.0
IDP,2024-08-06,244.72,244.72,244.72,244.72,3800,0.0,0.0
IDP,2024-08-07,244.72,244.72,244.72,244.72,0,0.0,0.0
IDP,2024-08-08,244.72,244.72,244.72,244.72,0,0.0,0.0
IDP,2024-08-09,244.72,244.72,244.72,244.72,0,0.0,0.0
IDP,2024-08-12,244.72,244.72,244.72,244.72,0,0.0,0.0
IDP,2024-08-13,244.72,244.72,244.72,244.72,0,0.0,0.0
IDP,2024-08-14,254.51,259.41,254.51,259.41,1000,4.900000000000034,0.019252681623511982
IDP,2024-08-15,256.96,256.96,256.96,256.96,0,0.0,0.0
IDP,2024-08-16,244.72,244.72,244.72,244.72,600,0.0,0.0
IDP,2024-08-19,244.72,244.72,244.72,244.72,1000,0.0,0.0
IDP,2024-08-20,244.72,244.72,244.72,244.72,500,0.0,0.0
IDP,2024-08-21,254.51,254.51,254.51,254.51,1000,0.0,0.0
IDP,2024-08-22,254.51,254.51,254.51,254.51,0,0.0,0.0
IDP,2024-08-23,259.41,264.3,259.41,264.3,1000,4.889999999999986,0.01885046837053308
IDP,2024-08-26,261.86,261.86,261.86,261.86,0,0.0,0.0
IDP,2024-08-27,264.3,264.3,264.3,264.3,1200,0.0,0.0
IDP,2024-08-28,264.3,264.3,264.3,264.3,0,0.0,0.0
IDP,2024-08-29,264.3,267.24,264.3,267.24,5200,2.9399999999999977,0.011123723041997722
IDP,2024-08-30,264.3,267.24,264.3,267.24,600,2.9399999999999977,0.011123723041997722
IDP,2024-09-04,259.51,259.51,259.51,259.51,1200,0.0,0.0
IDP,2024-09-05,261.37,261.37,261.37,261.37,200,0.0,0.0
IDP,2024-09-06,261.37,261.37,261.37,261.37,0,0.0,0.0
IDP,2024-09-09,261.37,261.37,259.41,259.41,1700,1.9599999999999795,-0.007498947851704402
IDP,2024-09-10,259.41,259.41,254.51,254.51,1800,4.900000000000034,-0.018889017385605927
IDP,2024-09-11,259.41,259.41,259.41,259.41,200,0.0,0.0
IDP,2024-09-12,259.41,259.41,259.41,259.41,0,0.0,0.0
IDP,2024-09-13,259.41,259.41,259.41,259.41,0,0.0,0.0
IDP,2024-09-16,259.41,259.41,259.41,259.41,0,0.0,0.0
IDP,2024-09-17,255.0,259.41,255.0,255.49,3100,4.410000000000025,0.001921568627451016
IDP,2024-09-18,256.47,256.47,256.47,256.47,0,0.0,0.0
IDP,2024-09-19,256.47,256.47,256.47,256.47,0,0.0,0.0
IDP,2024-09-20,263.32,263.32,244.72,244.72,4200,18.599999999999994,-0.07063648792343914
IDP,2024-09-23,239.83,239.83,239.83,239.83,100,0.0,0.0
IDP,2024-09-24,239.83,239.83,239.83,239.83,0,0.0,0.0
IDP,2024-09-25,239.83,239.83,239.83,239.83,0,0.0,0.0
IDP,2024-09-26,239.83,239.83,239.83,239.83,0,0.0,0.0
IDP,2024-09-27,239.83,239.83,239.83,239.83,0,0.0,0.0
IDP,2024-09-30,239.83,239.83,239.83,239.83,0,0.0,0.0
IDP,2024-10-01,239.83,239.83,239.83,239.83,0,0.0,0.0
IDP,2024-10-02,239.83,239.83,239.83,239.83,0,0.0,0.0
IDP,2024-10-03,239.83,239.83,239.83,239.83,0,0.0,0.0
IDP,2024-10-04,239.83,239.83,239.83,239.83,0,0.0,0.0
IDP,2024-10-07,239.83,239.83,239.83,239.83,0,0.0,0.0
IDP,2024-10-08,239.83,239.83,239.83,239.83,0,0.0,0.0
IDP,2024-10-09,230.04,230.04,225.15,225.15,1000,4.889999999999986,-0.02125717266562331
IDP,2024-10-10,227.59,227.59,227.59,227.59,0,0.0,0.0
IDP,2024-10-11,227.59,227.59,227.59,227.59,0,0.0,0.0
IDP,2024-10-14,227.59,227.59,227.59,227.59,0,0.0,0.0
IDP,2024-10-15,227.59,227.59,227.59,227.59,0,0.0,0.0
IDP,2024-10-16,227.59,227.59,227.59,227.59,0,0.0,0.0
IDP,2024-10-17,244.82,244.82,244.82,244.82,700,0.0,0.0
IDP,2024-10-18,244.82,244.82,244.82,244.82,0,0.0,0.0
IDP,2024-10-21,244.82,244.82,244.82,244.82,0,0.0,0.0
IDP,2024-10-22,244.82,244.82,244.82,244.82,0,0.0,0.0
IDP,2024-10-23,244.82,244.82,244.82,244.82,0,0.0,0.0
IDP,2024-10-24,244.82,244.82,244.82,244.82,0,0.0,0.0
IDP,2024-10-25,244.82,244.82,244.82,244.82,0,0.0,0.0
IDP,2024-10-28,244.82,244.82,244.82,244.82,0,0.0,0.0
IDP,2024-10-29,244.82,244.82,244.82,244.82,0,0.0,0.0
IDP,2024-10-30,244.82,244.82,244.82,244.82,0,0.0,0.0
IDP,2024-10-31,244.82,244.82,244.82,244.82,100,0.0,0.0
IDP,2024-11-01,244.82,244.82,244.82,244.82,0,0.0,0.0
IDP,2024-11-04,244.82,244.82,244.82,244.82,0,0.0,0.0
IDP,2024-11-05,244.82,244.82,244.82,244.82,0,0.0,0.0
IDP,2024-11-06,244.82,244.82,244.82,244.82,0,0.0,0.0
IDP,2024-11-07,244.82,244.82,244.82,244.82,0,0.0,0.0
IDP,2024-11-08,244.82,244.82,244.82,244.82,0,0.0,0.0
IDP,2024-11-11,244.82,244.82,244.82,244.82,0,0.0,0.0
IDP,2024-11-12,239.83,244.72,239.83,244.72,1500,4.889999999999986,0.02038944252178621
IDP,2024-11-13,241.49,241.49,241.49,241.49,0,0.0,0.0
IDP,2024-11-14,241.49,241.49,241.49,241.49,0,0.0,0.0
IDP,2024-11-15,244.63,244.63,244.63,244.63,100,0.0,0.0
IDP,2024-11-18,244.72,246.68,244.72,244.72,3800,1.960000000000008,0.0
IDP,2024-11-19,248.64,248.64,241.79,245.7,2800,6.849999999999994,-0.011824324324324316
IDP,2024-11-20,245.7,245.7,225.15,234.94,4800,20.549999999999983,-0.04379324379324376
IDP,2024-11-21,244.24,244.24,244.24,244.24,2000,0.0,0.0
IDP,2024-11-22,244.24,244.24,244.24,244.24,0,0.0,0.0
IDP,2024-11-25,230.04,230.04,225.15,225.24,6200,4.889999999999986,-0.02086593635889403
IDP,2024-11-26,225.34,225.34,225.34,225.34,0,0.0,0.0
IDP,2024-11-27,230.04,230.04,225.34,230.04,400,4.699999999999989,0.0
IDP,2024-11-28,229.06,230.04,229.06,230.04,400,0.9799999999999898,0.004278355016152928
IDP,2024-11-29,230.04,230.04,229.06,229.06,300,0.9799999999999898,-0.004260128673274169
IDP,2024-12-02,230.04,230.04,225.15,225.15,1000,4.889999999999986,-0.02125717266562331
IDP,2024-12-03,230.04,230.04,230.04,230.04,1200,0.0,0.0
IDP,2024-12-04,230.04,230.04,230.04,230.04,1200,0.0,0.0
IDP,2024-12-05,230.04,230.04,230.04,230.04,0,0.0,0.0
IDP,2024-12-06,234.94,234.94,232.98,232.98,800,1.960000000000008,-0.00834255554609691
IDP,2024-12-09,230.04,234.94,230.04,234.94,1100,4.900000000000006,0.02130064336637109
IDP,2024-12-10,232.98,232.98,232.98,232.98,100,0.0,0.0
IDP,2024-12-11,232.98,232.98,232.98,232.98,0,0.0,0.0
IDP,2024-12-12,232.98,232.98,232.98,232.98,0,0.0,0.0
IDP,2024-12-13,232.98,232.98,232.98,232.98,0,0.0,0.0
IDP,2024-12-16,232.98,232.98,232.98,232.98,0,0.0,0.0
IDP,2024-12-17,234.94,234.94,234.94,234.94,600,0.0,0.0
IDP,2024-12-18,234.94,234.94,234.94,234.94,0,0.0,0.0
IDP,2024-12-19,234.94,234.94,234.94,234.94,300,0.0,0.0
IDP,2024-12-20,234.94,234.94,234.94,234.94,0,0.0,0.0
IDP,2024-12-23,234.94,234.94,234.94,234.94,0,0.0,0.0
IDP,2024-12-24,234.94,234.94,234.94,234.94,0,0.0,0.0
IDP,2024-12-25,234.94,234.94,234.94,234.94,200,0.0,0.0
IDP,2024-12-26,234.94,235.91,234.94,234.94,1200,0.9699999999999989,0.0
IDP,2024-12-27,234.94,234.94,234.94,234.94,300,0.0,0.0
IDP,2024-12-30,234.94,234.94,234.94,234.94,500,0.0,0.0
IDP,2024-12-31,234.45,234.45,234.45,234.45,100,0.0,0.0
MCM,2020-12-18,31.74,31.74,31.74,31.74,100,0.0,0.0
MCM,2020-12-21,36.5,36.5,36.5,36.5,108,0.0,0.0
MCM,2020-12-22,41.94,41.94,41.94,41.94,100,0.0,0.0
MCM,2020-12-23,48.21,48.21,48.21,48.21,900,0.0,0.0
MCM,2020-12-24,55.39,55.39,55.39,55.39,204500,0.0,0.0
MCM,2020-12-25,63.62,63.62,55.92,60.45,730732,7.699999999999996,-0.0498270983967305
MCM,2020-12-28,62.75,62.75,59.53,61.1,99383,3.219999999999999,-0.02629482071713145
MCM,2020-12-29,60.94,61.65,59.22,59.53,150154,2.4299999999999997,-0.023137512307187344
MCM,2020-12-30,57.18,58.75,56.56,57.03,222102,2.1899999999999977,-0.002623294858342053
MCM,2020-12-31,57.03,57.03,55.77,56.56,254954,1.259999999999998,-0.00824127652112921
MCM,2021-01-04,56.56,58.91,56.56,58.44,160423,2.3499999999999943,0.03323903818953316
MCM,2021-01-05,57.81,58.36,57.5,57.89,92603,0.8599999999999994,0.0013838436256702698
MCM,2021-01-06,57.97,57.97,57.42,57.5,105405,0.5499999999999972,-0.008107641883732947
MCM,2021-01-07,57.73,57.81,48.96,57.18,114900,8.850000000000001,-0.00952710895548237
MCM,2021-01-08,57.03,57.11,56.64,56.79,97620,0.46999999999999886,-0.004208311415044748
MCM,2021-01-11,56.4,56.79,56.01,56.09,88450,0.7800000000000011,-0.005496453900709134
MCM,2021-01-12,56.09,57.97,56.09,57.18,126950,1.8799999999999955,0.01943305402032441
MCM,2021-01-13,57.97,60.32,57.58,59.3,394260,2.740000000000002,0.022942901500776235
MCM,2021-01-14,59.38,60.71,58.36,60.32,214730,2.3500000000000014,0.01583024587403162
MCM,2021-01-15,60.24,60.79,60.0,60.71,251852,0.7899999999999991,0.007802124833997325
MCM,2021-01-18,61.1,61.1,59.14,60.71,178150,1.9600000000000009,-0.0063829787234042645
MCM,2021-01-19,59.53,60.47,57.18,59.14,209297,3.289999999999999,-0.006551318662859072
MCM,2021-01-20,59.14,59.85,57.58,58.75,170110,2.270000000000003,-0.006594521474467375
MCM,2021-01-21,59.38,60.71,58.36,60.4,220006,2.3500000000000014,0.017177500842034288
MCM,2021-01-22,60.32,60.71,59.93,60.32,148829,0.7800000000000011,0.0
MCM,2021-01-25,60.55,60.55,57.97,58.83,133600,2.5799999999999983,-0.02840627580511972
MCM,2021-01-26,59.06,59.06,57.58,57.97,182110,1.480000000000004,-0.018455807653234055
MCM,2021-01-27,57.26,57.58,55.23,57.18,128700,2.3500000000000014,-0.00139713587146347
MCM,2021-01-28,56.4,56.79,49.04,50.92,370075,7.75,-0.09716312056737583
MCM,2021-01-29,49.27,56.01,48.96,54.83,70800,7.049999999999997,0.11284757458899929
MCM,2021-02-01,56.4,56.4,53.27,54.05,48861,3.1299999999999955,-0.04166666666666669
MCM,2021-02-02,53.89,54.83,53.89,54.83,105900,0.9399999999999977,0.017442939320838704
MCM,2021-02-03,56.01,56.01,54.83,55.3,22700,1.1799999999999997,-0.012676307802178198
MCM,2021-02-04,55.62,55.77,53.89,54.44,67200,1.8800000000000026,-0.02121539014742898
MCM,2021-02-05,54.29,54.83,54.05,54.83,35500,0.7800000000000011,0.009946583164486999
MCM,2021-02-08,54.83,54.83,53.74,54.05,46090,1.0899999999999963,-0.014225788801750888
MCM,2021-02-09,54.44,54.44,52.95,54.05,73200,1.4899999999999949,-0.00716385011021309
MCM,2021-02-17,54.05,54.83,54.05,54.83,28700,0.7800000000000011,0.01443108233117486
MCM,2021-02-18,54.83,54.83,54.29,54.52,34806,0.5399999999999991,-0.005653839139157308
MCM,2021-02-19,54.83,54.83,53.74,54.05,45800,1.0899999999999963,-0.014225788801750888
MCM,2021-02-22,54.05,54.44,53.42,54.13,49630,1.019999999999996,0.0014801110083257243
MCM,2021-02-23,54.13,54.68,53.42,54.68,43106,1.259999999999998,0.010160724182523501
MCM,2021-02-24,54.05,54.21,53.66,53.74,34400,0.5500000000000043,-0.005735430157261706
MCM,2021-02-25,53.42,53.97,53.35,53.89,10800,0.6199999999999974,0.008798202920254565
MCM,2021-02-26,53.58,54.05,53.58,53.58,41600,0.46999999999999886,0.0
MCM,2021-03-01,53.97,54.44,53.74,54.13,56340,0.6999999999999957,0.0029646099685010875
MCM,2021-03-02,54.6,55.54,54.6,55.54,84257,0.9399999999999977,0.017216117216117172
MCM,2021-03-03,55.54,55.62,54.83,55.3,17600,0.7899999999999991,-0.0043212099387828955
MCM,2021-03-04,54.83,55.23,54.05,54.36,39100,1.1799999999999997,-0.00857194966259345
MCM,2021-03-05,53.97,54.36,53.42,53.97,31300,0.9399999999999977,0.0
MCM,2021-03-08,54.05,55.46,53.89,55.23,77500,1.5700000000000003,0.021831637372802956
MCM,2021-03-09,54.68,55.23,54.05,54.68,60400,1.1799999999999997,0.0
MCM,2021-03-10,54.6,55.15,54.05,54.13,46500,1.1000000000000014,-0.008608058608058586
MCM,2021-03-11,54.68,54.68,54.05,54.36,78400,0.6300000000000026,-0.005852231163130949
MCM,2021-03-12,54.44,54.44,54.05,54.44,56316,0.39000000000000057,0.0
MCM,2021-03-15,54.21,54.21,53.66,53.97,67300,0.5500000000000043,-0.00442722744881022
MCM,2021-03-16,53.97,54.05,53.66,54.05,45900,0.39000000000000057,0.001482304984250478
MCM,2021-03-17,54.76,54.76,53.82,53.82,12900,0.9399999999999977,-0.01716581446311172
MCM,2021-03-18,53.97,54.44,53.82,53.89,11205,0.6199999999999974,-0.001482304984250478
MCM,2021-03-19,53.74,54.05,53.5,53.89,38700,0.5499999999999972,0.002791216970599155
MCM,2021-03-22,54.05,54.05,53.11,53.27,230881,0.9399999999999977,-0.014431082331174728
MCM,2021-03-23,53.66,53.66,53.27,53.5,50600,0.38999999999999346,-0.0029817368617218896
MCM,2021-03-24,53.42,53.42,53.19,53.35,51783,0.23000000000000398,-0.001310370647697497
MCM,2021-03-25,53.27,53.27,52.09,52.25,70800,1.1799999999999997,-0.019147737938802385
MCM,2021-03-26,52.41,52.41,51.7,52.09,20590,0.7099999999999937,-0.006105705018126182
MCM,2021-03-29,52.48,53.66,51.7,51.94,51200,1.9599999999999937,-0.010289634146341448
MCM,2021-03-30,51.94,52.09,50.53,50.92,37600,1.5600000000000023,-0.01963804389680393
MCM,2021-03-31,51.23,51.23,49.74,49.82,59011,1.4899999999999949,-0.02752293577981645
MCM,2021-04-01,50.92,51.7,49.98,50.92,40932,1.720000000000006,0.0
MCM,2021-04-02,50.68,50.92,50.29,50.92,30460,0.6300000000000026,0.00473559589581693
MCM,2021-04-05,50.92,50.92,50.68,50.92,8530,0.240000000000002,0.0
MCM,2021-04-06,50.76,50.76,50.13,50.29,19500,0.6299999999999955,-0.009259259259259238
MCM,2021-04-07,50.92,50.92,50.13,50.13,32330,0.7899999999999991,-0.015514532600157092
MCM,2021-04-08,50.13,50.13,49.98,50.06,56500,0.15000000000000568,-0.0013963694394574164
MCM,2021-04-09,49.74,49.74,48.57,49.04,65614,1.1700000000000017,-0.014073180538801825
MCM,2021-04-12,49.12,49.12,48.02,48.02,53663,1.0999999999999943,-0.022394136807817475
MCM,2021-04-13,48.02,48.57,47.86,48.18,26570,0.7100000000000009,0.0033319450229070506
MCM,2021-04-14,48.33,48.33,47.0,47.78,32260,1.3299999999999983,-0.011380095178977803
MCM,2021-04-15,47.78,47.78,46.92,47.16,42212,0.8599999999999994,-0.012976140644621275
MCM,2021-04-16,46.92,46.92,45.98,46.06,72736,0.9400000000000048,-0.018329070758738266
MCM,2021-04-19,46.06,46.06,42.3,43.71,128205,3.760000000000005,-0.051020408163265335
MCM,2021-04-20,43.87,43.87,42.61,43.16,118899,1.259999999999998,-0.01618418053339414
MCM,2021-04-22,43.08,43.08,41.36,41.36,108663,1.7199999999999989,-0.03992571959145773
MCM,2021-04-23,41.36,41.44,39.17,40.11,273463,2.269999999999996,-0.030222437137330756
MCM,2021-04-26,40.19,43.87,40.19,41.91,145010,3.6799999999999997,0.04279671560089572
MCM,2021-04-27,41.99,44.42,41.99,44.26,156670,2.4299999999999997,0.05406049059299824
MCM,2021-04-28,44.26,44.26,43.79,44.18,76689,0.46999999999999886,-0.0018075011296881675
MCM,2021-04-29,44.18,44.26,42.69,44.26,79634,1.5700000000000003,0.0018107741059302466
MCM,2021-05-04,42.3,42.93,41.52,42.3,33900,1.4099999999999966,0.0
MCM,2021-05-05,43.48,43.71,42.69,43.63,51779,1.0200000000000031,0.00344986200551991
MCM,2021-05-06,43.87,43.87,42.69,43.01,38105,1.1799999999999997,-0.019603373603829483
MCM,2021-05-07,42.3,42.3,42.07,42.3,39665,0.22999999999999687,0.0
MCM,2021-05-10,41.83,41.91,41.13,41.6,60690,0.779999999999994,-0.005498446091321943
MCM,2021-05-11,41.6,41.91,41.36,41.75,22972,0.5499999999999972,0.0036057692307691963
MCM,2021-05-12,42.54,42.54,41.6,41.6,12174,0.9399999999999977,-0.022096850023507236
MCM,2021-05-13,41.67,41.91,41.13,41.52,44229,0.779999999999994,-0.0035997120230381228
MCM,2021-05-14,41.52,41.67,40.73,41.2,45850,0.9400000000000048,-0.007707129094412337
MCM,2021-05-17,41.28,41.83,41.28,41.52,63850,0.5499999999999972,0.005813953488372141
MCM,2021-05-18,41.52,41.52,41.2,41.36,75700,0.3200000000000003,-0.0038535645472062546
MCM,2021-05-19,41.36,41.36,40.73,41.28,28830,0.6300000000000026,-0.001934235976789127
MCM,2021-05-20,41.94,42.34,41.78,42.34,63025,0.5600000000000023,0.00953743443013843
MCM,2021-05-21,42.1,42.1,41.37,41.53,24237,0.730000000000004,-0.013539192399049887
MCM,2021-05-24,41.53,41.53,40.49,40.89,75750,1.0399999999999991,-0.015410546592824478
MCM,2021-05-25,41.13,41.13,40.57,40.65,36729,0.5600000000000023,-0.011670313639679162
MCM,2021-05-26,40.73,40.73,39.92,40.0,60230,0.8099999999999952,-0.017922906948195358
MCM,2021-05-27,39.84,39.84,38.87,38.95,55135,0.970000000000006,-0.022339357429718886
MCM,2021-05-28,39.12,42.66,39.12,39.52,50440,3.539999999999999,0.01022494887525577
MCM,2021-05-31,39.44,39.52,39.28,39.52,51605,0.240000000000002,0.002028397565923058
MCM,2021-06-01,39.52,41.86,39.52,39.92,12550,2.3399999999999963,0.010121457489878506
MCM,2021-06-02,39.92,40.32,39.12,40.08,51225,1.2000000000000028,0.004008016032064043
MCM,2021-06-03,40.32,41.13,40.24,40.32,49086,0.8900000000000006,0.0
MCM,2021-06-04,40.73,41.13,39.92,40.97,74115,1.2100000000000009,0.005892462558310877
MCM,2021-06-07,40.65,40.89,40.0,40.57,104700,0.8900000000000006,-0.00196801968019676
MCM,2021-06-08,40.0,40.57,39.92,40.0,46500,0.6499999999999986,0.0
MCM,2021-06-09,39.92,40.97,39.92,40.73,71705,1.0499999999999972,0.020290581162324527
MCM,2021-06-10,40.57,41.94,40.32,41.94,101617,1.6199999999999974,0.0337687946758688
MCM,2021-06-11,41.94,41.94,41.29,41.37,52760,0.6499999999999986,-0.013590844062947074
MCM,2021-06-14,41.78,42.74,41.78,42.1,35631,0.9600000000000009,0.007659167065581625
MCM,2021-06-15,42.18,42.66,41.53,41.62,45900,1.1299999999999955,-0.013276434329065962
MCM,2021-06-16,41.86,41.86,40.81,40.81,52355,1.0499999999999972,-0.02508361204013371
MCM,2021-06-17,40.73,41.45,40.73,41.45,12340,0.720000000000006,0.01767738767493263
MCM,2021-06-18,41.7,41.7,41.05,41.37,29813,0.6500000000000057,-0.00791366906474833
MCM,2021-06-21,40.89,41.78,40.89,41.45,41554,0.8900000000000006,0.013695280019564741
MCM,2021-06-22,41.37,41.53,41.13,41.37,27800,0.3999999999999986,0.0
MCM,2021-06-23,41.37,41.94,41.05,41.21,21640,0.8900000000000006,-0.003867536862460638
MCM,2021-06-24,41.13,41.13,40.32,40.41,52135,0.8100000000000023,-0.017505470459518745
MCM,2021-06-25,40.57,40.73,40.32,40.32,24655,0.4099999999999966,-0.0061621888094651215
MCM,2021-06-28,40.32,40.49,40.32,40.32,29400,0.1700000000000017,0.0
MCM,2021-06-29,40.32,40.73,40.32,40.41,25486,0.4099999999999966,0.0022321428571427655
MCM,2021-06-30,40.41,40.49,40.16,40.41,33647,0.3300000000000054,0.0
MCM,2021-07-01,40.41,40.73,40.32,40.65,31102,0.4099999999999966,0.005939123979213116
MCM,2021-07-02,40.65,40.81,40.49,40.49,18002,0.3200000000000003,-0.00393603936039352
MCM,2021-07-05,40.57,40.57,39.68,39.68,51400,0.8900000000000006,-0.021937392161695848
MCM,2021-07-06,39.92,40.08,39.12,39.12,39800,0.9600000000000009,-0.020040080160320748
MCM,2021-07-07,39.12,39.12,38.07,38.31,63110,1.0499999999999972,-0.020705521472392515
MCM,2021-07-08,39.2,39.2,38.31,38.47,12840,0.8900000000000006,-0.01862244897959194
MCM,2021-07-09,38.07,38.15,37.18,37.5,40992,0.9699999999999989,-0.014972419227738384
MCM,2021-07-12,37.1,37.1,33.87,35.49,77347,3.230000000000004,-0.04339622641509432
MCM,2021-07-13,35.89,37.74,35.89,36.21,16300,1.8500000000000014,0.008916132627472841
MCM,2021-07-14,36.45,36.45,35.81,35.89,14700,0.6400000000000006,-0.015363511659808017
MCM,2021-07-15,36.53,37.1,36.29,37.1,12510,0.8100000000000023,0.015603613468382158
MCM,2021-07-16,37.1,39.36,36.62,38.15,10673,2.740000000000002,0.02830188679245275
MCM,2021-07-19,37.91,37.91,34.76,36.78,21846,3.1499999999999986,-0.029807438670535362
MCM,2021-07-20,36.37,36.94,36.13,36.94,34400,0.8099999999999952,0.01567225735496289
MCM,2021-07-21,37.1,39.52,37.1,38.47,81200,2.4200000000000017,0.03692722371967648
MCM,2021-07-22,38.63,39.2,38.31,38.79,51383,0.8900000000000006,0.00414185865907317
MCM,2021-07-23,38.31,38.87,37.91,37.91,16119,0.9600000000000009,-0.01044113808405131
MCM,2021-07-26,37.5,38.39,37.1,37.66,47005,1.2899999999999991,0.004266666666666576
MCM,2021-07-27,37.58,42.74,37.58,38.31,10420,5.160000000000004,0.019425226184140606
MCM,2021-07-28,39.6,39.6,37.99,38.31,33100,1.6099999999999994,-0.03257575757575755
MCM,2021-07-29,39.03,39.03,38.07,38.39,11005,0.9600000000000009,-0.01639764283884193
MCM,2021-07-30,39.03,39.03,37.66,38.23,12297,1.3700000000000045,-0.020497053548552503
MCM,2021-08-02,39.03,39.03,37.91,38.23,30122,1.1200000000000045,-0.020497053548552503
MCM,2021-08-03,38.55,38.55,38.07,38.31,7655,0.4799999999999969,-0.006225680933852008
MCM,2021-08-04,38.15,38.15,37.82,37.99,20500,0.3299999999999983,-0.004193971166448141
MCM,2021-08-05,38.07,38.63,37.82,37.99,27210,0.8100000000000023,-0.002101392172314113
MCM,2021-08-06,38.07,39.12,38.07,38.71,62474,1.0499999999999972,0.01681113737851328
MCM,2021-08-09,38.71,39.52,38.71,39.44,47749,0.8100000000000023,0.01885817618186507
MCM,2021-08-10,40.32,40.32,38.71,40.08,79154,1.6099999999999994,-0.0059523809523810015
MCM,2021-08-11,40.08,41.45,39.52,41.29,156506,1.9299999999999997,0.030189620758483058
MCM,2021-08-12,40.73,41.7,40.73,41.53,116203,0.970000000000006,0.0196415418610362
MCM,2021-08-13,41.45,41.78,40.89,41.78,90420,0.8900000000000006,0.007961399276236387
MCM,2021-08-16,41.29,43.79,41.29,43.71,143526,2.5,0.058609832889319494
MCM,2021-08-17,43.79,45.41,43.79,45.16,128190,1.6199999999999974,0.03128568166247996
MCM,2021-08-18,44.76,45.16,42.91,44.03,76106,2.25,-0.016309204647006185
MCM,2021-08-19,44.36,44.36,43.47,43.95,44029,0.8900000000000006,-0.009242560865644648
MCM,2021-08-20,43.55,44.2,41.45,41.53,149810,2.75,-0.04638346727898958
MCM,2021-08-23,41.13,41.94,41.13,41.53,57070,0.8099999999999952,0.009725261366399186
MCM,2021-08-24,41.94,41.94,41.37,41.86,22400,0.5700000000000003,-0.001907486886027618
MCM,2021-08-25,41.86,43.39,41.7,43.15,47731,1.6899999999999977,0.030817009077878623
MCM,2021-08-26,43.15,43.55,42.34,42.66,19505,1.2099999999999937,-0.011355735805330289
MCM,2021-08-27,42.66,43.95,42.5,43.95,98500,1.4500000000000028,0.030239099859353174
MCM,2021-08-30,44.12,44.2,43.55,43.95,37014,0.6500000000000057,-0.003853127833182108
MCM,2021-08-31,43.71,44.36,43.47,44.2,63837,0.8900000000000006,0.011210249370853397
MCM,2021-09-01,44.2,44.2,43.55,43.79,25012,0.6500000000000057,-0.009276018099547595
MCM,2021-09-06,43.79,43.79,43.15,43.39,33603,0.6400000000000006,-0.009134505594884644
MCM,2021-09-07,42.99,43.31,42.18,42.66,43625,1.1300000000000026,-0.007676203768318339
MCM,2021-09-08,44.28,44.28,42.74,43.31,34621,1.5399999999999991,-0.021906052393857244
MCM,2021-09-09,43.39,43.47,42.74,43.15,38341,0.7299999999999969,-0.0055312283936391335
MCM,2021-09-10,43.79,43.79,42.99,43.15,14900,0.7999999999999972,-0.014615208951815496
MCM,2021-09-13,43.15,45.57,43.07,44.92,112018,2.5,0.04101969872537667
MCM,2021-09-14,45.24,47.34,45.16,47.02,170646,2.180000000000007,0.03934571175950489
MCM,2021-09-15,47.18,49.6,47.18,48.79,215496,2.4200000000000017,0.03412462908011868
MCM,2021-09-16,49.6,49.6,47.99,48.39,201806,1.6099999999999994,-0.024395161290322598
MCM,2021-09-17,48.39,48.39,46.86,48.23,138390,1.5300000000000011,-0.003306468278570029
MCM,2021-09-20,48.39,48.39,47.18,47.42,86654,1.2100000000000009,-0.02004546393883031
MCM,2021-09-21,47.18,47.18,46.05,46.78,78052,1.1300000000000026,-0.00847816871555741
MCM,2021-09-22,46.78,48.95,46.78,48.39,264725,2.1700000000000017,0.034416417272338594
MCM,2021-09-23,48.79,48.79,47.91,47.91,126704,0.8800000000000026,-0.018036482885837316
MCM,2021-09-24,47.99,48.39,47.83,47.99,42116,0.5600000000000023,0.0
MCM,2021-09-27,47.99,47.99,46.78,47.18,79501,1.2100000000000009,-0.016878516357574543
MCM,2021-09-28,45.57,48.47,45.57,47.99,103300,2.8999999999999986,0.05310511301294715
MCM,2021-09-29,47.99,48.55,45.81,48.47,143425,2.739999999999995,0.010002083767451486
MCM,2021-09-30,48.63,50.73,48.55,50.73,366419,2.1799999999999997,0.04318322023442308
MCM,2021-10-01,50.49,53.23,50.49,52.1,238118,2.739999999999995,0.03188750247573776
MCM,2021-10-04,53.23,55.25,52.83,54.76,607162,2.4200000000000017,0.028743189930490347
MCM,2021-10-05,54.76,54.76,52.66,53.23,405110,2.1000000000000014,-0.02794010226442661
MCM,2021-10-06,53.23,53.63,52.83,52.99,161349,0.8000000000000043,-0.004508735675370935
MCM,2021-10-07,53.15,54.84,52.74,54.44,236520,2.1000000000000014,0.024270931326434604
MCM,2021-10-08,54.44,55.08,54.28,54.76,333006,0.7999999999999972,0.005878030859662019
MCM,2021-10-11,55.0,56.62,55.0,55.65,370594,1.6199999999999974,0.011818181818181792
MCM,2021-10-12,55.65,56.05,55.41,55.49,242044,0.6400000000000006,-0.002875112309074512
MCM,2021-10-13,55.65,55.65,54.84,55.08,115000,0.8099999999999952,-0.010242587601078173
MCM,2021-10-14,55.08,55.65,54.92,55.0,102650,0.7299999999999969,-0.0014524328249818136
MCM,2021-10-15,55.0,55.41,54.84,55.25,139000,0.5699999999999932,0.004545454545454545
MCM,2021-10-18,55.65,55.65,54.84,55.16,132233,0.8099999999999952,-0.008805031446540917
MCM,2021-10-19,55.25,56.37,54.84,55.97,458050,1.529999999999994,0.013031674208144776
MCM,2021-10-20,56.29,56.29,55.57,55.81,228000,0.7199999999999989,-0.008527269497246347
MCM,2021-10-21,56.37,56.37,55.25,55.57,125518,1.1199999999999974,-0.014191946070604882
MCM,2021-10-22,55.41,55.41,54.36,54.6,201284,1.0499999999999972,-0.014618299945858062
MCM,2021-10-25,54.6,54.84,53.39,54.68,86767,1.4500000000000028,0.001465201465201434
MCM,2021-10-26,54.68,54.68,53.47,53.87,82996,1.2100000000000009,-0.014813460131675242
MCM,2021-10-27,53.79,53.87,53.31,53.71,138701,0.5599999999999952,-0.0014872652909462408
MCM,2021-10-28,53.71,54.44,52.1,52.34,241200,2.3399999999999963,-0.025507354310184274
MCM,2021-10-29,52.26,52.42,51.62,52.42,163846,0.8000000000000043,0.00306161500191358
MCM,2021-11-01,54.44,54.44,52.83,52.83,120096,1.6099999999999994,-0.029573842762674496
MCM,2021-11-02,53.47,53.47,52.58,52.74,97200,0.8900000000000006,-0.013652515429212584
MCM,2021-11-03,52.5,52.5,52.02,52.1,144243,0.4799999999999969,-0.007619047619047592
MCM,2021-11-04,52.42,52.42,51.7,52.26,114648,0.7199999999999989,-0.003052270125906213
MCM,2021-11-05,52.26,52.26,51.05,51.54,182300,1.2100000000000009,-0.01377726750861077
MCM,2021-11-08,51.62,51.62,50.65,51.05,139148,0.9699999999999989,-0.0110422316931422
MCM,2021-11-09,51.13,51.94,51.05,51.86,85015,0.8900000000000006,0.014277332290240502
MCM,2021-11-10,52.02,52.02,50.97,51.13,102376,1.0500000000000043,-0.01710880430603615
MCM,2021-11-11,51.21,51.45,50.16,50.16,114660,1.2900000000000063,-0.020503807850029376
MCM,2021-11-12,50.65,50.65,48.79,49.52,157321,1.8599999999999994,-0.022309970384994975
MCM,2021-11-15,49.2,49.28,48.47,49.04,189250,0.8100000000000023,-0.0032520325203252783
MCM,2021-11-16,49.04,51.62,48.55,50.41,129710,3.0700000000000003,0.02793637846655786
MCM,2021-11-17,50.08,51.21,50.08,50.81,50700,1.1300000000000026,0.01457667731629401
MCM,2021-11-18,50.81,50.81,49.2,49.68,68909,1.6099999999999994,-0.02223971659122225
MCM,2021-11-19,49.52,49.52,48.71,48.95,118511,0.8100000000000023,-0.011510500807754448
MCM,2021-11-22,48.87,48.87,47.91,48.15,212325,0.9600000000000009,-0.014732965009208081
MCM,2021-11-23,48.15,48.23,47.58,48.15,110400,0.6499999999999986,0.0
MCM,2021-11-24,50.0,51.13,48.55,49.12,47670,2.5800000000000054,-0.01760000000000005
MCM,2021-11-25,48.39,49.12,44.36,48.47,71473,4.759999999999998,0.001653234139284941
MCM,2021-11-26,48.07,48.79,48.07,48.63,51801,0.7199999999999989,0.011649677553567762
MCM,2021-11-29,49.05,49.62,48.39,49.29,93625,1.2299999999999969,0.00489296636085631
MCM,2021-11-30,49.21,49.62,48.8,49.54,83600,0.8200000000000003,0.006705954074375092
MCM,2021-12-01,50.69,50.69,48.97,49.21,67700,1.7199999999999989,-0.029197080291970743
MCM,2021-12-02,49.29,49.95,48.8,49.62,76200,1.1500000000000057,0.006695069993913538
MCM,2021-12-03,49.62,49.95,48.8,49.05,68582,1.1500000000000057,-0.01148730350665055
MCM,2021-12-06,49.05,49.21,48.39,48.47,83500,0.8200000000000003,-0.011824668705402617
MCM,2021-12-07,48.8,49.21,48.72,49.05,48400,0.490000000000002,0.005122950819672132
MCM,2021-12-08,49.05,49.05,48.8,48.8,49563,0.25,-0.0050968399592252805
MCM,2021-12-09,48.8,49.87,48.64,49.05,148318,1.2299999999999969,0.005122950819672132
MCM,2021-12-10,48.8,49.62,41.75,49.21,77901,7.869999999999997,0.008401639344262371
MCM,2021-12-13,49.21,49.21,48.39,49.13,63515,0.8200000000000003,-0.0016256858362121173
MCM,2021-12-14,49.13,49.21,48.64,49.21,100450,0.5700000000000003,0.0016283329940972582
MCM,2021-12-15,48.97,49.13,48.88,48.97,63125,0.25,0.0
MCM,2021-12-16,49.05,49.21,48.8,49.21,113320,0.4100000000000037,0.003261977573904255
MCM,2021-12-17,49.21,49.29,48.97,49.21,76459,0.3200000000000003,0.0
MCM,2021-12-20,49.21,49.21,48.8,49.13,45088,0.4100000000000037,-0.0016256858362121173
MCM,2021-12-21,48.97,48.97,48.72,48.8,32942,0.25,-0.00347151317132942
MCM,2021-12-22,48.56,48.88,48.06,48.06,74572,0.8200000000000003,-0.01029654036243822
MCM,2021-12-23,48.23,48.23,45.93,46.75,126005,2.299999999999997,-0.03068629483723817
MCM,2021-12-24,46.75,46.75,45.68,45.93,101451,1.0700000000000003,-0.017540106951871665
MCM,2021-12-27,46.18,46.75,45.11,45.27,112357,1.6400000000000006,-0.019705500216543884
MCM,2021-12-28,45.27,45.6,45.03,45.36,80550,0.5700000000000003,0.001988071570576459
MCM,2021-12-29,45.27,46.75,45.27,46.75,175000,1.4799999999999969,0.032692732493925264
MCM,2021-12-30,46.67,47.08,45.93,46.75,55900,1.1499999999999986,0.001714163274051817
MCM,2021-12-31,46.92,47.33,45.93,46.75,27700,1.3999999999999986,-0.0036231884057971375
MCM,2022-01-04,46.42,46.42,45.11,46.01,41700,1.3100000000000023,-0.00883239982766057
MCM,2022-01-05,45.77,45.77,45.19,45.19,42863,0.5800000000000054,-0.012672055931833195
MCM,2022-01-06,45.77,45.77,44.78,45.11,86425,0.990000000000002,-0.014419925715534273
MCM,2022-01-07,45.11,45.11,44.29,44.37,43300,0.8200000000000003,-0.016404344934604347
MCM,2022-01-10,45.77,45.77,43.96,44.54,62200,1.8100000000000023,-0.026873497924404716
MCM,2022-01-11,44.29,44.45,43.96,44.45,31747,0.490000000000002,0.0036125536238429375
MCM,2022-01-12,44.29,45.11,44.29,44.95,117900,0.8200000000000003,0.014901783698351856
MCM,2022-01-13,44.29,44.86,43.47,44.29,77312,1.3900000000000006,0.0
MCM,2022-01-14,44.29,44.78,44.21,44.21,48109,0.5700000000000003,-0.0018062768119213885
MCM,2022-01-17,44.21,44.78,43.47,43.88,88400,1.3100000000000023,-0.007464374575887769
MCM,2022-01-18,44.21,44.29,43.47,44.13,74810,0.8200000000000003,-0.0018095453517303392
MCM,2022-01-19,43.88,44.13,43.47,43.96,27400,0.6600000000000037,0.0018231540565177367
MCM,2022-01-20,43.55,45.11,43.55,45.11,50800,1.5600000000000023,0.03582089552238812
MCM,2022-01-21,45.11,45.11,43.47,44.7,29909,1.6400000000000006,-0.009088893815118524
MCM,2022-01-24,44.04,44.04,43.55,43.55,56000,0.490000000000002,-0.011126248864668528
MCM,2022-01-25,44.95,44.95,43.47,44.13,41680,1.480000000000004,-0.018242491657397112
MCM,2022-01-26,44.29,44.29,43.63,43.8,13500,0.6599999999999966,-0.011063445473018785
MCM,2022-01-27,45.11,45.11,43.63,43.8,16472,1.4799999999999969,-0.029040124140988745
MCM,2022-01-28,43.8,44.13,43.47,44.13,32581,0.6600000000000037,0.007534246575342589
MCM,2022-02-07,43.88,44.37,43.88,43.96,18000,0.4899999999999949,0.0018231540565177367
MCM,2022-02-08,44.13,44.37,43.47,44.04,44752,0.8999999999999986,-0.0020394289598913077
MCM,2022-02-09,44.13,44.29,43.96,44.29,9800,0.3299999999999983,0.003625651484250999
MCM,2022-02-10,44.21,44.62,44.21,44.62,21500,0.4099999999999966,0.00927391992761811
MCM,2022-02-11,44.29,45.11,44.29,44.95,34960,0.8200000000000003,0.014901783698351856
MCM,2022-02-14,44.78,45.27,44.04,44.29,38900,1.230000000000004,-0.010942384993300625
MCM,2022-02-15,44.95,44.95,43.96,44.13,17291,0.990000000000002,-0.018242491657397112
MCM,2022-02-16,44.54,44.54,44.04,44.13,24800,0.5,-0.009205208801077606
MCM,2022-02-17,44.54,44.54,44.13,44.29,72500,0.4099999999999966,-0.005612932195779075
MCM,2022-02-18,44.29,47.16,44.29,46.75,122460,2.8699999999999974,0.0555430119665839
MCM,2022-02-21,46.67,47.49,45.6,46.83,47900,1.8900000000000006,0.003428326548103634
MCM,2022-02-22,45.93,47.33,45.93,46.92,68130,1.3999999999999986,0.021554539516655823
MCM,2022-02-23,46.75,48.39,46.42,47.57,110812,1.9699999999999989,0.017540106951871665
MCM,2022-02-24,47.57,48.39,47.33,47.57,141602,1.0600000000000023,0.0
MCM,2022-02-25,48.31,48.39,47.41,47.41,63000,0.980000000000004,-0.018629683295384097
MCM,2022-02-28,47.57,47.57,46.59,47.49,48200,0.9799999999999969,-0.0016817321841496383
MCM,2022-03-01,46.75,46.75,46.01,46.59,66700,0.740000000000002,-0.0034224598930480553
MCM,2022-03-02,47.74,47.74,46.34,46.51,46400,1.3999999999999986,-0.025764558022622622
MCM,2022-03-03,47.49,47.57,46.42,46.59,48400,1.1499999999999986,-0.018951358180669585
MCM,2022-03-04,46.75,47.33,46.09,46.18,60400,1.2399999999999949,-0.012192513368983963
MCM,2022-03-07,46.09,46.09,45.6,45.85,105720,0.490000000000002,-0.005207203297895465
MCM,2022-03-08,46.42,46.42,45.11,45.36,68400,1.3100000000000023,-0.022834984920293025
MCM,2022-03-09,45.27,45.6,44.86,45.52,38610,0.740000000000002,0.00552242102937928
MCM,2022-03-10,45.11,45.52,45.11,45.36,14857,0.4100000000000037,0.005542008423852805
MCM,2022-03-11,45.44,46.59,45.36,45.93,77700,1.230000000000004,0.010783450704225397
MCM,2022-03-14,45.93,47.08,45.93,46.59,45968,1.1499999999999986,0.014369693011103935
MCM,2022-03-15,45.36,46.59,45.36,46.42,68428,1.230000000000004,0.023368606701940086
MCM,2022-03-16,46.75,46.92,46.18,46.18,74328,0.740000000000002,-0.012192513368983963
MCM,2022-03-17,46.18,46.75,45.52,46.01,30724,1.2299999999999969,-0.0036812472932005566
MCM,2022-03-18,46.59,46.59,45.44,45.93,73145,1.1500000000000057,-0.01416613007083073
MCM,2022-03-21,46.59,46.59,45.52,45.68,19400,1.0700000000000003,-0.019532088430993855
MCM,2022-03-22,45.93,46.26,45.52,45.52,25119,0.7399999999999949,-0.008926627476594744
MCM,2022-03-23,45.52,45.93,44.54,45.44,56100,1.3900000000000006,-0.0017574692442883435
MCM,2022-03-24,45.11,45.44,44.54,45.11,19736,0.8999999999999986,0.0
MCM,2022-03-25,45.6,45.6,44.45,44.62,38600,1.1499999999999986,-0.021491228070175526
MCM,2022-03-28,44.78,44.78,43.47,44.21,111460,1.3100000000000023,-0.012728896828941497
MCM,2022-03-29,43.96,45.27,43.72,45.19,51584,1.5500000000000043,0.02797998180163778
MCM,2022-03-30,45.11,45.6,44.54,45.11,78900,1.0600000000000023,0.0
MCM,2022-03-31,45.11,46.75,45.11,46.67,138102,1.6400000000000006,0.03458213256484155
MCM,2022-04-01,46.34,46.75,45.93,45.93,47140,0.8200000000000003,-0.008847647820457567
MCM,2022-04-04,45.93,46.01,45.36,45.52,37060,0.6499999999999986,-0.008926627476594744
MCM,2022-04-05,45.19,45.19,44.86,45.11,28799,0.3299999999999983,-0.0017703031644168688
MCM,2022-04-06,45.19,45.19,44.37,44.95,36900,0.8200000000000003,-0.005310909493250606
MCM,2022-04-07,45.36,45.36,44.7,44.7,18161,0.6599999999999966,-0.014550264550264475
MCM,2022-04-08,44.86,44.95,44.37,44.7,10430,0.5800000000000054,-0.0035666518056174006
MCM,2022-04-12,45.03,45.03,42.81,43.47,53666,2.219999999999999,-0.03464357095269825
MCM,2022-04-13,43.47,44.29,43.47,44.13,19410,0.8200000000000003,0.015182884748102225
MCM,2022-04-14,44.95,45.11,43.88,44.37,34815,1.2299999999999969,-0.012903225806451733
MCM,2022-04-15,44.95,44.95,43.55,43.55,16200,1.4000000000000057,-0.031145717463848845
MCM,2022-04-18,43.47,44.29,43.06,43.06,38000,1.2299999999999969,-0.009431792040487615
MCM,2022-04-19,43.14,43.47,42.81,43.06,15300,0.6599999999999966,-0.0018544274455261542
MCM,2022-04-20,42.9,42.9,41.91,42.32,50200,0.990000000000002,-0.01351981351981348
MCM,2022-04-21,43.47,43.47,42.24,42.4,28301,1.2299999999999969,-0.024614676788589838
MCM,2022-04-22,42.4,42.65,42.24,42.32,54400,0.4099999999999966,-0.0018867924528301486
MCM,2022-04-25,42.32,42.4,41.01,42.4,124700,1.3900000000000006,0.0018903591682419257
MCM,2022-04-26,41.42,43.47,41.01,43.47,46560,2.460000000000001,0.04949299855142436
MCM,2022-04-27,43.06,43.88,41.91,42.81,267643,1.970000000000006,-0.0058058522991175105
MCM,2022-04-28,42.81,43.06,41.83,42.81,28600,1.230000000000004,0.0
MCM,2022-04-29,43.47,43.47,42.32,42.65,48200,1.1499999999999986,-0.018863584080975392
MCM,2022-05-04,41.83,42.98,41.83,42.16,82200,1.1499999999999986,0.007889074826679375
MCM,2022-05-05,43.47,43.47,41.83,41.83,22413,1.6400000000000006,-0.037727168161950785
MCM,2022-05-06,41.83,42.24,41.83,41.83,9600,0.4100000000000037,0.0
MCM,2022-05-09,42.08,42.08,40.19,40.19,25605,1.8900000000000006,-0.04491444866920154
MCM,2022-05-10,40.52,40.76,40.19,40.52,20700,0.5700000000000003,0.0
MCM,2022-05-11,40.6,40.85,40.6,40.6,6800,0.25,0.0
MCM,2022-05-12,40.68,40.68,39.53,39.53,19130,1.1499999999999986,-0.028269419862340182
MCM,2022-05-13,39.78,39.78,38.63,38.96,54800,1.1499999999999986,-0.02061337355455003
MCM,2022-05-16,38.96,39.37,38.96,38.96,24600,0.4099999999999966,0.0
MCM,2022-05-17,38.39,40.19,38.14,40.19,23900,2.049999999999997,0.04688721021099237
MCM,2022-05-18,43.47,43.47,39.29,39.37,21841,4.18,-0.09431792040487696
MCM,2022-05-19,40.62,40.62,39.86,39.86,7600,0.759999999999998,-0.018709995076317036
MCM,2022-05-20,39.86,41.3,39.86,40.62,9200,1.4399999999999977,0.01906673356748615
MCM,2022-05-23,40.62,40.62,40.03,40.03,6800,0.5899999999999963,-0.014524864598719753
MCM,2022-05-24,40.12,40.54,40.12,40.29,19700,0.4200000000000017,0.004237288135593263
MCM,2022-05-25,40.2,40.79,40.2,40.62,21000,0.5899999999999963,0.010447761194029716
MCM,2022-05-26,40.46,41.05,40.37,41.05,12400,0.6799999999999997,0.014582303509639058
MCM,2022-05-27,41.72,41.72,41.05,41.05,5934,0.6700000000000017,-0.016059443911792946
MCM,2022-05-30,41.39,41.39,40.62,41.3,17000,0.7700000000000031,-0.002174438270113636
MCM,2022-05-31,41.05,41.05,40.62,40.88,6800,0.4299999999999997,-0.0041412911084042535
MCM,2022-06-01,40.62,41.05,40.62,40.96,21440,0.4299999999999997,0.00837026095519457
MCM,2022-06-02,40.79,40.79,40.37,40.37,88600,0.4200000000000017,-0.010296641333660253
MCM,2022-06-03,40.46,40.62,40.03,40.12,12925,0.5899999999999963,-0.0084033613445379
MCM,2022-06-06,40.12,40.62,39.78,39.78,6000,0.8399999999999963,-0.008474576271186349
MCM,2022-06-07,40.29,40.29,39.61,39.78,6832,0.6799999999999997,-0.012658227848101217
MCM,2022-06-08,39.78,41.47,39.61,39.78,20925,1.8599999999999994,0.0
MCM,2022-06-09,39.78,39.78,39.44,39.52,15000,0.3400000000000034,-0.0065359477124182505
MCM,2022-06-10,39.02,39.52,39.02,39.36,26250,0.5,0.00871348026652989
MCM,2022-06-13,38.93,39.52,38.09,38.51,21076,1.4299999999999997,-0.010788594913948155
MCM,2022-06-14,38.09,38.59,38.09,38.59,10800,0.5,0.013126804935678655
MCM,2022-06-15,38.09,38.25,37.24,38.09,17710,1.009999999999998,0.0
MCM,2022-06-16,37.24,39.69,37.24,39.69,26500,2.4499999999999957,0.06578947368421041
MCM,2022-06-17,37.24,39.1,37.24,39.1,14800,1.8599999999999994,0.04994629430719655
MCM,2022-06-20,38.85,38.85,37.24,37.24,4300,1.6099999999999994,-0.04144144144144143
MCM,2022-06-21,36.48,38.34,36.39,38.0,7536,1.9500000000000028,0.041666666666666755
MCM,2022-06-22,37.49,38.09,36.48,37.24,17318,1.6100000000000065,-0.006668444918644972
MCM,2022-06-23,37.24,37.24,36.39,37.24,16400,0.8500000000000014,0.0
MCM,2022-06-24,37.07,37.41,36.39,37.07,44306,1.019999999999996,0.0
MCM,2022-06-27,37.07,37.07,36.9,36.99,34200,0.1700000000000017,-0.002158079309414575
MCM,2022-06-28,36.99,37.15,36.99,37.15,14324,0.1599999999999966,0.004325493376588174
MCM,2022-06-29,36.82,37.07,36.73,36.82,8200,0.3400000000000034,0.0
MCM,2022-06-30,37.15,39.27,36.82,39.27,21200,2.450000000000003,0.057065948855989354
MCM,2022-07-01,37.24,37.24,36.82,37.15,39526,0.4200000000000017,-0.002416756176154764
MCM,2022-07-04,38.0,38.0,37.07,37.49,24750,0.9299999999999997,-0.013421052631578894
MCM,2022-07-05,37.75,37.92,37.24,37.92,34110,0.6799999999999997,0.004503311258278191
MCM,2022-07-06,36.9,37.83,36.82,37.75,12125,1.009999999999998,0.02303523035230356
MCM,2022-07-07,36.9,37.75,36.82,37.49,20100,0.9299999999999997,0.01598915989159901
MCM,2022-07-08,36.99,37.66,36.9,37.66,33900,0.759999999999998,0.01811300351446322
MCM,2022-07-11,37.66,37.83,37.24,37.24,30831,0.5899999999999963,-0.01115241635687718
MCM,2022-07-12,37.58,38.09,37.58,37.92,17404,0.5100000000000051,0.009047365620010735
MCM,2022-07-13,37.92,38.09,37.66,37.92,5400,0.4300000000000068,0.0
MCM,2022-07-14,37.75,38.09,37.66,37.66,7010,0.4300000000000068,-0.002384105960264991
MCM,2022-07-15,37.66,37.92,37.32,37.83,7700,0.6000000000000014,0.004514073287307534
MCM,2022-07-18,37.83,38.0,37.32,37.41,5700,0.6799999999999997,-0.011102299762093622
MCM,2022-07-19,37.66,37.66,37.24,37.49,21000,0.4199999999999946,-0.004514073287307345
MCM,2022-07-20,37.41,37.66,37.24,37.24,50800,0.4199999999999946,-0.004544239508152756
MCM,2022-07-21,37.24,37.41,37.07,37.07,40600,0.3399999999999963,-0.0045649838882922044
MCM,2022-07-22,37.07,37.32,37.07,37.32,2900,0.25,0.00674399784192069
MCM,2022-07-25,37.24,37.32,36.99,36.99,11100,0.3299999999999983,-0.006713211600429645
MCM,2022-07-26,36.99,37.07,36.82,36.82,11900,0.25,-0.0045958367126250795
MCM,2022-07-27,37.07,37.07,36.99,36.99,2320,0.0799999999999983,-0.002158079309414575
MCM,2022-07-28,37.24,37.24,36.9,37.15,12000,0.3400000000000034,-0.002416756176154764
MCM,2022-07-29,37.07,37.07,36.65,36.65,41230,0.4200000000000017,-0.011329916374426806
MCM,2022-08-01,36.9,37.07,36.82,36.82,20700,0.25,-0.002168021680216756
MCM,2022-08-02,37.15,37.24,36.82,37.15,20700,0.4200000000000017,0.0
MCM,2022-08-03,36.99,37.15,36.82,36.99,35300,0.3299999999999983,0.0
MCM,2022-08-04,36.99,37.32,36.9,36.99,54300,0.4200000000000017,0.0
MCM,2022-08-05,37.15,37.32,36.9,37.15,28103,0.4200000000000017,0.0
MCM,2022-08-08,37.15,37.41,37.07,37.41,37700,0.3399999999999963,0.006998654104979758
MCM,2022-08-09,37.24,37.83,37.24,37.83,25000,0.5899999999999963,0.015843179377013863
MCM,2022-08-10,37.66,38.09,37.49,37.58,23500,0.6000000000000014,-0.002124269782262302
MCM,2022-08-11,37.66,37.92,37.24,37.49,24400,0.6799999999999997,-0.004514073287307345
MCM,2022-08-12,37.49,37.66,37.49,37.49,26103,0.1699999999999946,0.0
MCM,2022-08-15,37.58,37.66,37.24,37.66,35700,0.4199999999999946,0.0021287919105906945
MCM,2022-08-16,37.66,39.02,37.66,38.25,69638,1.3600000000000065,0.015666489644184902
MCM,2022-08-17,39.1,39.1,38.34,38.51,24418,0.759999999999998,-0.01508951406649625
MCM,2022-08-18,38.51,38.76,38.34,38.51,13400,0.4199999999999946,0.0
MCM,2022-08-19,38.51,38.68,38.34,38.42,23320,0.3399999999999963,-0.0023370553103089146
MCM,2022-08-22,38.42,38.42,37.32,37.49,75836,1.1000000000000014,-0.02420614263404476
MCM,2022-08-23,37.24,38.09,37.24,38.09,58600,0.8500000000000014,0.022824919441460832
MCM,2022-08-24,37.83,39.1,37.75,38.68,133000,1.3500000000000014,0.02246893999471323
MCM,2022-08-25,39.27,40.12,39.02,39.1,66286,1.0999999999999943,-0.004329004329004372
MCM,2022-08-26,39.36,39.52,38.51,38.51,67700,1.0100000000000051,-0.02159552845528459
MCM,2022-08-29,37.92,37.92,37.24,37.49,112326,0.6799999999999997,-0.011339662447257376
MCM,2022-08-30,37.75,38.17,37.41,37.49,45737,0.7600000000000051,-0.0068874172185429934
MCM,2022-08-31,37.32,37.83,37.15,37.66,52560,0.6799999999999997,0.009110396570203546
MCM,2022-09-05,37.66,38.0,36.99,37.66,44703,1.009999999999998,0.0
MCM,2022-09-06,37.66,37.83,37.24,37.58,16200,0.5899999999999963,-0.002124269782262302
MCM,2022-09-07,37.75,37.75,36.9,36.9,40100,0.8500000000000014,-0.022516556291390766
MCM,2022-09-08,37.41,37.41,36.99,37.24,14400,0.4199999999999946,-0.004544239508152756
MCM,2022-09-09,37.07,37.41,36.48,36.99,46600,0.9299999999999997,-0.002158079309414575
MCM,2022-09-12,36.99,37.24,36.56,36.65,25627,0.6799999999999997,-0.009191673425250159
MCM,2022-09-13,36.65,36.82,36.65,36.73,15640,0.1700000000000017,0.002182810368349203
MCM,2022-09-14,36.39,36.73,36.39,36.65,27050,0.3399999999999963,0.007144820005495961
MCM,2022-09-15,36.48,37.15,36.39,36.48,30374,0.759999999999998,0.0
MCM,2022-09-16,36.39,36.82,36.22,36.39,34612,0.6000000000000014,0.0
MCM,2022-09-19,36.39,36.39,34.78,35.38,78425,1.6099999999999994,-0.027754877713657543
MCM,2022-09-20,35.55,35.97,35.55,35.97,16008,0.4200000000000017,0.011814345991561231
MCM,2022-09-21,35.97,35.97,35.55,35.63,19050,0.4200000000000017,-0.009452321378926782
MCM,2022-09-22,35.8,35.97,35.63,35.97,29700,0.3399999999999963,0.004748603351955355
MCM,2022-09-23,36.05,36.05,35.8,35.8,8226,0.25,-0.006934812760055479
MCM,2022-09-26,35.55,35.55,34.45,35.04,35053,1.0999999999999943,-0.01434599156118138
MCM,2022-09-27,34.7,35.12,34.62,35.12,23600,0.5,0.012103746397694367
MCM,2022-09-28,34.28,34.36,33.85,33.94,28200,0.509999999999998,-0.009918319719953425
MCM,2022-09-29,34.11,34.28,33.85,33.85,16000,0.4299999999999997,-0.007622398123717327
MCM,2022-09-30,33.85,33.85,33.01,33.6,24800,0.8400000000000034,-0.007385524372230428
MCM,2022-10-03,33.68,33.68,32.16,32.84,6820,1.5200000000000031,-0.02494061757719704
MCM,2022-10-04,33.01,33.01,32.16,32.58,12500,0.8500000000000014,-0.013026355649803083
MCM,2022-10-05,33.01,33.35,33.01,33.01,10404,0.3400000000000034,0.0
MCM,2022-10-06,33.01,33.01,32.16,32.16,8200,0.8500000000000014,-0.025749772796122432
MCM,2022-10-07,32.16,32.16,30.55,31.06,12425,1.6099999999999959,-0.03420398009950242
MCM,2022-10-10,29.71,31.48,29.71,31.48,21147,1.7699999999999996,0.05957590037024569
MCM,2022-10-11,30.55,31.31,30.38,30.47,17744,0.9299999999999997,-0.0026186579378069345
MCM,2022-10-12,29.79,31.23,29.79,30.89,13000,1.4400000000000013,0.036925142665323984
MCM,2022-10-13,30.64,31.31,30.64,31.31,16100,0.6699999999999982,0.021866840731070435
MCM,2022-10-14,31.31,31.91,31.23,31.91,13000,0.6799999999999997,0.019163206643245015
MCM,2022-10-17,31.31,32.58,31.31,32.58,8753,1.2699999999999996,0.04056212072820184
MCM,2022-10-18,31.74,32.42,31.65,32.16,15942,0.7700000000000031,0.013232514177693704
MCM,2022-10-19,32.58,32.58,31.99,32.08,20287,0.5899999999999999,-0.015346838551258441
MCM,2022-10-20,32.5,32.5,31.31,32.16,3400,1.1900000000000013,-0.010461538461538567
MCM,2022-10-21,31.31,32.16,30.81,30.81,7535,1.3499999999999979,-0.015969338869370808
MCM,2022-10-24,30.89,31.15,29.54,29.88,57896,1.6099999999999994,-0.03269666558756884
MCM,2022-10-25,30.05,30.47,27.93,30.05,31500,2.539999999999999,0.0
MCM,2022-10-26,29.62,32.16,29.62,32.08,89100,2.5399999999999956,0.08305199189736655
MCM,2022-10-27,30.05,30.89,30.05,30.89,45300,0.8399999999999999,0.027953410981697166
MCM,2022-10-28,30.89,30.89,30.72,30.89,61400,0.1700000000000017,0.0
MCM,2022-10-31,30.89,30.89,30.05,30.47,29727,0.8399999999999999,-0.013596633214632623
MCM,2022-11-01,30.47,32.08,30.38,31.91,172105,1.6999999999999993,0.047259599606170044
MCM,2022-11-02,31.91,31.99,31.31,31.91,16020,0.6799999999999997,0.0
MCM,2022-11-03,31.31,31.99,31.31,31.74,31717,0.6799999999999997,0.013733631427658887
MCM,2022-11-04,31.65,31.91,30.38,31.31,79700,1.5300000000000011,-0.010742496050552918
MCM,2022-11-07,31.15,32.25,31.15,31.31,74730,1.1000000000000014,0.00513643659711076
MCM,2022-11-08,31.65,32.42,31.65,32.33,85723,0.7700000000000031,0.021484992101105837
MCM,2022-11-09,31.31,33.85,31.31,33.43,87300,2.5400000000000027,0.06770999680613227
MCM,2022-11-10,32.58,33.01,31.65,32.58,21700,1.3599999999999994,0.0
MCM,2022-11-11,32.58,33.43,31.82,33.01,18149,1.6099999999999994,0.013198281154082251
MCM,2022-11-14,33.01,33.01,31.31,32.25,43418,1.6999999999999993,-0.023023326264768194
MCM,2022-11-15,26.91,31.57,26.91,30.38,83900,4.66,0.12894834633965063
MCM,2022-11-16,30.64,32.16,29.79,32.08,39599,2.3699999999999974,0.04699738903394248
MCM,2022-11-17,32.08,32.58,31.4,32.58,40100,1.1799999999999997,0.015586034912718205
MCM,2022-11-18,31.99,32.75,31.65,32.42,12217,1.1000000000000014,0.01344170053141617
MCM,2022-11-21,32.16,32.92,31.91,31.91,15875,1.0100000000000016,-0.00777363184079591
MCM,2022-11-22,32.16,32.25,31.57,32.16,9918,0.6799999999999997,0.0
MCM,2022-11-23,32.08,32.16,31.91,32.08,35210,0.24999999999999645,0.0
MCM,2022-11-24,32.08,32.16,31.91,32.08,4800,0.24999999999999645,0.0
MCM,2022-11-25,31.99,32.25,31.91,32.16,39053,0.33999999999999986,0.005314160675210946
MCM,2022-11-28,32.84,33.01,32.16,32.16,29100,0.8500000000000014,-0.02070645554202213
MCM,2022-11-29,32.41,33.02,31.37,32.59,8800,1.6500000000000021,0.005553841406973368
MCM,2022-11-30,33.02,33.46,32.59,33.02,28530,0.8699999999999974,0.0
MCM,2022-12-01,33.2,33.28,32.68,32.68,35903,0.6000000000000014,-0.01566265060240973
MCM,2022-12-02,32.68,33.28,32.33,33.2,19638,0.9500000000000028,0.015911872705018457
MCM,2022-12-05,32.41,33.89,32.41,33.37,11400,1.480000000000004,0.029620487503856863
MCM,2022-12-06,32.94,32.94,32.33,32.33,17007,0.6099999999999994,-0.018518518518518504
MCM,2022-12-07,32.85,32.85,32.33,32.41,7103,0.5200000000000031,-0.013394216133942307
MCM,2022-12-08,32.41,32.94,32.41,32.5,19500,0.5300000000000011,0.002776920703486684
MCM,2022-12-09,32.5,32.59,32.33,32.41,12600,0.2600000000000051,-0.002769230769230874
MCM,2022-12-12,32.41,32.85,31.98,31.98,32000,0.870000000000001,-0.01326751002776909
MCM,2022-12-13,32.15,32.24,31.81,32.15,79203,0.43000000000000327,0.0
MCM,2022-12-14,32.15,32.59,32.15,32.33,57600,0.44000000000000483,0.005598755832037316
MCM,2022-12-15,31.29,32.76,31.29,32.59,44008,1.4699999999999989,0.04154682007031014
MCM,2022-12-16,32.15,32.85,32.15,32.59,15000,0.7000000000000028,0.013685847589424724
MCM,2022-12-19,32.59,32.68,32.33,32.59,33700,0.3500000000000014,0.0
MCM,2022-12-20,32.5,33.02,31.29,32.59,92800,1.730000000000004,0.002769230769230874
MCM,2022-12-21,32.59,34.59,32.59,33.81,100489,2.0,0.037434795949677774
MCM,2022-12-22,33.11,33.89,33.11,33.72,84221,0.7800000000000011,0.018423437028088175
MCM,2022-12-23,34.07,34.33,33.2,33.72,81100,1.1299999999999955,-0.010272967420017652
MCM,2022-12-26,33.72,34.07,33.28,33.89,50800,0.7899999999999991,0.005041518386714167
MCM,2022-12-27,33.81,34.07,33.46,34.07,113690,0.6099999999999994,0.007690032534752972
MCM,2022-12-28,34.24,35.46,33.98,34.76,89420,1.480000000000004,0.015186915887850351
MCM,2022-12-29,35.46,36.33,34.59,35.8,70341,1.7399999999999949,0.009588268471517098
MCM,2022-12-30,36.06,37.37,36.06,36.67,113885,1.3099999999999952,0.016916250693288944
MCM,2023-01-03,37.19,37.19,35.2,35.37,42120,1.9899999999999949,-0.04893788652863674
MCM,2023-01-04,35.2,36.15,35.02,35.37,12055,1.1299999999999955,0.004829545454545301
MCM,2023-01-05,34.41,35.54,34.41,35.54,20260,1.1300000000000026,0.03283929090380711
MCM,2023-01-06,35.11,35.98,34.76,35.37,30100,1.2199999999999989,0.0074052976360010824
MCM,2023-01-09,35.54,35.89,34.76,35.54,43060,1.1300000000000026,0.0
MCM,2023-01-10,34.93,35.28,34.76,34.76,5112,0.5200000000000031,-0.004866876610363633
MCM,2023-01-11,35.54,35.54,32.24,34.15,56803,3.299999999999997,-0.03911086100168826
MCM,2023-01-12,33.63,34.67,33.63,33.89,6090,1.0399999999999991,0.007731192387748974
MCM,2023-01-13,33.54,34.24,33.54,34.07,12392,0.7000000000000028,0.015802027429934442
MCM,2023-01-16,33.81,34.07,33.02,33.02,27400,1.0499999999999972,-0.023365868086364955
MCM,2023-01-17,33.89,33.89,33.02,33.37,53838,0.8699999999999974,-0.015343759221009239
MCM,2023-01-18,33.63,34.41,33.46,33.89,18641,0.9499999999999957,0.007731192387748974
MCM,2023-01-19,33.89,34.41,33.46,34.15,12227,0.9499999999999957,0.0076718796105045145
MCM,2023-01-27,34.15,34.15,32.59,33.28,41000,1.5599999999999952,-0.025475841874084845
MCM,2023-01-30,33.89,34.15,33.46,33.89,29700,0.6899999999999977,0.0
MCM,2023-01-31,33.28,33.89,33.02,33.37,36600,0.8699999999999974,0.002704326923076812
MCM,2023-02-01,33.28,33.72,33.02,33.02,18900,0.6999999999999957,-0.00781249999999994
MCM,2023-02-02,33.02,33.72,32.59,33.02,18021,1.1299999999999955,0.0
MCM,2023-02-03,32.94,33.28,32.68,32.68,11130,0.6000000000000014,-0.007893139040679965
MCM,2023-02-06,32.33,33.2,32.33,33.2,3000,0.8700000000000045,0.026909990720692997
MCM,2023-02-07,33.02,33.2,32.85,33.02,14500,0.3500000000000014,0.0
MCM,2023-02-08,32.85,33.2,32.76,33.02,11200,0.44000000000000483,0.005175038051750432
MCM,2023-02-09,33.02,33.11,32.94,33.02,2901,0.1700000000000017,0.0
MCM,2023-02-10,33.02,33.11,32.94,33.02,9600,0.1700000000000017,0.0
MCM,2023-02-13,32.94,33.11,32.68,33.02,43200,0.4299999999999997,0.0024286581663632485
MCM,2023-02-14,33.02,33.02,32.76,32.85,4603,0.2600000000000051,-0.005148394912174491
MCM,2023-02-15,33.02,33.02,32.68,33.02,14100,0.3400000000000034,0.0
MCM,2023-02-16,33.02,33.02,32.41,33.02,6900,0.6100000000000065,0.0
MCM,2023-02-17,33.46,33.46,32.59,33.02,2300,0.8699999999999974,-0.013150029886431491
MCM,2023-02-20,33.11,33.37,33.02,33.37,26600,0.3499999999999943,0.007852612503775235
MCM,2023-02-21,33.2,33.28,32.15,33.28,12855,1.1300000000000026,0.002409638554216816
MCM,2023-02-22,32.41,33.02,31.29,32.94,10400,1.730000000000004,0.016352977476087664
MCM,2023-02-23,32.5,32.94,32.24,32.33,7500,0.6999999999999957,-0.005230769230769284
MCM,2023-02-24,32.41,32.94,32.15,32.5,7200,0.7899999999999991,0.002776920703486684
MCM,2023-02-27,32.15,32.59,32.07,32.07,7550,0.5200000000000031,-0.002488335925349869
MCM,2023-02-28,32.15,32.24,32.07,32.15,2900,0.1700000000000017,0.0
MCM,2023-03-01,32.15,32.41,32.15,32.24,12718,0.259999999999998,0.0027993779160187687
MCM,2023-03-02,32.94,32.94,32.15,32.59,15222,0.7899999999999991,-0.010625379477838322
MCM,2023-03-03,32.85,32.85,32.15,32.24,3800,0.7000000000000028,-0.018569254185692524
MCM,2023-03-06,32.41,32.85,32.41,32.59,4140,0.44000000000000483,0.005553841406973368
MCM,2023-03-07,32.59,32.59,32.15,32.41,11953,0.44000000000000483,-0.0055231666155264435
MCM,2023-03-08,32.33,32.5,32.15,32.15,26000,0.3500000000000014,-0.005567584287039892
MCM,2023-03-09,32.33,33.2,32.15,32.5,53870,1.0500000000000043,0.005258274048871071
MCM,2023-03-10,32.24,32.59,32.24,32.59,5500,0.3500000000000014,0.010856079404466545
MCM,2023-03-13,32.15,32.33,32.15,32.33,5901,0.17999999999999972,0.005598755832037316
MCM,2023-03-14,32.24,32.5,31.98,32.07,4202,0.5199999999999996,-0.005272952853598067
MCM,2023-03-15,32.07,32.33,32.07,32.33,6300,0.259999999999998,0.008107265357031431
MCM,2023-03-16,32.24,32.24,31.81,32.15,5700,0.43000000000000327,-0.002791563275434349
MCM,2023-03-17,32.07,32.15,32.07,32.15,5000,0.0799999999999983,0.002494543186778868
MCM,2023-03-20,31.98,32.07,31.81,31.89,5106,0.26000000000000156,-0.002814258911819883
MCM,2023-03-21,32.15,32.24,31.89,32.24,7237,0.3500000000000014,0.0027993779160187687
MCM,2023-03-22,32.07,32.5,31.72,32.5,40517,0.7800000000000011,0.013408169628936692
MCM,2023-03-23,32.15,32.33,32.15,32.33,4809,0.17999999999999972,0.005598755832037316
MCM,2023-03-24,32.15,32.24,32.15,32.24,6412,0.09000000000000341,0.0027993779160187687
MCM,2023-03-27,32.33,32.33,32.15,32.33,5907,0.17999999999999972,0.0
MCM,2023-03-28,32.15,32.33,31.98,32.33,12500,0.34999999999999787,0.005598755832037316
MCM,2023-03-29,32.33,32.59,32.33,32.41,23427,0.2600000000000051,0.0024744819053510144
MCM,2023-03-30,32.33,32.5,32.15,32.5,24720,0.3500000000000014,0.005258274048871071
MCM,2023-03-31,32.59,33.02,32.33,32.41,6600,0.6900000000000048,-0.0055231666155264435
MCM,2023-04-03,32.59,32.59,32.41,32.5,24201,0.18000000000000682,-0.0027615833077632218
MCM,2023-04-04,32.59,32.76,32.5,32.68,20540,0.259999999999998,0.002761583307763004
MCM,2023-04-05,32.68,33.02,32.59,32.59,26160,0.4299999999999997,-0.0027539779681761416
MCM,2023-04-06,32.59,33.11,28.68,32.15,107520,4.43,-0.013501073949064277
MCM,2023-04-07,33.02,33.02,32.5,32.5,9850,0.5200000000000031,-0.015748031496063086
MCM,2023-04-10,32.15,32.59,32.15,32.33,23637,0.44000000000000483,0.005598755832037316
MCM,2023-04-11,32.15,32.41,32.15,32.33,25500,0.259999999999998,0.005598755832037316
MCM,2023-04-12,32.41,32.59,32.15,32.41,3030,0.44000000000000483,0.0
MCM,2023-04-13,32.41,32.41,31.89,31.89,39300,0.519999999999996,-0.016044430731255666
MCM,2023-04-14,31.89,32.15,31.81,31.89,20800,0.33999999999999986,0.0
MCM,2023-04-17,31.98,31.98,31.72,31.81,22110,0.26000000000000156,-0.005315822388993174
MCM,2023-04-18,32.15,32.15,31.89,32.07,10700,0.259999999999998,-0.002488335925349869
MCM,2023-04-19,31.98,32.15,31.98,31.98,10015,0.16999999999999815,0.0
MCM,2023-04-20,31.98,32.15,31.89,32.15,18900,0.259999999999998,0.005315822388993063
MCM,2023-04-21,32.15,32.33,31.98,32.07,10151,0.34999999999999787,-0.002488335925349869
MCM,2023-04-24,32.33,32.59,31.98,32.24,14520,0.610000000000003,-0.0027837921435198364
MCM,2023-04-25,32.15,32.5,32.07,32.07,9600,0.4299999999999997,-0.002488335925349869
MCM,2023-04-26,32.33,32.33,32.15,32.33,12467,0.17999999999999972,0.0
MCM,2023-04-27,32.24,32.5,32.15,32.5,41350,0.3500000000000014,0.008064516129032195
MCM,2023-04-28,32.41,33.11,32.41,33.02,48610,0.7000000000000028,0.01882135143474257
MCM,2023-05-04,33.63,33.63,32.85,32.94,21611,0.7800000000000011,-0.02051739518287258
MCM,2023-05-05,33.2,33.72,33.11,33.72,59926,0.6099999999999994,0.01566265060240952
MCM,2023-05-08,33.72,33.89,33.46,33.89,51635,0.4299999999999997,0.005041518386714167
MCM,2023-05-09,33.81,33.81,33.63,33.72,35900,0.17999999999999972,-0.002661934338953073
MCM,2023-05-10,33.63,34.33,33.54,34.33,58700,0.7899999999999991,0.02081474873624727
MCM,2023-05-11,34.33,34.93,33.98,34.76,27948,0.9500000000000028,0.012525487911447706
MCM,2023-05-12,35.2,35.37,34.76,34.93,16909,0.6099999999999994,-0.007670454545454634
MCM,2023-05-15,34.76,34.76,34.24,34.24,12950,0.519999999999996,-0.0149597238204832
MCM,2023-05-16,34.5,34.59,34.33,34.41,21415,0.2600000000000051,-0.0026086956521740117
MCM,2023-05-17,34.24,34.33,34.15,34.15,6649,0.17999999999999972,-0.002628504672897296
MCM,2023-05-18,34.15,34.33,34.15,34.33,15397,0.17999999999999972,0.005270863836017561
MCM,2023-05-19,34.24,34.33,34.07,34.24,2625,0.259999999999998,0.0
MCM,2023-05-22,34.24,34.41,33.89,34.41,13350,0.519999999999996,0.004964953271027879
MCM,2023-05-23,34.33,34.59,34.15,34.5,14526,0.44000000000000483,0.004951937081270076
MCM,2023-05-24,34.15,34.5,33.72,33.89,14810,0.7800000000000011,-0.0076134699853586535
MCM,2023-05-25,34.07,34.07,33.44,33.89,9550,0.6300000000000026,-0.00528324038743762
MCM,2023-05-26,33.89,34.34,33.62,34.25,7918,0.720000000000006,0.0106226025376217
MCM,2023-05-29,33.44,34.07,33.27,33.8,6300,0.7999999999999972,0.010765550239234433
MCM,2023-05-30,34.25,34.25,33.62,33.89,9570,0.6300000000000026,-0.010510948905109473
MCM,2023-05-31,33.89,34.16,33.8,33.8,9585,0.35999999999999943,-0.00265565063440553
MCM,2023-06-01,33.8,33.89,33.62,33.71,20203,0.2700000000000031,-0.002662721893491015
MCM,2023-06-02,33.71,33.89,33.53,33.89,17593,0.35999999999999943,0.005339661821417968
MCM,2023-06-05,33.8,33.89,33.71,33.71,12420,0.17999999999999972,-0.002662721893491015
MCM,2023-06-06,33.71,33.89,33.62,33.8,9335,0.2700000000000031,0.0026698309107088787
MCM,2023-06-07,33.71,33.8,33.44,33.62,13860,0.35999999999999943,-0.0026698309107090895
MCM,2023-06-08,33.8,33.89,33.53,33.8,49735,0.35999999999999943,0.0
MCM,2023-06-09,33.8,34.34,33.8,34.34,106800,0.5400000000000063,0.015976331360946932
MCM,2023-06-12,34.34,35.5,34.34,34.87,83921,1.1599999999999966,0.015433896330809375
MCM,2023-06-13,34.96,35.14,34.69,34.87,23300,0.45000000000000284,-0.0025743707093822486
MCM,2023-06-14,34.87,34.96,34.16,34.16,33831,0.8000000000000043,-0.020361342127903668
MCM,2023-06-15,34.34,34.6,34.16,34.6,17909,0.44000000000000483,0.007571345369831042
MCM,2023-06-16,34.25,34.43,34.25,34.25,28000,0.17999999999999972,0.0
MCM,2023-06-19,34.16,34.25,34.07,34.25,19426,0.17999999999999972,0.0026346604215457675
MCM,2023-06-20,34.34,34.34,34.16,34.16,27148,0.18000000000000682,-0.005241700640652498
MCM,2023-06-21,34.52,34.52,34.07,34.16,31749,0.45000000000000284,-0.010428736964078983
MCM,2023-06-22,34.16,34.34,34.16,34.16,29400,0.18000000000000682,0.0
MCM,2023-06-23,34.16,34.78,34.16,34.78,30134,0.6200000000000045,0.0181498829039814
MCM,2023-06-26,34.16,34.78,34.16,34.52,32434,0.6200000000000045,0.010538641686182862
MCM,2023-06-27,34.78,35.32,34.52,35.05,25526,0.7999999999999972,0.007763082231167223
MCM,2023-06-28,34.96,35.5,34.96,35.41,85200,0.5399999999999991,0.012871853546910632
MCM,2023-06-29,35.41,35.41,34.6,34.6,27607,0.8099999999999952,-0.022874894097712376
MCM,2023-06-30,34.78,34.78,34.34,34.34,25005,0.4399999999999977,-0.012650948821161521
MCM,2023-07-03,34.52,34.52,34.34,34.52,22200,0.17999999999999972,0.0
MCM,2023-07-04,34.43,34.6,34.16,34.34,43000,0.44000000000000483,-0.002613999419111133
MCM,2023-07-05,34.34,34.69,34.25,34.25,23900,0.4399999999999977,-0.002620850320326249
MCM,2023-07-06,34.25,34.52,34.25,34.52,21400,0.2700000000000031,0.007883211678832209
MCM,2023-07-07,34.34,34.87,34.34,34.52,81800,0.529999999999994,0.005241700640652292
MCM,2023-07-10,34.6,35.32,34.6,35.32,181469,0.7199999999999989,0.02080924855491326
MCM,2023-07-11,35.32,35.41,34.6,34.6,51001,0.8099999999999952,-0.020385050962627375
MCM,2023-07-12,35.05,35.67,34.96,35.14,60806,0.7100000000000009,0.002567760342368143
MCM,2023-07-13,35.23,35.5,35.05,35.32,118500,0.45000000000000284,0.002554640931024792
MCM,2023-07-14,35.59,35.59,34.78,34.96,94863,0.8100000000000023,-0.017701601573475764
MCM,2023-07-17,34.96,35.23,34.69,34.78,79135,0.5399999999999991,-0.005148741418764294
MCM,2023-07-18,34.87,35.05,34.78,34.96,41260,0.269999999999996,0.0025810151993118273
MCM,2023-07-19,34.87,36.21,34.87,35.94,296381,1.3400000000000034,0.03068540292515057
MCM,2023-07-20,35.85,37.1,35.85,36.92,144210,1.25,0.029846582984658306
MCM,2023-07-21,36.48,36.83,36.12,36.57,43340,0.7100000000000009,0.0024671052631579883
MCM,2023-07-24,36.39,36.39,35.41,35.67,237300,0.980000000000004,-0.019785655399835088
MCM,2023-07-25,35.67,36.12,35.32,35.85,53038,0.7999999999999972,0.005046257359125307
MCM,2023-07-26,35.67,35.76,35.23,35.5,99050,0.5300000000000011,-0.004765909728062846
MCM,2023-07-27,35.41,35.67,35.05,35.59,67101,0.6200000000000045,0.005083309799491862
MCM,2023-07-28,35.23,35.67,34.87,34.96,120991,0.8000000000000043,-0.007663922793073972
MCM,2023-07-31,35.32,35.5,34.96,35.41,47950,0.5399999999999991,0.0025481313703283213
MCM,2023-08-01,35.23,35.23,34.78,34.78,102800,0.44999999999999574,-0.012773204655123355
MCM,2023-08-02,34.78,34.96,34.69,34.96,44110,0.2700000000000031,0.00517538815411155
MCM,2023-08-03,34.87,34.96,34.43,34.52,83107,0.5300000000000011,-0.010037281330656563
MCM,2023-08-04,34.6,34.78,34.43,34.69,63604,0.3500000000000014,0.002601156069364055
MCM,2023-08-07,34.78,34.78,34.52,34.69,51401,0.259999999999998,-0.002587694077055877
MCM,2023-08-08,34.6,35.67,34.6,35.41,112122,1.0700000000000003,0.023410404624277317
MCM,2023-08-09,35.32,35.85,35.32,35.5,82340,0.5300000000000011,0.005096262740656844
MCM,2023-08-10,35.67,35.67,35.14,35.41,84426,0.5300000000000011,-0.0072890384076255985
MCM,2023-08-11,35.05,35.32,34.78,35.14,80724,0.5399999999999991,0.002567760342368143
MCM,2023-08-14,34.96,35.14,34.87,35.14,57312,0.2700000000000031,0.005148741418764294
MCM,2023-08-15,34.96,34.96,34.78,34.96,25189,0.17999999999999972,0.0
MCM,2023-08-16,35.23,35.23,34.78,34.96,31474,0.44999999999999574,-0.007663922793073972
MCM,2023-08-17,34.87,34.96,34.6,34.6,36558,0.35999999999999943,-0.007743045597935074
MCM,2023-08-18,34.52,34.52,33.53,33.89,104805,0.990000000000002,-0.018250289687137964
MCM,2023-08-21,34.16,34.16,33.53,33.89,24108,0.6299999999999955,-0.007903981264636886
MCM,2023-08-22,33.89,33.89,33.27,33.62,27207,0.6199999999999974,-0.00796695190321638
MCM,2023-08-23,33.62,33.62,33.36,33.53,15952,0.259999999999998,-0.0026769779892919783
MCM,2023-08-24,33.53,33.89,33.44,33.71,16217,0.45000000000000284,0.005368326871458387
MCM,2023-08-25,33.62,33.71,33.44,33.44,17310,0.2700000000000031,-0.005353955978584168
MCM,2023-08-28,33.44,34.25,33.44,34.16,55237,0.8100000000000023,0.021531100478468866
MCM,2023-08-29,34.16,34.25,33.89,34.07,33300,0.35999999999999943,-0.0026346604215455594
MCM,2023-08-30,33.98,34.07,33.8,33.98,17200,0.2700000000000031,0.0
MCM,2023-08-31,33.89,34.16,33.8,33.98,30810,0.35999999999999943,0.0026556506344053202
MCM,2023-09-05,33.98,34.78,33.98,34.52,95150,0.8000000000000043,0.015891701000588766
MCM,2023-09-06,34.52,34.78,34.43,34.52,40754,0.3500000000000014,0.0
MCM,2023-09-07,35.05,35.05,34.52,34.69,22610,0.529999999999994,-0.010271041369472168
MCM,2023-09-08,34.78,34.96,34.6,34.78,42440,0.35999999999999943,0.0
MCM,2023-09-11,34.78,34.96,34.25,34.25,42855,0.7100000000000009,-0.015238642898217398
MCM,2023-09-12,34.34,34.69,34.34,34.6,36650,0.3499999999999943,0.007571345369831042
MCM,2023-09-13,34.6,34.78,34.25,34.6,88100,0.5300000000000011,0.0
MCM,2023-09-14,34.52,34.52,34.16,34.16,27136,0.36000000000000654,-0.010428736964078983
MCM,2023-09-15,34.43,34.78,34.16,34.6,78900,0.6200000000000045,0.004937554458321281
MCM,2023-09-18,34.69,34.69,34.34,34.52,17803,0.3499999999999943,-0.004900547708273122
MCM,2023-09-19,34.43,34.52,34.25,34.43,31503,0.2700000000000031,0.0
MCM,2023-09-20,34.25,34.34,34.07,34.34,13000,0.2700000000000031,0.002627737226277472
MCM,2023-09-21,34.25,34.34,34.07,34.34,7000,0.2700000000000031,0.002627737226277472
MCM,2023-09-22,34.25,34.25,33.8,33.89,70479,0.45000000000000284,-0.010510948905109473
MCM,2023-09-25,33.89,34.43,33.44,33.44,29500,0.990000000000002,-0.01327825317202723
MCM,2023-09-26,33.62,33.71,33.27,33.27,49050,0.4399999999999977,-0.010410469958357952
MCM,2023-09-27,33.27,33.44,32.73,32.91,34508,0.7100000000000009,-0.01082055906221841
MCM,2023-09-28,32.91,32.91,32.64,32.82,24005,0.269999999999996,-0.0027347310847765515
MCM,2023-09-29,32.73,33.0,32.64,32.73,13950,0.35999999999999943,0.0
MCM,2023-10-02,32.64,33.18,32.64,32.91,8251,0.5399999999999991,0.00827205882352929
MCM,2023-10-03,32.91,34.25,32.82,33.53,130158,1.4299999999999997,0.018839258584017155
MCM,2023-10-04,33.53,34.52,33.53,33.89,42589,0.990000000000002,0.010736653742916774
MCM,2023-10-05,33.98,34.34,33.71,33.71,22652,0.6300000000000026,-0.007945850500294175
MCM,2023-10-06,33.89,34.07,33.71,33.98,31900,0.35999999999999943,0.0026556506344053202
MCM,2023-10-09,33.98,34.07,33.62,33.98,31500,0.45000000000000284,0.0
MCM,2023-10-10,34.34,34.87,34.16,34.52,64813,0.7100000000000009,0.005241700640652292
MCM,2023-10-11,34.34,34.69,34.16,34.52,14484,0.5300000000000011,0.005241700640652292
MCM,2023-10-12,34.52,35.23,34.34,34.87,44767,0.8899999999999935,0.010139049826187551
MCM,2023-10-13,34.78,34.78,34.52,34.78,9319,0.259999999999998,0.0
MCM,2023-10-16,34.78,35.05,34.34,34.43,33809,0.7099999999999937,-0.010063254744105849
MCM,2023-10-17,34.96,34.96,34.34,34.43,21810,0.6199999999999974,-0.015160183066361589
MCM,2023-10-18,34.43,34.43,33.27,33.53,97074,1.1599999999999966,-0.026139994191112362
MCM,2023-10-19,33.53,34.16,33.44,33.89,16250,0.7199999999999989,0.010736653742916774
MCM,2023-10-20,33.71,33.89,33.44,33.8,16110,0.45000000000000284,0.0026698309107088787
MCM,2023-10-23,33.8,33.8,33.62,33.62,10468,0.17999999999999972,-0.005325443786982241
MCM,2023-10-24,33.62,33.89,33.62,33.71,12110,0.2700000000000031,0.0026769779892921895
MCM,2023-10-25,33.89,34.07,33.8,33.8,8955,0.2700000000000031,-0.00265565063440553
MCM,2023-10-26,33.53,33.53,32.91,33.36,55144,0.6200000000000045,-0.005070086489710758
MCM,2023-10-27,33.0,33.62,33.0,33.62,67390,0.6199999999999974,0.01878787878787871
MCM,2023-10-30,33.44,33.44,33.09,33.36,27611,0.3499999999999943,-0.0023923444976076047
MCM,2023-10-31,33.53,33.8,32.91,32.91,103100,0.8900000000000006,-0.01849090366835683
MCM,2023-11-01,33.0,33.36,32.91,33.0,149490,0.45000000000000284,0.0
MCM,2023-11-02,33.53,33.53,33.0,33.36,15984,0.5300000000000011,-0.005070086489710758
MCM,2023-11-03,33.53,33.53,33.18,33.36,30240,0.3500000000000014,-0.005070086489710758
MCM,2023-11-06,33.71,33.71,33.18,33.53,32800,0.5300000000000011,-0.005339661821417968
MCM,2023-11-07,33.27,33.44,33.0,33.27,29550,0.4399999999999977,0.0
MCM,2023-11-08,33.09,33.44,33.09,33.44,34405,0.3499999999999943,0.010577213659715753
MCM,2023-11-09,33.44,33.44,33.18,33.36,35100,0.259999999999998,-0.0023923444976076047
MCM,2023-11-10,33.27,33.44,33.27,33.27,29710,0.1699999999999946,0.0
MCM,2023-11-13,33.36,33.8,33.36,33.71,26065,0.4399999999999977,0.01049160671462834
MCM,2023-11-14,33.71,34.34,33.62,33.89,31790,0.720000000000006,0.005339661821417968
MCM,2023-11-15,34.07,34.07,33.89,33.89,16405,0.17999999999999972,-0.00528324038743762
MCM,2023-11-16,33.89,33.98,33.8,33.98,7398,0.17999999999999972,0.0026556506344053202
MCM,2023-11-17,33.89,34.35,33.89,33.89,16716,0.46000000000000085,0.0
MCM,2023-11-20,33.89,34.16,33.8,34.16,4500,0.35999999999999943,0.00796695190321617
MCM,2023-11-21,34.16,34.16,33.89,34.07,40234,0.269999999999996,-0.0026346604215455594
MCM,2023-11-22,34.07,34.16,33.89,34.07,17200,0.269999999999996,0.0
MCM,2023-11-23,34.07,34.16,33.89,33.89,12908,0.269999999999996,-0.00528324038743762
MCM,2023-11-24,33.89,33.89,33.62,33.89,9256,0.2700000000000031,0.0
MCM,2023-11-27,33.71,34.07,33.62,33.8,45877,0.45000000000000284,0.0026698309107088787
MCM,2023-11-28,33.71,33.71,33.52,33.71,16300,0.18999999999999773,0.0
MCM,2023-11-29,33.89,33.89,33.52,33.89,10101,0.36999999999999744,0.0
MCM,2023-11-30,33.8,34.16,33.52,33.8,31850,0.6399999999999935,0.0
MCM,2023-12-01,33.8,33.98,33.52,33.8,10250,0.45999999999999375,0.0
MCM,2023-12-04,33.62,34.81,33.52,34.81,53420,1.2899999999999991,0.035395597858417754
MCM,2023-12-05,34.81,34.81,34.16,34.26,38174,0.6500000000000057,-0.0158000574547545
MCM,2023-12-06,34.62,34.62,34.07,34.26,18170,0.5499999999999972,-0.010398613518197559
MCM,2023-12-07,34.26,34.44,33.71,34.26,42116,0.7299999999999969,0.0
MCM,2023-12-08,34.16,34.16,33.8,33.8,43132,0.35999999999999943,-0.010538641686182654
MCM,2023-12-11,33.8,34.26,33.8,33.98,25951,0.46000000000000085,0.005325443786982241
MCM,2023-12-12,33.89,34.16,33.89,33.98,19858,0.269999999999996,0.0026556506344053202
MCM,2023-12-13,33.98,34.16,33.89,33.98,13111,0.269999999999996,0.0
MCM,2023-12-14,33.98,34.07,33.8,33.8,15354,0.2700000000000031,-0.005297233666862852
MCM,2023-12-15,33.8,33.89,33.71,33.8,10652,0.17999999999999972,0.0
MCM,2023-12-18,33.8,33.8,33.43,33.62,25950,0.36999999999999744,-0.005325443786982241
MCM,2023-12-19,33.62,33.71,33.43,33.62,4150,0.28000000000000114,0.0
MCM,2023-12-20,33.43,33.71,33.43,33.62,7955,0.28000000000000114,0.005683517798384616
MCM,2023-12-21,33.52,33.8,33.52,33.8,11593,0.27999999999999403,0.008353221957040394
MCM,2023-12-22,33.71,33.89,33.52,33.62,9360,0.36999999999999744,-0.0026698309107090895
MCM,2023-12-25,33.89,33.89,33.71,33.71,55108,0.17999999999999972,-0.00531130126881085
MCM,2023-12-26,33.89,33.89,33.8,33.89,11779,0.09000000000000341,0.0
MCM,2023-12-27,33.89,33.89,33.71,33.8,10651,0.17999999999999972,-0.00265565063440553
MCM,2023-12-28,33.8,33.98,33.8,33.89,12171,0.17999999999999972,0.0026627218934912253
MCM,2023-12-29,33.89,33.89,33.71,33.89,26350,0.17999999999999972,0.0
MCM,2024-01-02,33.8,34.26,33.8,33.89,35451,0.46000000000000085,0.0026627218934912253
MCM,2024-01-03,33.98,34.16,33.89,34.16,24611,0.269999999999996,0.005297233666862852
MCM,2024-01-04,34.07,34.26,33.98,34.16,24382,0.28000000000000114,0.002641620193718706
MCM,2024-01-05,34.07,34.07,33.89,34.07,19600,0.17999999999999972,0.0
MCM,2024-01-08,33.98,34.07,33.52,34.07,39729,0.5499999999999972,0.0026486168334315307
MCM,2024-01-09,33.89,34.07,33.89,34.07,32950,0.17999999999999972,0.00531130126881085
MCM,2024-01-10,34.07,34.07,33.89,34.07,25663,0.17999999999999972,0.0
MCM,2024-01-11,33.89,34.35,33.89,34.16,55047,0.46000000000000085,0.00796695190321617
MCM,2024-01-12,34.16,34.16,33.8,33.89,19901,0.35999999999999943,-0.007903981264636886
MCM,2024-01-15,33.89,33.89,33.71,33.8,18260,0.17999999999999972,-0.00265565063440553
MCM,2024-01-16,34.07,34.07,33.71,33.8,6911,0.35999999999999943,-0.007924860581156535
MCM,2024-01-17,33.62,34.16,33.62,33.89,10250,0.5399999999999991,0.008030933967876358
MCM,2024-01-18,33.8,33.98,33.8,33.8,7875,0.17999999999999972,0.0
MCM,2024-01-19,34.07,34.16,33.8,34.16,29718,0.35999999999999943,0.002641620193718706
MCM,2024-01-22,34.07,34.53,34.07,34.53,68847,0.46000000000000085,0.013501614323451741
MCM,2024-01-23,34.62,34.9,34.44,34.81,45495,0.46000000000000085,0.005488157134604415
MCM,2024-01-24,34.81,36.64,34.81,35.72,84812,1.8299999999999983,0.026141913243320786
MCM,2024-01-25,35.81,35.91,35.36,35.63,15739,0.5499999999999972,-0.005026528902541181
MCM,2024-01-26,35.72,35.91,35.63,35.81,16515,0.27999999999999403,0.002519596864501775
MCM,2024-01-29,35.81,36.0,35.36,35.72,13937,0.6400000000000006,-0.00251326445127069
MCM,2024-01-30,36.0,36.0,35.63,35.72,6120,0.36999999999999744,-0.00777777777777781
MCM,2024-01-31,35.54,35.91,35.54,35.63,30107,0.36999999999999744,0.002532357906584227
MCM,2024-02-01,35.54,36.64,35.45,36.45,65500,1.1899999999999977,0.02560495216657298
MCM,2024-02-02,36.55,39.84,36.55,38.01,249394,3.2900000000000063,0.039945280437756525
MCM,2024-02-05,37.55,38.47,37.55,38.29,21988,0.9200000000000017,0.019707057256990734
MCM,2024-02-06,38.47,38.47,38.01,38.29,34907,0.46000000000000085,-0.004678970626462171
MCM,2024-02-07,38.47,39.75,38.47,39.02,71161,1.2800000000000011,0.014296854691967878
MCM,2024-02-15,39.2,39.39,38.93,38.93,23037,0.46000000000000085,-0.0068877551020408954
MCM,2024-02-16,38.56,39.48,38.47,39.11,75995,1.009999999999998,0.014263485477178348
MCM,2024-02-19,39.29,39.39,38.84,38.93,67033,0.5499999999999972,-0.009162636803257813
MCM,2024-02-20,39.02,39.2,38.01,38.93,65529,1.1900000000000048,-0.002306509482316848
MCM,2024-02-21,38.56,38.93,38.47,38.84,23707,0.46000000000000085,0.007261410788381772
MCM,2024-02-22,38.74,39.39,38.65,39.39,52944,0.740000000000002,0.016778523489932848
MCM,2024-02-23,39.39,40.12,38.65,38.93,111814,1.4699999999999989,-0.0116780908860117
MCM,2024-02-26,39.02,39.2,38.47,39.02,16718,0.730000000000004,0.0
MCM,2024-02-27,39.2,39.2,38.56,39.02,24346,0.6400000000000006,-0.00459183673469387
MCM,2024-02-28,39.84,39.84,38.65,38.93,19211,1.1900000000000048,-0.02284136546184748
MCM,2024-02-29,39.66,39.66,38.47,38.47,31912,1.1899999999999977,-0.030005042864346895
MCM,2024-03-01,39.29,44.24,39.29,40.67,288271,4.950000000000003,0.03512344107915507
MCM,2024-03-04,40.67,41.03,40.03,40.3,56476,1.0,-0.009097614949594407
MCM,2024-03-05,40.12,40.12,39.39,39.57,59410,0.7299999999999969,-0.013708873379860348
MCM,2024-03-06,39.39,39.94,39.2,39.57,47570,0.7399999999999949,0.004569687738004562
MCM,2024-03-07,39.2,39.75,39.2,39.48,37151,0.5499999999999972,0.00714285714285699
MCM,2024-03-08,39.39,39.39,39.2,39.39,24619,0.18999999999999773,0.0
MCM,2024-03-11,39.2,39.84,38.47,39.2,40900,1.3700000000000045,0.0
MCM,2024-03-12,38.74,39.39,38.29,38.74,22705,1.1000000000000014,0.0
MCM,2024-03-13,38.47,39.11,38.2,38.84,43531,0.9099999999999966,0.009617884065505707
MCM,2024-03-14,39.11,39.2,38.74,39.02,23820,0.46000000000000085,-0.0023012017386856635
MCM,2024-03-15,38.93,38.93,38.38,38.65,19817,0.5499999999999972,-0.0071923966092987705
MCM,2024-03-18,37.92,42.59,37.92,39.2,117560,4.670000000000002,0.03375527426160341
MCM,2024-03-19,40.12,40.12,38.93,39.2,10602,1.1899999999999977,-0.022931206380857296
MCM,2024-03-20,39.2,39.39,38.93,39.2,19236,0.46000000000000085,0.0
MCM,2024-03-21,38.74,39.39,38.74,39.11,21502,0.6499999999999986,0.009550851832730961
MCM,2024-03-22,38.93,39.2,38.65,39.02,11071,0.5500000000000043,0.0023118417672746833
MCM,2024-03-25,38.56,38.74,38.29,38.56,62240,0.45000000000000284,0.0
MCM,2024-03-26,38.65,38.74,38.56,38.74,16531,0.17999999999999972,0.002328589909443814
MCM,2024-03-27,38.74,38.84,38.56,38.56,18503,0.28000000000000114,-0.00464636035105833
MCM,2024-03-28,38.56,38.93,38.47,38.93,18403,0.46000000000000085,0.009595435684647236
MCM,2024-03-29,38.65,38.84,38.47,38.84,18025,0.37000000000000455,0.00491591203104799
MCM,2024-04-01,38.56,38.65,38.47,38.47,23050,0.17999999999999972,-0.0023340248962656486
MCM,2024-04-02,38.47,38.65,38.01,38.56,35970,0.6400000000000006,0.002339485313231178
MCM,2024-04-03,38.47,38.47,38.01,38.29,29502,0.46000000000000085,-0.004678970626462171
MCM,2024-04-04,38.1,38.29,37.37,37.46,139171,0.9200000000000017,-0.016797900262467205
MCM,2024-04-05,37.19,37.55,36.91,36.91,41600,0.6400000000000006,-0.007528905619790297
MCM,2024-04-08,36.91,37.19,36.64,36.64,53852,0.5499999999999972,-0.007315090761311191
MCM,2024-04-09,36.82,36.82,36.18,36.55,88708,0.6400000000000006,-0.007332971211298292
MCM,2024-04-10,36.36,36.36,35.91,36.09,34536,0.45000000000000284,-0.007425742574257316
MCM,2024-04-11,35.72,36.27,35.72,36.18,10000,0.5500000000000043,0.012877939529675276
MCM,2024-04-12,36.18,36.64,36.18,36.55,66123,0.46000000000000085,0.010226644555002693
MCM,2024-04-15,36.55,36.64,36.09,36.09,23000,0.5499999999999972,-0.012585499316005302
MCM,2024-04-16,36.64,36.64,35.26,35.91,61525,1.3800000000000026,-0.01992358078602631
MCM,2024-04-17,35.91,36.36,35.72,35.72,28225,0.6400000000000006,-0.005291005291005228
MCM,2024-04-19,35.72,35.72,35.08,35.17,34104,0.6400000000000006,-0.015397536394176852
MCM,2024-04-22,35.08,35.26,34.53,35.17,77424,0.7299999999999969,0.0025655644241734154
MCM,2024-04-23,34.9,35.26,34.62,34.62,14664,0.6400000000000006,-0.008022922636103184
MCM,2024-04-24,35.36,35.36,34.53,34.71,38862,0.8299999999999983,-0.01838235294117643
MCM,2024-04-25,35.26,35.26,34.44,34.62,10950,0.8200000000000003,-0.018150879183210455
MCM,2024-04-26,35.26,35.26,34.71,34.81,14050,0.5499999999999972,-0.012762336925694718
MCM,2024-05-02,34.81,35.26,34.81,35.08,17580,0.44999999999999574,0.007756391841424763
MCM,2024-05-03,35.08,35.17,34.81,34.81,9501,0.35999999999999943,-0.007696693272519841
MCM,2024-05-06,35.26,35.26,34.81,34.99,40111,0.44999999999999574,-0.00765740215541679
MCM,2024-05-07,35.17,36.55,35.17,36.09,75505,1.3799999999999955,0.026158657947114066
MCM,2024-05-08,36.09,36.09,35.72,35.81,13015,0.37000000000000455,-0.007758381823219759
MCM,2024-05-09,36.0,36.0,35.45,35.72,30300,0.5499999999999972,-0.00777777777777781
MCM,2024-05-10,35.72,36.45,35.72,36.18,38111,0.730000000000004,0.012877939529675276
MCM,2024-05-13,36.18,36.45,36.18,36.27,16711,0.2700000000000031,0.002487562189054821
MCM,2024-05-14,36.27,36.27,36.0,36.18,7310,0.2700000000000031,-0.0024813895781638654
MCM,2024-05-15,36.18,36.64,36.18,36.55,46151,0.46000000000000085,0.010226644555002693
MCM,2024-05-16,36.55,36.64,36.45,36.64,29610,0.18999999999999773,0.002462380300957686
MCM,2024-05-17,37.74,37.74,36.64,36.73,19652,1.1000000000000014,-0.026762056173821012
MCM,2024-05-20,36.64,36.73,36.45,36.64,26186,0.27999999999999403,0.0
MCM,2024-05-21,36.18,36.55,35.72,36.45,11100,0.8299999999999983,0.007462686567164266
MCM,2024-05-22,36.55,36.73,36.18,36.73,34400,0.5499999999999972,0.004924760601915178
MCM,2024-05-23,36.73,36.82,36.45,36.82,19501,0.36999999999999744,0.0024503130955623037
MCM,2024-05-24,37.77,37.77,35.7,36.73,59532,2.0700000000000003,-0.027535080751919676
MCM,2024-05-27,37.58,42.09,37.58,41.05,279723,4.510000000000005,0.09233634912187332
MCM,2024-05-28,41.15,46.97,41.15,46.97,840120,5.82,0.1414337788578372
MCM,2024-05-29,47.07,49.32,45.0,45.47,471562,4.32,-0.033991926917357154
MCM,2024-05-30,45.09,45.09,41.62,43.59,378816,3.470000000000006,-0.0332667997338656
MCM,2024-05-31,43.21,44.62,43.21,43.5,137513,1.4099999999999966,0.006711409395973134
MCM,2024-06-03,43.59,43.97,43.4,43.59,178825,0.5700000000000003,0.0
MCM,2024-06-04,43.68,44.06,42.74,43.31,190256,1.3200000000000003,-0.008470695970695913
MCM,2024-06-05,42.74,45.56,42.74,44.91,453051,2.8200000000000003,0.05077211043518939
MCM,2024-06-06,44.53,45.94,44.53,45.09,262558,1.4099999999999966,0.012575791601167802
MCM,2024-06-07,44.34,48.38,44.34,47.16,634693,4.039999999999999,0.06359945872801066
MCM,2024-06-10,47.44,49.23,46.69,46.69,432444,2.539999999999999,-0.015809443507588533
MCM,2024-06-11,47.07,47.07,44.44,45.56,374198,2.6300000000000026,-0.03207988102825575
MCM,2024-06-12,45.56,46.31,44.15,44.44,221500,2.1600000000000037,-0.024582967515364453
MCM,2024-06-13,44.72,45.66,44.25,45.09,250349,1.4099999999999966,0.008273703041145003
MCM,2024-06-25,45.56,45.56,41.34,41.34,386100,4.219999999999999,-0.09262510974539066
MCM,2024-06-26,42.09,42.09,39.08,39.55,218803,3.010000000000005,-0.060346875742456785
MCM,2024-06-27,39.46,39.46,38.05,38.38,190024,1.4100000000000037,-0.027369488089204214
MCM,2024-06-28,38.66,39.83,38.33,38.38,136533,1.5,-0.00724262803931697
MCM,2024-07-01,38.14,38.38,37.72,38.14,98012,0.6600000000000037,0.0
MCM,2024-07-02,38.89,38.99,38.14,38.94,94900,0.8500000000000014,0.0012856775520698677
MCM,2024-07-03,38.99,39.41,38.52,38.99,61892,0.8899999999999935,0.0
MCM,2024-07-04,39.17,39.32,38.52,38.89,82515,0.7999999999999972,-0.00714832780188923
MCM,2024-07-05,38.99,39.93,38.52,38.99,104162,1.4099999999999966,0.0
MCM,2024-07-08,38.99,39.08,38.14,38.24,121610,0.9399999999999977,-0.01923570146191331
MCM,2024-07-09,38.7,38.7,38.19,38.52,139844,0.5100000000000051,-0.0046511627906976665
MCM,2024-07-10,38.52,38.52,37.95,38.33,184440,0.5700000000000003,-0.004932502596054123
MCM,2024-07-11,38.19,38.28,37.72,37.77,110441,0.5600000000000023,-0.010997643362136544
MCM,2024-07-12,37.77,37.77,37.15,37.44,117718,0.6200000000000045,-0.00873709293089768
MCM,2024-07-15,37.44,39.93,37.44,38.19,188313,2.490000000000002,0.020032051282051284
MCM,2024-07-16,38.19,38.19,37.44,37.44,61621,0.75,-0.01963864886095837
MCM,2024-07-17,37.58,37.67,36.5,36.64,121488,1.1700000000000017,-0.025013304949441133
MCM,2024-07-18,36.64,36.83,36.17,36.5,92628,0.6599999999999966,-0.0038209606986899717
MCM,2024-07-19,36.45,36.5,36.03,36.17,41164,0.46999999999999886,-0.0076817558299040085
MCM,2024-07-22,36.17,36.17,35.23,35.32,114900,0.9400000000000048,-0.02350013823610731
MCM,2024-07-23,35.28,35.42,34.15,34.15,179642,1.2700000000000031,-0.03202947845804996
MCM,2024-07-24,34.52,34.76,34.15,34.67,31740,0.6099999999999994,0.004345307068366123
MCM,2024-07-25,34.71,34.71,34.34,34.52,25254,0.36999999999999744,-0.005473926822241363
MCM,2024-07-26,34.43,34.95,34.43,34.52,35502,0.5200000000000031,0.0026139994191113395
MCM,2024-07-29,34.52,35.04,34.52,34.99,47202,0.519999999999996,0.013615295480880614
MCM,2024-07-30,35.42,35.42,35.04,35.37,27356,0.38000000000000256,-0.0014116318464145754
MCM,2024-07-31,35.42,37.58,35.37,36.92,104581,2.210000000000001,0.04234895539243365
MCM,2024-08-01,37.2,37.2,34.95,35.37,51726,2.25,-0.049193548387096914
MCM,2024-08-02,35.37,35.37,34.76,34.9,65271,0.6099999999999994,-0.013288097257562876
MCM,2024-08-05,35.09,35.09,34.01,34.01,144181,1.0800000000000054,-0.030777999430037197
MCM,2024-08-06,34.38,34.71,34.01,34.71,77943,0.7000000000000028,0.009598603839441486
MCM,2024-08-07,35.23,35.28,34.67,34.81,24642,0.6099999999999994,-0.01192165767811509
MCM,2024-08-08,34.81,35.23,34.71,35.04,67849,0.519999999999996,0.006607296753806287
MCM,2024-08-09,34.99,35.23,34.76,35.23,41932,0.46999999999999886,0.006859102600742923
MCM,2024-08-12,35.13,35.7,35.13,35.42,10620,0.5700000000000003,0.008255052661542816
MCM,2024-08-13,35.51,35.65,34.9,35.51,32539,0.75,0.0
MCM,2024-08-14,35.46,35.56,35.13,35.13,18701,0.4299999999999997,-0.00930626057529606
MCM,2024-08-15,35.13,35.56,35.13,35.42,33820,0.4299999999999997,0.008255052661542816
MCM,2024-08-16,35.42,35.65,35.13,35.51,59712,0.519999999999996,0.002540937323545915
MCM,2024-08-19,35.56,36.97,35.56,36.92,81389,1.4099999999999966,0.03824521934758154
MCM,2024-08-20,37.01,37.01,36.17,36.68,40395,0.8399999999999963,-0.008916509051607627
MCM,2024-08-21,36.64,36.73,36.07,36.45,26345,0.6599999999999966,-0.0051855895196505925
MCM,2024-08-22,36.5,36.5,35.84,35.98,15912,0.6599999999999966,-0.01424657534246584
MCM,2024-08-23,35.98,36.07,35.79,35.93,19489,0.28000000000000114,-0.0013896609227347738
MCM,2024-08-26,35.79,35.84,35.51,35.79,37410,0.3300000000000054,0.0
MCM,2024-08-27,36.03,36.03,35.37,35.7,24239,0.6600000000000037,-0.009159034138218104
MCM,2024-08-28,35.7,35.79,35.51,35.51,32940,0.28000000000000114,-0.005322128851540751
MCM,2024-08-29,35.51,35.7,35.42,35.6,22500,0.28000000000000114,0.0025344973246973646
MCM,2024-08-30,35.6,35.65,35.23,35.6,22104,0.4200000000000017,0.0
MCM,2024-09-04,35.6,35.6,35.23,35.51,20135,0.37000000000000455,-0.002528089887640545
MCM,2024-09-05,35.51,35.51,35.23,35.23,14512,0.28000000000000114,-0.00788510278794709
MCM,2024-09-06,35.23,35.32,35.23,35.23,21612,0.09000000000000341,0.0
MCM,2024-09-09,34.95,35.51,34.67,34.67,45370,0.8399999999999963,-0.008011444921316198
MCM,2024-09-10,34.95,35.23,34.01,34.62,37920,1.2199999999999989,-0.009442060085837064
MCM,2024-09-11,34.62,34.62,34.29,34.29,34860,0.3299999999999983,-0.00953206239168106
MCM,2024-09-12,34.48,34.76,34.43,34.71,22300,0.3299999999999983,0.006670533642691531
MCM,2024-09-13,34.95,34.95,34.52,34.76,9301,0.4299999999999997,-0.0054363376251789644
MCM,2024-09-16,34.76,34.76,34.29,34.52,55480,0.46999999999999886,-0.006904487917145998
MCM,2024-09-17,34.29,34.57,34.24,34.48,35254,0.3299999999999983,0.005540974044910987
MCM,2024-09-18,34.76,34.76,34.52,34.62,8900,0.23999999999999488,-0.004027617951668601
MCM,2024-09-19,34.62,34.62,34.29,34.57,29422,0.3299999999999983,-0.0014442518775273588
MCM,2024-09-20,34.76,34.76,34.38,34.52,30670,0.37999999999999545,-0.006904487917145998
MCM,2024-09-23,34.76,34.76,34.2,34.2,31728,0.5599999999999952,-0.0161104718066742
MCM,2024-09-24,34.24,34.76,34.2,34.48,46505,0.5599999999999952,0.007009345794392373
MCM,2024-09-25,34.67,34.76,34.57,34.71,32752,0.18999999999999773,0.0011537352177674977
MCM,2024-09-26,34.71,35.04,34.67,35.04,33163,0.36999999999999744,0.009507346585998222
MCM,2024-09-27,35.23,35.23,34.85,34.95,27110,0.37999999999999545,-0.007947771785409993
MCM,2024-09-30,35.42,36.12,34.95,34.95,95322,1.1699999999999946,-0.013269339356295845
MCM,2024-10-01,35.04,35.13,34.9,34.95,16337,0.23000000000000398,-0.002568493150684826
MCM,2024-10-02,35.23,35.23,34.67,34.95,9460,0.5599999999999952,-0.007947771785409993
MCM,2024-10-03,34.67,34.85,34.57,34.85,16063,0.28000000000000114,0.005191808479953842
MCM,2024-10-04,34.76,34.76,34.48,34.48,18260,0.28000000000000114,-0.008055235903337203
MCM,2024-10-07,34.62,34.76,34.52,34.57,23377,0.23999999999999488,-0.0014442518775273588
MCM,2024-10-08,34.57,34.57,34.48,34.52,10960,0.09000000000000341,-0.0014463407578824748
MCM,2024-10-09,34.85,35.51,34.29,34.57,27162,1.2199999999999989,-0.008034433285509358
MCM,2024-10-10,34.76,34.76,34.48,34.48,7989,0.28000000000000114,-0.008055235903337203
MCM,2024-10-11,34.52,34.62,34.1,34.43,45239,0.519999999999996,-0.0026071842410197972
MCM,2024-10-14,34.43,34.57,34.38,34.57,23210,0.18999999999999773,0.004066221318617501
MCM,2024-10-15,34.71,34.71,34.29,34.34,40385,0.4200000000000017,-0.010659752232785867
MCM,2024-10-16,34.29,34.57,34.15,34.52,19317,0.4200000000000017,0.006707494896471391
MCM,2024-10-17,34.34,34.67,34.34,34.67,5053,0.3299999999999983,0.0096097845078625
MCM,2024-10-18,34.48,34.48,34.29,34.38,25025,0.18999999999999773,-0.0029002320185613204
MCM,2024-10-21,34.15,34.38,34.15,34.38,24170,0.23000000000000398,0.0067349926793559
MCM,2024-10-22,34.38,34.38,34.1,34.24,22635,0.28000000000000114,-0.004072134962187335
MCM,2024-10-23,34.24,34.24,34.01,34.24,15550,0.23000000000000398,0.0
MCM,2024-10-24,34.2,34.29,33.82,33.96,53680,0.46999999999999886,-0.00701754385964918
MCM,2024-10-25,33.91,34.24,33.87,34.01,12718,0.37000000000000455,0.002948982601002696
MCM,2024-10-28,34.05,34.05,33.96,34.01,16624,0.0899999999999963,-0.0011747430249632643
MCM,2024-10-29,34.01,34.01,33.82,33.91,27758,0.18999999999999773,-0.0029403116730373838
MCM,2024-10-30,34.01,34.2,33.91,34.01,25961,0.29000000000000625,0.0
MCM,2024-10-31,33.91,34.2,33.82,34.01,25393,0.38000000000000256,0.002948982601002696
MCM,2024-11-01,34.1,34.1,33.73,33.82,20300,0.37000000000000455,-0.008211143695014696
MCM,2024-11-04,33.82,33.96,33.73,33.82,16292,0.23000000000000398,0.0
MCM,2024-11-05,33.58,33.91,33.49,33.82,8920,0.4199999999999946,0.0071471113758189994
MCM,2024-11-06,33.91,34.05,33.82,33.91,29273,0.22999999999999687,0.0
MCM,2024-11-07,33.91,34.1,33.63,33.82,31347,0.46999999999999886,-0.00265408434090228
MCM,2024-11-08,33.91,34.1,33.87,33.96,86400,0.23000000000000398,0.001474491300501453
MCM,2024-11-11,34.01,34.57,34.01,34.1,33420,0.5600000000000023,0.0026462805057337084
MCM,2024-11-12,34.24,34.34,34.1,34.1,23803,0.240000000000002,-0.004088785046728988
MCM,2024-11-13,34.1,34.2,33.63,33.91,32100,0.5700000000000003,-0.00557184750733152
MCM,2024-11-14,34.11,34.11,33.62,33.72,32375,0.490000000000002,-0.011433597185576095
MCM,2024-11-15,33.72,33.72,33.24,33.24,24795,0.4799999999999969,-0.014234875444839765
MCM,2024-11-18,35.27,35.27,33.24,33.53,135973,2.030000000000001,-0.04933371136943583
MCM,2024-11-19,33.58,33.82,33.43,33.53,3025,0.39000000000000057,-0.0014889815366288613
MCM,2024-11-20,33.53,33.77,33.04,33.33,14021,0.730000000000004,-0.005964807634953858
MCM,2024-11-21,33.24,33.38,33.09,33.38,4049,0.28999999999999915,0.0042117930204572974
MCM,2024-11-22,33.38,33.38,33.14,33.33,2674,0.240000000000002,-0.001497902935889882
MCM,2024-11-25,33.43,33.62,33.14,33.14,6622,0.4799999999999969,-0.008674842955429229
MCM,2024-11-26,33.14,33.43,33.04,33.09,7800,0.39000000000000057,-0.0015087507543752913
MCM,2024-11-27,33.09,33.24,33.09,33.14,2360,0.14999999999999858,0.0015110305228164748
MCM,2024-11-28,33.14,33.33,33.04,33.14,5660,0.28999999999999915,0.0
MCM,2024-11-29,33.04,33.24,30.82,32.85,29410,2.4200000000000017,-0.005750605326876445
MCM,2024-12-02,32.85,33.24,32.17,33.19,2405,1.0700000000000003,0.010350076103500649
MCM,2024-12-03,32.42,33.14,32.37,32.8,34800,0.7700000000000031,0.011721159777914726
MCM,2024-12-04,32.75,32.75,32.46,32.66,11600,0.28999999999999915,-0.002748091603053539
MCM,2024-12-05,32.66,32.66,32.51,32.66,15846,0.14999999999999858,0.0
MCM,2024-12-06,32.66,32.66,32.37,32.42,19154,0.28999999999999915,-0.007348438456827768
MCM,2024-12-09,32.56,32.8,32.51,32.75,19352,0.28999999999999915,0.005835380835380765
MCM,2024-12-10,32.85,32.85,32.42,32.46,23638,0.4299999999999997,-0.011872146118721477
MCM,2024-12-11,32.42,32.51,32.37,32.46,12519,0.14000000000000057,0.0012338062924120649
MCM,2024-12-12,32.46,32.56,32.46,32.46,11300,0.10000000000000142,0.0
MCM,2024-12-13,32.46,34.73,32.37,33.43,54331,2.3599999999999994,0.02988293284041894
MCM,2024-12-16,33.72,34.2,33.48,33.53,24022,0.720000000000006,-0.005634638196915709
MCM,2024-12-17,33.53,33.53,33.43,33.48,54304,0.10000000000000142,-0.0014912019087385702
MCM,2024-12-18,33.43,33.62,33.43,33.48,5800,0.18999999999999773,0.0014956625785222004
MCM,2024-12-19,33.48,33.53,32.85,33.43,16102,0.6799999999999997,-0.0014934289127836668
MCM,2024-12-20,33.43,33.53,33.33,33.43,10776,0.20000000000000284,0.0
MCM,2024-12-23,33.43,33.72,33.43,33.67,6432,0.28999999999999915,0.007179180376907029
MCM,2024-12-24,33.0,33.67,33.0,33.53,2503,0.6700000000000017,0.016060606060606095
MCM,2024-12-25,33.53,33.82,33.53,33.77,41326,0.28999999999999915,0.007157769161944587
MCM,2024-12-26,33.67,33.91,33.62,33.67,70791,0.28999999999999915,0.0
MCM,2024-12-27,33.67,34.06,33.62,33.82,258623,0.44000000000000483,0.004455004455004413
MCM,2024-12-30,33.91,34.01,33.72,33.72,17268,0.28999999999999915,-0.005603066941904976
MCM,2024-12-31,33.72,33.72,33.14,33.14,12328,0.5799999999999983,-0.017200474495848113
QNS,2020-01-02,16.61,16.67,16.31,16.61,411669,0.360000000000003,0.0
QNS,2020-01-03,16.49,17.17,16.49,16.92,43337,0.6800000000000033,0.02607640994542167
QNS,2020-01-06,16.92,16.92,16.49,16.61,54894,0.43000000000000327,-0.0183215130023642
QNS,2020-01-07,16.61,16.61,16.43,16.55,66448,0.17999999999999972,-0.0036122817579770455
QNS,2020-01-08,16.49,16.49,16.31,16.37,120052,0.17999999999999972,-0.007277137659187232
QNS,2020-01-09,16.31,16.49,16.31,16.43,72650,0.17999999999999972,0.007357449417535316
QNS,2020-01-10,16.37,16.61,16.37,16.55,115362,0.23999999999999844,0.010995723885155755
QNS,2020-01-13,16.49,16.8,16.49,16.67,64447,0.3100000000000023,0.010915706488781278
QNS,2020-01-14,16.61,16.67,16.49,16.61,38050,0.18000000000000327,0.0
QNS,2020-01-15,16.61,16.67,16.55,16.61,105118,0.120000000000001,0.0
QNS,2020-01-16,16.61,16.67,16.55,16.61,145386,0.120000000000001,0.0
QNS,2020-01-17,16.61,16.61,16.49,16.49,101431,0.120000000000001,-0.007224563515954304
QNS,2020-01-20,16.61,16.67,16.43,16.61,67340,0.240000000000002,0.0
QNS,2020-01-21,16.61,16.67,16.55,16.61,98161,0.120000000000001,0.0
QNS,2020-01-22,16.74,17.17,16.67,17.04,67010,0.5,0.017921146953405062
QNS,2020-01-30,16.92,17.23,16.86,16.92,90010,0.370000000000001,0.0
QNS,2020-01-31,16.98,16.98,16.8,16.92,206877,0.17999999999999972,-0.003533568904593564
QNS,2020-02-03,16.74,16.74,16.18,16.61,131230,0.5599999999999987,-0.007765830346475449
QNS,2020-02-04,16.61,16.86,16.49,16.86,261764,0.370000000000001,0.015051173991571343
QNS,2020-02-05,16.74,17.17,16.74,17.11,224712,0.43000000000000327,0.022102747909199583
QNS,2020-02-06,17.04,17.6,17.04,17.35,321342,0.5600000000000023,0.018192488262910932
QNS,2020-02-07,17.54,17.54,17.35,17.47,140660,0.18999999999999773,-0.0039908779931585115
QNS,2020-02-10,17.54,17.66,17.47,17.47,117419,0.19000000000000128,-0.0039908779931585115
QNS,2020-02-11,17.47,17.54,17.41,17.41,157116,0.129999999999999,-0.0034344590726959772
QNS,2020-02-12,17.47,17.97,17.47,17.91,358778,0.5,0.02518603319977111
QNS,2020-02-13,17.97,18.52,17.84,18.15,254816,0.6799999999999997,0.010016694490818014
QNS,2020-02-14,18.15,18.21,18.15,18.15,199540,0.060000000000002274,0.0
QNS,2020-02-17,18.15,18.15,17.84,18.03,320912,0.3099999999999987,-0.006611570247933744
QNS,2020-02-18,18.03,18.03,17.66,17.78,151090,0.370000000000001,-0.013865779256794232
QNS,2020-02-19,17.84,17.84,17.66,17.78,170102,0.17999999999999972,-0.0033632286995514977
QNS,2020-02-20,17.85,17.98,17.34,17.59,76122,0.6400000000000006,-0.0145658263305323
QNS,2020-02-21,17.59,17.85,17.34,17.34,197440,0.5100000000000016,-0.014212620807276862
QNS,2020-02-24,17.27,17.27,16.7,16.76,224450,0.5700000000000003,-0.02953097857556445
QNS,2020-02-25,16.7,17.02,16.51,16.89,41622,0.509999999999998,0.011377245508982113
QNS,2020-02-26,16.89,16.89,16.76,16.76,60289,0.129999999999999,-0.0076968620485493786
QNS,2020-02-27,16.83,16.83,16.57,16.64,49544,0.259999999999998,-0.011289364230540567
QNS,2020-02-28,16.64,16.7,16.45,16.57,96376,0.25,-0.004206730769230786
QNS,2020-03-02,16.45,16.51,16.19,16.25,182440,0.3200000000000003,-0.012158054711246157
QNS,2020-03-03,16.32,16.38,16.13,16.25,141249,0.25,-0.0042892156862745275
QNS,2020-03-04,16.25,16.25,16.13,16.25,88600,0.120000000000001,0.0
QNS,2020-03-05,16.38,16.96,16.38,16.83,101289,0.5800000000000018,0.02747252747252743
QNS,2020-03-06,16.76,16.83,16.57,16.76,38830,0.259999999999998,0.0
QNS,2020-03-09,16.7,16.7,15.74,15.81,266662,0.9599999999999991,-0.053293413173652625
QNS,2020-03-10,15.87,15.87,15.55,15.68,135580,0.3199999999999985,-0.011972274732199088
QNS,2020-03-11,15.94,16.45,15.55,15.62,293952,0.8999999999999986,-0.020075282308657485
QNS,2020-03-12,15.94,15.94,15.23,15.43,177356,0.7099999999999991,-0.03199498117942282
QNS,2020-03-13,15.23,15.43,14.98,15.43,232474,0.4499999999999993,0.013131976362442501
QNS,2020-03-16,15.17,15.23,14.98,15.04,385289,0.25,-0.00856954515491106
QNS,2020-03-17,14.98,14.98,14.34,14.41,291240,0.6400000000000006,-0.038050734312416575
QNS,2020-03-18,14.34,14.66,14.28,14.34,203509,0.3800000000000008,0.0
QNS,2020-03-19,14.41,14.41,14.02,14.02,261430,0.39000000000000057,-0.027064538514920234
QNS,2020-03-20,14.02,14.34,13.96,14.21,401084,0.379999999999999,0.013552068473609222
QNS,2020-03-23,14.21,14.21,12.75,12.75,573363,1.4600000000000009,-0.10274454609429984
QNS,2020-03-24,12.75,13.39,12.75,13.32,491099,0.6400000000000006,0.0447058823529412
QNS,2020-03-25,13.32,14.21,13.32,14.15,586235,0.8900000000000006,0.06231231231231232
QNS,2020-03-26,14.15,15.36,14.02,14.41,472586,1.3399999999999999,0.01837455830388691
QNS,2020-03-27,14.92,14.92,14.15,14.6,123230,0.7699999999999996,-0.021447721179624683
QNS,2020-03-30,14.02,14.41,13.77,14.21,83760,0.6400000000000006,0.013552068473609222
QNS,2020-03-31,14.02,14.53,14.02,14.28,277731,0.5099999999999998,0.018544935805991425
QNS,2020-04-01,14.15,14.79,14.15,14.79,173968,0.6399999999999988,0.0452296819787985
QNS,2020-04-03,14.79,15.43,14.79,15.36,487573,0.6400000000000006,0.03853955375253552
QNS,2020-04-06,15.43,16.0,15.43,15.87,366604,0.5700000000000003,0.02851587815942965
QNS,2020-04-07,16.06,16.13,15.68,15.74,273620,0.4499999999999993,-0.01992528019925271
QNS,2020-04-08,15.68,15.68,15.43,15.68,269541,0.25,0.0
QNS,2020-04-09,15.62,15.87,15.62,15.87,251775,0.25,0.016005121638924456
QNS,2020-04-10,15.87,15.94,15.81,15.81,169010,0.129999999999999,-0.0037807183364838514
QNS,2020-04-13,15.3,15.87,15.3,15.74,291836,0.5699999999999985,0.02875816993464049
QNS,2020-04-14,15.87,15.87,15.36,15.43,502830,0.5099999999999998,-0.027725267800882136
QNS,2020-04-15,15.62,15.68,15.36,15.49,695091,0.3200000000000003,-0.008322663252240653
QNS,2020-04-16,15.42,15.63,15.15,15.22,256400,0.4800000000000004,-0.012970168612191912
QNS,2020-04-17,15.22,15.97,15.22,15.7,331260,0.75,0.03153745072273315
QNS,2020-04-20,15.63,15.83,15.56,15.7,136413,0.2699999999999996,0.00447856685860515
QNS,2020-04-21,15.76,15.76,15.29,15.29,228395,0.47000000000000064,-0.02982233502538075
QNS,2020-04-22,15.42,15.42,15.02,15.29,260275,0.40000000000000036,-0.008430609597924825
QNS,2020-04-23,15.36,15.42,15.29,15.42,34820,0.13000000000000078,0.003906250000000033
QNS,2020-04-24,15.42,15.49,15.29,15.49,124412,0.20000000000000107,0.004539559014267204
QNS,2020-04-27,15.49,15.76,15.42,15.56,236177,0.33999999999999986,0.004519044544867675
QNS,2020-04-28,15.56,15.63,15.49,15.56,76649,0.14000000000000057,0.0
QNS,2020-04-29,15.56,15.7,15.49,15.56,156570,0.20999999999999908,0.0
QNS,2020-05-04,15.63,15.63,15.22,15.49,205580,0.41000000000000014,-0.008957133717210528
QNS,2020-05-05,15.56,15.56,15.15,15.42,127980,0.41000000000000014,-0.008997429305912633
QNS,2020-05-06,15.29,15.56,15.29,15.42,163179,0.27000000000000135,0.008502289077828698
QNS,2020-05-07,15.42,15.49,15.36,15.42,77520,0.13000000000000078,0.0
QNS,2020-05-08,15.42,15.7,15.42,15.63,408751,0.27999999999999936,0.013618677042801612
QNS,2020-05-11,15.7,15.9,15.63,15.76,360988,0.2699999999999996,0.0038216560509554457
QNS,2020-05-12,15.83,15.83,15.7,15.83,310506,0.13000000000000078,0.0
QNS,2020-05-13,15.76,16.04,15.76,15.97,430336,0.27999999999999936,0.013324873096446754
QNS,2020-05-14,15.97,16.17,15.97,16.1,323310,0.20000000000000107,0.008140262993112133
QNS,2020-05-15,16.1,16.24,15.97,16.04,198781,0.2699999999999978,-0.0037267080745343024
QNS,2020-05-18,15.97,16.04,15.9,15.97,316747,0.1399999999999988,0.0
QNS,2020-05-19,16.17,16.44,15.97,16.31,853878,0.47000000000000064,0.008658008658008472
QNS,2020-05-20,16.44,16.44,16.17,16.24,300104,0.2699999999999996,-0.012165450121654674
QNS,2020-05-21,16.31,16.51,16.24,16.51,338066,0.2700000000000031,0.012262415695892266
QNS,2020-05-22,16.31,16.58,16.24,16.58,469416,0.33999999999999986,0.016554261189454297
QNS,2020-05-25,16.51,17.33,16.44,17.26,557497,0.889999999999997,0.04542701393095094
QNS,2020-05-26,17.12,17.94,17.12,17.8,389886,0.8200000000000003,0.03971962616822428
QNS,2020-05-27,17.8,17.8,17.33,17.33,431012,0.4700000000000024,-0.026404494382022605
QNS,2020-05-28,17.33,17.6,17.33,17.46,312117,0.2700000000000031,0.00750144258511267
QNS,2020-05-29,17.53,17.6,17.26,17.53,236942,0.33999999999999986,0.0
QNS,2020-06-01,17.46,17.8,17.46,17.73,176819,0.33999999999999986,0.01546391752577317
QNS,2020-06-02,17.73,18.01,17.67,17.73,231838,0.33999999999999986,0.0
QNS,2020-06-03,17.67,17.73,17.6,17.67,118079,0.129999999999999,0.0
QNS,2020-06-04,17.67,17.67,17.53,17.67,128125,0.14000000000000057,0.0
QNS,2020-06-05,17.6,17.73,17.53,17.73,203954,0.1999999999999993,0.007386363636363579
QNS,2020-06-08,17.73,17.87,17.6,17.73,320832,0.2699999999999996,0.0
QNS,2020-06-09,17.8,18.01,17.67,18.01,484040,0.33999999999999986,0.011797752808988812
QNS,2020-06-10,18.01,18.21,17.87,18.01,478843,0.33999999999999986,0.0
QNS,2020-06-11,18.01,18.21,17.8,18.07,529935,0.41000000000000014,0.0033314825097167525
QNS,2020-06-12,17.87,18.14,17.46,18.01,438770,0.6799999999999997,0.007834359261331872
QNS,2020-06-15,17.8,18.07,17.67,18.01,330160,0.3999999999999986,0.011797752808988812
QNS,2020-06-16,18.14,18.55,18.01,18.41,436998,0.5399999999999991,0.014884233737596448
QNS,2020-06-17,18.41,18.41,18.28,18.41,116051,0.129999999999999,0.0
QNS,2020-06-18,18.41,18.48,18.35,18.35,79642,0.129999999999999,-0.003259098316132467
QNS,2020-06-19,18.41,18.55,18.35,18.55,283848,0.1999999999999993,0.007604562737642617
QNS,2020-06-22,18.48,18.89,18.48,18.82,261671,0.41000000000000014,0.01839826839826839
QNS,2020-06-23,18.89,19.84,18.89,19.77,767985,0.9499999999999993,0.04658549497088401
QNS,2020-06-24,19.77,21.54,19.77,20.66,873331,1.7699999999999996,0.04501770359129998
QNS,2020-06-25,20.79,20.79,19.71,20.25,237837,1.0799999999999983,-0.025974025974025934
QNS,2020-06-26,20.11,20.79,20.11,20.25,359350,0.6799999999999997,0.006961710591745429
QNS,2020-06-29,19.71,20.18,19.3,19.37,303281,0.879999999999999,-0.017250126839167927
QNS,2020-06-30,19.71,20.04,19.64,19.71,265306,0.3999999999999986,0.0
QNS,2020-07-01,18.96,20.04,18.96,19.91,1048006,1.0799999999999983,0.05010548523206747
QNS,2020-07-02,19.77,20.11,19.71,20.04,155980,0.3999999999999986,0.013657056145675243
QNS,2020-07-03,18.96,21.06,18.96,20.45,490647,2.099999999999998,0.07858649789029527
QNS,2020-07-06,20.38,21.4,20.32,20.86,413867,1.0799999999999983,0.023552502453385693
QNS,2020-07-07,20.93,21.27,20.79,21.06,333656,0.4800000000000004,0.006211180124223555
QNS,2020-07-08,20.86,21.27,20.72,21.2,389765,0.5500000000000007,0.016299137104506225
QNS,2020-07-09,20.93,21.4,20.93,21.2,267230,0.46999999999999886,0.012900143334925923
QNS,2020-07-10,21.06,21.47,21.06,21.4,667093,0.41000000000000014,0.016144349477682805
QNS,2020-07-13,21.34,22.15,21.34,21.88,279943,0.8099999999999987,0.025304592314901554
QNS,2020-07-14,22.08,22.08,21.74,21.88,126518,0.33999999999999986,-0.009057971014492723
QNS,2020-07-15,21.95,22.02,21.88,21.88,61606,0.14000000000000057,-0.0031890660592255255
QNS,2020-07-16,21.95,21.95,21.74,21.74,113672,0.21000000000000085,-0.009567198177676577
QNS,2020-07-17,21.74,22.08,21.68,21.95,329681,0.3999999999999986,0.009659613615455422
QNS,2020-07-20,22.08,22.15,21.95,22.02,284757,0.1999999999999993,-0.0027173913043477683
QNS,2020-07-21,21.95,22.08,21.54,21.54,335070,0.5399999999999991,-0.018678815489749437
QNS,2020-07-22,21.74,21.74,20.38,21.34,378900,1.3599999999999994,-0.01839926402943876
QNS,2020-07-23,21.13,21.54,21.0,21.27,205741,0.5399999999999991,0.006625650733554216
QNS,2020-07-24,21.06,21.13,20.38,20.59,372455,0.75,-0.0223171889838556
QNS,2020-07-27,19.71,19.71,18.89,19.71,723552,0.8200000000000003,0.0
QNS,2020-07-28,19.03,20.93,19.03,20.59,164270,1.8999999999999986,0.08197582764056745
QNS,2020-07-29,20.38,20.72,20.11,20.45,258878,0.6099999999999994,0.003434739941118758
QNS,2020-07-30,20.38,21.47,20.38,21.4,402425,1.0899999999999999,0.050049067713444535
QNS,2020-07-31,21.06,21.68,21.06,21.4,335985,0.620000000000001,0.016144349477682805
QNS,2020-08-03,20.72,21.47,20.72,21.34,85170,0.75,0.029922779922779974
QNS,2020-08-04,21.27,21.4,21.27,21.34,88325,0.129999999999999,0.0032910202162670563
QNS,2020-08-05,21.13,21.4,21.13,21.4,97276,0.2699999999999996,0.012778040700425914
QNS,2020-08-06,21.34,21.4,21.27,21.27,104418,0.129999999999999,-0.003280224929709479
QNS,2020-08-07,21.27,21.34,21.2,21.34,48420,0.14000000000000057,0.0032910202162670563
QNS,2020-08-10,21.34,21.34,20.93,21.27,95742,0.41000000000000014,-0.003280224929709479
QNS,2020-08-11,21.13,21.34,21.13,21.34,114104,0.21000000000000085,0.009938476100331323
QNS,2020-08-12,21.2,21.34,21.2,21.27,118231,0.14000000000000057,0.0033018867924528438
QNS,2020-08-13,21.27,21.4,21.27,21.4,241047,0.129999999999999,0.006111894687353033
QNS,2020-08-14,21.4,21.4,21.06,21.06,150219,0.33999999999999986,-0.015887850467289712
QNS,2020-08-17,21.06,21.4,20.93,21.2,435578,0.46999999999999886,0.006647673314340009
QNS,2020-08-18,21.34,21.4,21.2,21.4,161017,0.1999999999999993,0.0028116213683223395
QNS,2020-08-19,21.4,21.47,21.2,21.34,178800,0.2699999999999996,-0.0028037383177569497
QNS,2020-08-20,21.47,22.36,21.34,22.15,1086674,1.0199999999999996,0.03167210060549603
QNS,2020-08-21,22.22,22.49,22.22,22.29,260704,0.2699999999999996,0.0031503150315031632
QNS,2020-08-24,22.42,22.97,22.42,22.83,236661,0.5499999999999972,0.01828724353256006
QNS,2020-08-25,22.83,23.1,22.42,22.97,792878,0.6799999999999997,0.0061322820849759345
QNS,2020-08-26,23.1,23.71,22.9,23.58,542335,0.8100000000000023,0.020779220779220644
QNS,2020-08-27,23.31,25.01,23.31,24.87,563597,1.7000000000000028,0.06692406692406702
QNS,2020-08-28,24.87,25.41,24.8,24.94,496410,0.6099999999999994,0.002814636107760365
QNS,2020-08-31,25.01,25.01,24.12,24.26,235766,0.8900000000000006,-0.029988004798080767
QNS,2020-09-01,24.26,24.26,23.44,23.85,282493,0.8200000000000003,-0.016900247320692504
QNS,2020-09-03,23.92,23.92,23.58,23.78,258648,0.3400000000000034,-0.0058528428093645715
QNS,2020-09-04,23.78,23.92,23.51,23.85,359580,0.41000000000000014,0.002943650126156446
QNS,2020-09-07,23.85,23.85,23.44,23.44,248669,0.41000000000000014,-0.017190775681341725
QNS,2020-09-08,23.37,23.51,23.3,23.37,251649,0.21000000000000085,0.0
QNS,2020-09-09,23.09,23.44,22.68,23.23,297272,0.7600000000000016,0.0060632308358597045
QNS,2020-09-10,23.37,23.92,23.37,23.51,158800,0.5500000000000007,0.005990586221651714
QNS,2020-09-11,23.37,23.37,23.09,23.09,118632,0.28000000000000114,-0.011981172443303429
QNS,2020-09-14,23.09,24.82,23.02,23.09,100554,1.8000000000000007,0.0
QNS,2020-09-15,23.16,23.16,22.75,22.96,260280,0.41000000000000014,-0.008635578583765081
QNS,2020-09-16,23.02,23.3,22.89,23.16,325751,0.41000000000000014,0.006081668114682909
QNS,2020-09-17,23.09,23.78,23.09,23.64,362294,0.6900000000000013,0.023819835426591628
QNS,2020-09-18,23.64,23.78,23.3,23.44,158715,0.4800000000000004,-0.008460236886632796
QNS,2020-09-21,23.37,23.44,23.16,23.23,155710,0.28000000000000114,-0.005990586221651714
QNS,2020-09-22,23.02,23.16,22.89,23.02,139340,0.2699999999999996,0.0
QNS,2020-09-23,23.16,23.16,22.75,23.02,340760,0.41000000000000014,-0.006044905008635603
QNS,2020-09-24,23.02,23.71,23.02,23.44,415543,0.6900000000000013,0.01824500434404873
QNS,2020-09-25,23.51,23.51,23.23,23.37,96465,0.28000000000000114,-0.00595491280306255
QNS,2020-09-28,23.37,23.37,22.89,23.23,134948,0.4800000000000004,-0.005990586221651714
QNS,2020-09-29,23.16,23.23,22.96,23.09,112393,0.2699999999999996,-0.0030224525043178016
QNS,2020-09-30,23.02,23.37,22.89,23.16,95457,0.4800000000000004,0.006081668114682909
QNS,2020-10-01,23.16,23.37,23.09,23.3,336829,0.28000000000000114,0.006044905008635603
QNS,2020-10-02,23.3,24.13,23.3,23.64,969467,0.8299999999999983,0.014592274678111581
QNS,2020-10-05,23.64,23.92,23.64,23.92,321700,0.28000000000000114,0.011844331641286003
QNS,2020-10-06,23.99,24.13,23.78,23.85,243500,0.34999999999999787,-0.005835764902042393
QNS,2020-10-07,23.85,23.85,23.51,23.51,395500,0.33999999999999986,-0.014255765199161418
QNS,2020-10-08,23.51,23.71,23.02,23.44,463700,0.6900000000000013,-0.002977456401531275
QNS,2020-10-09,23.09,23.51,23.09,23.44,157000,0.4200000000000017,0.015158077089649261
QNS,2020-10-12,23.3,23.37,22.75,23.3,408800,0.620000000000001,0.0
QNS,2020-10-13,23.09,23.09,22.96,23.02,202600,0.129999999999999,-0.0030316154179298523
QNS,2020-10-14,22.75,23.02,22.54,22.82,197800,0.4800000000000004,0.0030769230769230895
QNS,2020-10-15,22.82,22.82,22.47,22.61,263800,0.3500000000000014,-0.009202453987730098
QNS,2020-10-16,22.61,22.68,22.33,22.54,132100,0.3500000000000014,-0.003095975232198155
QNS,2020-10-19,22.4,22.4,21.99,22.13,218700,0.41000000000000014,-0.01205357142857141
QNS,2020-10-20,21.92,22.06,21.92,21.92,168000,0.13999999999999702,0.0
QNS,2020-10-21,21.78,22.2,21.71,22.13,76000,0.48999999999999844,0.016069788797061425
QNS,2020-10-22,22.06,22.2,22.06,22.2,52700,0.14000000000000057,0.006346328195829582
QNS,2020-10-23,22.2,22.33,22.2,22.33,85900,0.129999999999999,0.005855855855855812
QNS,2020-10-26,22.33,22.4,22.06,22.13,92500,0.33999999999999986,-0.008956560680698581
QNS,2020-10-27,22.2,22.2,21.92,22.06,70700,0.2799999999999976,-0.006306306306306332
QNS,2020-10-28,21.85,22.2,21.71,21.92,83000,0.48999999999999844,0.003203661327231134
QNS,2020-10-29,21.51,22.06,21.51,21.92,37600,0.5499999999999972,0.019060901906090198
QNS,2020-10-30,21.92,22.06,21.71,21.92,56100,0.34999999999999787,0.0
QNS,2020-11-02,21.85,22.06,21.71,21.78,40200,0.34999999999999787,-0.003203661327231134
QNS,2020-11-03,21.78,21.85,21.37,21.78,274800,0.4800000000000004,0.0
QNS,2020-11-04,21.71,21.78,21.65,21.78,23400,0.13000000000000256,0.0032243205895900635
QNS,2020-11-05,21.99,22.2,21.92,21.99,138500,0.2799999999999976,0.0
QNS,2020-11-06,22.06,22.54,21.99,22.54,281200,0.5500000000000007,0.021758839528558498
QNS,2020-11-09,22.33,22.75,22.33,22.54,219700,0.4200000000000017,0.009404388714733581
QNS,2020-11-10,22.75,22.82,22.54,22.61,114000,0.28000000000000114,-0.006153846153846179
QNS,2020-11-11,22.75,23.3,22.54,23.23,443600,0.7600000000000016,0.021098901098901116
QNS,2020-11-12,23.09,23.85,23.09,23.51,335600,0.7600000000000016,0.01818969250757911
QNS,2020-11-13,23.64,23.64,23.23,23.37,197100,0.41000000000000014,-0.011421319796954297
QNS,2020-11-16,23.44,23.51,23.23,23.3,172000,0.28000000000000114,-0.005972696245733812
QNS,2020-11-17,23.23,23.71,23.09,23.58,258200,0.620000000000001,0.015066724063710627
QNS,2020-11-18,23.51,23.92,23.44,23.85,350900,0.4800000000000004,0.014461931093151843
QNS,2020-11-19,23.78,23.92,23.64,23.78,208500,0.28000000000000114,0.0
QNS,2020-11-20,23.85,23.92,23.58,23.85,164800,0.3400000000000034,0.0
QNS,2020-11-23,23.78,23.85,23.51,23.85,159700,0.33999999999999986,0.002943650126156446
QNS,2020-11-24,23.85,24.26,23.85,24.06,278700,0.41000000000000014,0.008805031446540768
QNS,2020-11-25,24.13,24.26,23.85,24.13,155800,0.41000000000000014,0.0
QNS,2020-11-26,24.13,24.13,23.92,23.99,81900,0.2099999999999973,-0.005801906340654811
QNS,2020-11-27,24.06,24.13,23.85,24.06,111000,0.2799999999999976,0.0
QNS,2020-11-30,24.06,24.82,23.99,24.47,308600,0.8300000000000018,0.017040731504571912
QNS,2020-12-01,24.47,24.47,23.99,24.2,141200,0.4800000000000004,-0.011033919084593363
QNS,2020-12-02,23.99,24.47,23.99,24.33,185700,0.4800000000000004,0.014172571904960395
QNS,2020-12-03,24.26,24.54,24.2,24.47,318600,0.33999999999999986,0.008656224237427753
QNS,2020-12-04,24.47,24.82,24.33,24.82,345000,0.490000000000002,0.014303228442991476
QNS,2020-12-07,24.68,24.95,24.61,24.95,249100,0.33999999999999986,0.010940032414910842
QNS,2020-12-08,25.09,25.92,24.89,25.85,797700,1.0300000000000011,0.03029095257074538
QNS,2020-12-09,25.51,26.54,25.51,26.33,324100,1.0299999999999976,0.0321442571540571
QNS,2020-12-10,26.26,26.33,25.64,25.85,226000,0.6899999999999977,-0.015613099771515617
QNS,2020-12-11,25.51,25.85,25.23,25.85,153572,0.620000000000001,0.013328106624852993
QNS,2020-12-14,25.64,26.4,25.44,26.06,257370,0.9599999999999973,0.016380655226208976
QNS,2020-12-15,26.06,26.4,25.85,26.33,312020,0.5499999999999972,0.01036070606293168
QNS,2020-12-16,26.2,26.47,26.2,26.4,169761,0.2699999999999996,0.007633587786259515
QNS,2020-12-17,26.4,26.4,26.2,26.33,264300,0.1999999999999993,-0.0026515151515151625
QNS,2020-12-18,26.26,26.47,26.26,26.33,156278,0.2099999999999973,0.002665651180502541
QNS,2020-12-21,26.47,27.16,26.47,27.09,350276,0.6900000000000013,0.023422742727616207
QNS,2020-12-22,27.23,27.92,27.23,27.64,429870,0.6900000000000013,0.015056922511935371
QNS,2020-12-23,27.78,27.78,26.82,27.16,318265,0.9600000000000009,-0.02231821454283661
QNS,2020-12-24,27.02,27.3,25.57,27.23,370300,1.7300000000000004,0.007772020725388633
QNS,2020-12-25,27.16,27.16,26.54,26.61,187954,0.620000000000001,-0.020250368188512544
QNS,2020-12-28,26.88,26.88,26.54,26.68,123440,0.33999999999999986,-0.007440476190476164
QNS,2020-12-29,26.68,27.02,26.54,26.88,90710,0.4800000000000004,0.007496251874062942
QNS,2020-12-30,26.88,27.3,26.82,27.02,336819,0.4800000000000004,0.005208333333333355
QNS,2020-12-31,26.54,27.16,26.54,27.09,179214,0.620000000000001,0.020723436322532054
QNS,2021-01-04,27.02,27.57,27.02,27.5,346978,0.5500000000000007,0.017764618800888247
QNS,2021-01-05,28.26,28.26,27.44,27.99,558944,0.8200000000000003,-0.009554140127388646
QNS,2021-01-06,27.92,28.06,27.64,27.92,411290,0.41999999999999815,0.0
QNS,2021-01-07,27.85,27.92,27.71,27.78,218634,0.21000000000000085,-0.0025134649910233493
QNS,2021-01-08,27.78,27.85,27.23,27.44,312958,0.620000000000001,-0.012239020878329728
QNS,2021-01-11,27.5,27.57,27.23,27.23,199950,0.33999999999999986,-0.009818181818181802
QNS,2021-01-12,27.23,28.13,27.16,28.06,427322,0.9699999999999989,0.030481087036356897
QNS,2021-01-13,28.06,28.06,27.57,27.78,313025,0.48999999999999844,-0.009978617248752587
QNS,2021-01-14,27.78,27.78,27.23,27.64,252870,0.5500000000000007,-0.00503959683225344
QNS,2021-01-15,27.64,27.85,27.37,27.5,283518,0.4800000000000004,-0.005065123010130267
QNS,2021-01-18,28.95,28.95,27.5,27.64,174600,1.4499999999999993,-0.045250431778929144
QNS,2021-01-19,27.64,27.64,26.26,27.16,303731,1.379999999999999,-0.017366136034732287
QNS,2021-01-20,26.88,27.57,26.61,27.16,218250,0.9600000000000009,0.01041666666666671
QNS,2021-01-21,27.37,27.37,26.88,27.16,125946,0.490000000000002,-0.007672634271099775
QNS,2021-01-22,27.16,27.44,27.02,27.02,130340,0.4200000000000017,-0.005154639175257753
QNS,2021-01-25,27.16,27.16,26.88,26.88,126406,0.28000000000000114,-0.010309278350515505
QNS,2021-01-26,26.88,26.95,26.47,26.75,156571,0.4800000000000004,-0.004836309523809487
QNS,2021-01-27,26.2,26.47,25.57,25.92,224783,0.8999999999999986,-0.010687022900763267
QNS,2021-01-28,25.92,25.92,23.09,23.64,330554,2.830000000000002,-0.087962962962963
QNS,2021-01-29,23.78,25.44,23.78,25.09,144450,1.6600000000000001,0.055088309503784634
QNS,2021-02-01,25.3,25.3,24.33,24.54,96133,0.9700000000000024,-0.030039525691699667
QNS,2021-02-02,24.61,25.16,24.54,24.82,125650,0.620000000000001,0.008533116619260497
QNS,2021-02-03,24.82,25.85,24.61,25.64,113431,1.240000000000002,0.03303787268331992
QNS,2021-02-04,25.51,26.26,25.51,26.2,116696,0.75,0.027048216385730996
QNS,2021-02-05,25.78,26.47,25.71,26.2,78274,0.759999999999998,0.01629169899146618
QNS,2021-02-08,26.2,26.26,25.51,25.64,109100,0.75,-0.02137404580152667
QNS,2021-02-09,25.64,26.13,25.57,26.13,68500,0.5599999999999987,0.019110764430577163
QNS,2021-02-17,26.2,27.92,26.2,27.57,300948,1.7200000000000024,0.0522900763358779
QNS,2021-02-18,27.57,27.92,27.3,27.44,126524,0.620000000000001,-0.0047152702212549516
QNS,2021-02-19,27.5,28.68,27.23,28.26,989623,1.4499999999999993,0.02763636363636369
QNS,2021-02-22,28.33,29.64,28.26,29.23,1240463,1.379999999999999,0.03176844334627611
QNS,2021-02-23,29.3,29.64,29.16,29.3,305033,0.4800000000000004,0.0
QNS,2021-02-24,29.23,29.23,28.68,28.75,540666,0.5500000000000007,-0.01642148477591517
QNS,2021-02-25,28.75,29.37,28.4,28.95,566723,0.9700000000000024,0.00695652173913041
QNS,2021-02-26,29.3,29.3,28.81,29.02,410304,0.490000000000002,-0.0095563139931741
QNS,2021-03-01,29.16,29.23,28.95,29.16,291094,0.28000000000000114,0.0
QNS,2021-03-02,29.44,30.7,29.3,29.93,767055,1.3999999999999986,0.01664402173913038
QNS,2021-03-03,30.0,30.0,29.23,29.44,281255,0.7699999999999996,-0.018666666666666623
QNS,2021-03-04,29.44,29.79,28.67,28.95,350631,1.1199999999999974,-0.016644021739130502
QNS,2021-03-05,28.95,28.95,27.91,28.6,589007,1.0399999999999991,-0.012089810017271083
QNS,2021-03-08,28.6,28.74,28.18,28.32,419875,0.5599999999999987,-0.00979020979020983
QNS,2021-03-09,28.25,29.16,27.98,28.81,604261,1.1799999999999997,0.019823008849557476
QNS,2021-03-10,28.6,29.86,28.6,29.79,975091,1.259999999999998,0.041608391608391526
QNS,2021-03-11,29.79,30.0,29.51,29.51,380192,0.48999999999999844,-0.009399127223900556
QNS,2021-03-12,29.86,29.86,29.37,29.58,393306,0.48999999999999844,-0.009377093101138686
QNS,2021-03-15,29.58,30.14,29.58,29.65,360062,0.5600000000000023,0.0023664638269100843
QNS,2021-03-16,29.86,30.14,29.72,30.14,666084,0.4200000000000017,0.009377093101138686
QNS,2021-03-17,30.0,31.11,30.0,30.77,767521,1.1099999999999994,0.025666666666666654
QNS,2021-03-18,30.84,31.05,30.42,30.63,309890,0.629999999999999,-0.006809338521400806
QNS,2021-03-19,30.63,30.7,30.35,30.56,319629,0.34999999999999787,-0.0022853411687887787
QNS,2021-03-22,30.7,30.84,30.35,30.77,311295,0.48999999999999844,0.0022801302931596185
QNS,2021-03-23,30.42,30.7,30.0,30.49,327712,0.6999999999999993,0.0023011176857329627
QNS,2021-03-24,30.49,30.49,29.65,30.07,375697,0.8399999999999999,-0.013775008199409583
QNS,2021-03-25,30.49,30.49,29.86,30.14,224367,0.629999999999999,-0.011479173499507967
QNS,2021-03-26,30.14,30.14,29.58,29.93,371823,0.5600000000000023,-0.0069674850696748785
QNS,2021-03-29,29.86,29.93,29.58,29.72,329037,0.3500000000000014,-0.004688546550569343
QNS,2021-03-30,29.79,29.79,29.09,29.3,446710,0.6999999999999993,-0.016448472641826063
QNS,2021-03-31,29.44,29.79,28.74,29.79,279500,1.0500000000000007,0.011888586956521667
QNS,2021-04-01,29.72,29.93,29.58,29.72,105277,0.3500000000000014,0.0
QNS,2021-04-02,29.93,30.07,29.79,30.0,155765,0.28000000000000114,0.002338790511192793
QNS,2021-04-05,30.0,30.35,29.65,29.79,190774,0.7000000000000028,-0.007000000000000029
QNS,2021-04-06,29.79,30.49,29.72,30.42,328041,0.7699999999999996,0.021148036253776523
QNS,2021-04-07,30.35,30.63,30.07,30.21,110960,0.5599999999999987,-0.0046128500823723415
QNS,2021-04-08,30.21,30.77,30.14,30.7,396520,0.629999999999999,0.016219794769943674
QNS,2021-04-09,30.7,30.77,30.63,30.63,189119,0.14000000000000057,-0.0022801302931596185
QNS,2021-04-12,30.7,31.05,30.7,30.77,332260,0.3500000000000014,0.0022801302931596185
QNS,2021-04-13,30.98,30.98,30.42,30.56,382030,0.5599999999999987,-0.013557133634603025
QNS,2021-04-14,30.49,30.63,30.42,30.56,107149,0.2099999999999973,0.0022958346999016163
QNS,2021-04-15,31.14,31.14,30.27,30.41,187981,0.870000000000001,-0.023442517662170856
QNS,2021-04-16,30.41,30.56,30.05,30.34,252058,0.509999999999998,-0.002301874383426514
QNS,2021-04-19,29.84,30.34,29.84,30.27,248813,0.5,0.014410187667560312
QNS,2021-04-20,30.27,30.34,29.84,29.91,132331,0.5,-0.011892963330029713
QNS,2021-04-22,29.98,29.98,29.33,29.4,119508,0.6500000000000021,-0.01934623082054709
QNS,2021-04-23,29.26,29.26,28.25,29.11,124402,1.0100000000000016,-0.0051264524948736205
QNS,2021-04-26,29.11,29.11,28.54,28.54,107310,0.5700000000000003,-0.019580900034352467
QNS,2021-04-27,28.54,28.61,28.25,28.46,69900,0.35999999999999943,-0.0028030833917308444
QNS,2021-04-28,28.39,29.26,28.39,28.82,30714,0.870000000000001,0.01514617823177174
QNS,2021-04-29,28.9,29.26,28.68,28.82,93480,0.5800000000000018,-0.002768166089965339
QNS,2021-05-04,28.82,28.82,28.25,28.32,171420,0.5700000000000003,-0.01734906315058987
QNS,2021-05-05,28.32,28.68,28.25,28.54,177295,0.4299999999999997,0.007768361581920864
QNS,2021-05-06,28.46,28.68,28.39,28.46,177100,0.28999999999999915,0.0
QNS,2021-05-07,28.46,28.54,28.17,28.32,392882,0.36999999999999744,-0.004919184820801144
QNS,2021-05-10,28.17,28.17,27.81,27.89,296572,0.360000000000003,-0.009939652112176114
QNS,2021-05-11,27.96,28.32,27.67,28.17,308252,0.6499999999999986,0.007510729613733936
QNS,2021-05-12,28.17,29.04,28.03,28.9,543402,1.009999999999998,0.025914093006744653
QNS,2021-05-13,28.9,29.11,28.39,28.54,281905,0.7199999999999989,-0.012456747404844272
QNS,2021-05-14,28.54,28.68,28.25,28.54,151210,0.4299999999999997,0.0
QNS,2021-05-17,28.54,28.54,28.1,28.17,235382,0.4399999999999977,-0.012964260686755342
QNS,2021-05-18,28.03,28.25,27.81,27.89,304044,0.4400000000000013,-0.0049946485907955964
QNS,2021-05-19,27.89,27.96,27.6,27.74,224900,0.35999999999999943,-0.0053782717820007936
QNS,2021-05-20,27.74,27.81,27.52,27.6,210747,0.28999999999999915,-0.005046863734679057
QNS,2021-05-21,27.6,28.9,27.52,28.46,313800,1.379999999999999,0.03115942028985505
QNS,2021-05-24,28.17,28.39,28.1,28.25,47000,0.28999999999999915,0.0028399006034788175
QNS,2021-05-25,28.25,28.61,28.17,28.61,187051,0.4399999999999977,0.012743362831858387
QNS,2021-05-26,28.61,28.61,28.25,28.32,32224,0.35999999999999943,-0.010136315973435832
QNS,2021-05-27,28.25,28.46,28.17,28.39,173031,0.28999999999999915,0.0049557522123894
QNS,2021-05-28,28.39,28.46,28.1,28.25,130056,0.35999999999999943,-0.004931313842902451
QNS,2021-05-31,28.39,28.54,28.17,28.32,236507,0.36999999999999744,-0.0024656569214512253
QNS,2021-06-01,28.39,28.61,28.32,28.54,195279,0.28999999999999915,0.00528355054596684
QNS,2021-06-02,28.54,28.68,28.32,28.46,200462,0.35999999999999943,-0.0028030833917308444
QNS,2021-06-03,28.54,29.04,28.46,28.97,536645,0.5799999999999983,0.0150665732305536
QNS,2021-06-04,28.97,29.55,28.9,29.04,171074,0.6500000000000021,0.0024162927166033925
QNS,2021-06-07,29.11,29.55,28.54,28.82,180241,1.0100000000000016,-0.00996221229817929
QNS,2021-06-08,28.9,29.26,28.1,28.17,331918,1.1600000000000001,-0.02525951557093415
QNS,2021-06-09,28.1,28.54,28.03,28.25,118660,0.509999999999998,0.005338078291814896
QNS,2021-06-10,28.17,28.46,28.03,28.46,105216,0.4299999999999997,0.010294639687610904
QNS,2021-06-11,28.46,28.75,28.39,28.46,184109,0.35999999999999943,0.0
QNS,2021-06-14,28.61,28.75,28.32,28.46,93422,0.4299999999999997,-0.005242922055225396
QNS,2021-06-15,28.46,28.46,28.32,28.32,81562,0.14000000000000057,-0.004919184820801144
QNS,2021-06-16,28.39,30.56,28.39,30.34,1578804,2.169999999999998,0.06868615709756953
QNS,2021-06-17,30.34,30.99,29.98,30.92,595740,1.009999999999998,0.01911667765326308
QNS,2021-06-18,31.06,32.08,30.85,31.14,453715,1.2299999999999969,0.00257566001287836
QNS,2021-06-21,31.57,31.57,30.41,30.56,1138748,1.1600000000000001,-0.03199239784605643
QNS,2021-06-22,30.56,30.56,29.76,30.34,836347,0.7999999999999972,-0.007198952879581115
QNS,2021-06-23,30.34,30.34,29.26,29.62,539551,1.0799999999999983,-0.023731048121291988
QNS,2021-06-24,29.62,29.62,29.04,29.19,517719,0.5800000000000018,-0.014517218095881152
QNS,2021-06-25,29.26,29.33,28.75,29.04,717688,0.5799999999999983,-0.007518796992481285
QNS,2021-06-28,29.04,29.26,28.9,29.26,369401,0.360000000000003,0.007575757575757659
QNS,2021-06-29,29.26,29.55,29.11,29.26,193500,0.4400000000000013,0.0
QNS,2021-06-30,29.26,29.62,29.11,29.55,396902,0.5100000000000016,0.009911141490088829
QNS,2021-07-01,29.33,29.98,29.33,29.91,306446,0.6500000000000021,0.01977497442891244
QNS,2021-07-02,30.13,30.27,29.69,29.76,241514,0.5799999999999983,-0.012280119482243527
QNS,2021-07-05,29.84,29.84,29.11,29.19,255100,0.7300000000000004,-0.021782841823056252
QNS,2021-07-06,29.26,29.33,28.68,28.9,691197,0.6499999999999986,-0.012303485987696615
QNS,2021-07-07,28.9,29.26,28.46,28.68,488718,0.8000000000000007,-0.007612456747404806
QNS,2021-07-08,28.68,29.04,28.68,28.82,326080,0.35999999999999943,0.0048814504881450685
QNS,2021-07-09,28.9,29.26,28.82,28.9,299458,0.4400000000000013,0.0
QNS,2021-07-12,28.75,28.97,28.17,28.9,679319,0.7999999999999972,0.005217391304347777
QNS,2021-07-13,28.97,29.4,28.68,29.4,248697,0.7199999999999989,0.014842940973420772
QNS,2021-07-14,29.04,30.05,29.04,29.91,589867,1.0100000000000016,0.02995867768595045
QNS,2021-07-15,29.84,30.63,29.84,30.2,399522,0.7899999999999991,0.012064343163538854
QNS,2021-07-16,30.34,30.41,29.98,30.2,236186,0.4299999999999997,-0.004614370468029023
QNS,2021-07-19,30.2,30.2,29.55,29.76,284307,0.6499999999999986,-0.014569536423840984
QNS,2021-07-20,29.76,30.05,29.47,30.05,284782,0.5800000000000018,0.009744623655913949
QNS,2021-07-21,30.05,30.99,29.84,30.85,916794,1.1499999999999986,0.026622296173044947
QNS,2021-07-22,30.92,31.28,30.78,30.85,228560,0.5,-0.002263906856403631
QNS,2021-07-23,30.7,30.92,30.56,30.56,228970,0.360000000000003,-0.004560260586319237
QNS,2021-07-26,30.34,30.41,29.76,30.05,476353,0.6499999999999986,-0.009558338826631482
QNS,2021-07-27,29.98,31.43,29.98,31.14,1227609,1.4499999999999993,0.038692461641094064
QNS,2021-07-28,31.06,31.64,30.85,30.99,418711,0.7899999999999991,-0.0022537025112685217
QNS,2021-07-29,31.06,31.35,30.7,31.21,433489,0.6500000000000021,0.0048293625241468815
QNS,2021-07-30,31.21,31.64,30.85,31.06,563009,0.7899999999999991,-0.004806151874399299
QNS,2021-08-02,31.06,32.44,30.85,32.08,1333787,1.5899999999999963,0.03283966516419831
QNS,2021-08-03,31.79,32.22,31.28,31.57,553526,0.9399999999999977,-0.0069204152249134595
QNS,2021-08-04,31.64,32.36,31.57,31.86,531994,0.7899999999999991,0.006953223767383023
QNS,2021-08-05,31.93,31.93,31.43,31.57,365017,0.5,-0.011274663326025664
QNS,2021-08-06,31.57,32.29,31.43,31.5,899941,0.8599999999999994,-0.0022172949002217386
QNS,2021-08-09,31.5,31.71,31.35,31.64,694225,0.35999999999999943,0.004444444444444463
QNS,2021-08-10,31.64,31.93,31.57,31.71,494612,0.35999999999999943,0.0022123893805309825
QNS,2021-08-11,32.51,34.68,31.86,33.66,2327353,2.8200000000000003,0.035373731159643144
QNS,2021-08-12,33.66,34.68,33.59,33.88,736004,1.0899999999999963,0.006535947712418479
QNS,2021-08-13,33.95,33.95,33.01,33.81,777435,0.9400000000000048,-0.004123711340206202
QNS,2021-08-16,33.81,34.68,33.81,34.39,1194977,0.8699999999999974,0.017154687962141327
QNS,2021-08-17,34.39,34.39,33.66,33.81,752049,0.730000000000004,-0.016865367839488173
QNS,2021-08-18,34.17,34.68,33.37,34.24,657173,1.3100000000000023,0.0020485806262803712
QNS,2021-08-19,34.32,35.41,34.24,34.9,1984262,1.1699999999999946,0.01689976689976685
QNS,2021-08-20,34.97,35.05,33.59,33.88,1012336,1.4599999999999937,-0.031169573920503183
QNS,2021-08-23,32.93,34.32,32.93,33.95,626587,1.3900000000000006,0.030974795019738936
QNS,2021-08-24,33.66,35.12,33.3,34.68,1046335,1.8200000000000003,0.030303030303030398
QNS,2021-08-25,34.68,35.34,34.61,35.34,1020373,0.730000000000004,0.01903114186851222
QNS,2021-08-26,35.78,35.78,34.97,35.05,732476,0.8100000000000023,-0.020402459474566908
QNS,2021-08-27,35.05,35.56,34.61,35.49,797210,0.9500000000000028,0.012553495007132806
QNS,2021-08-30,35.49,36.14,35.49,36.0,777432,0.6499999999999986,0.014370245139475851
QNS,2021-08-31,36.07,37.53,35.78,37.02,1952045,1.75,0.02633767673967294
QNS,2021-09-01,36.87,39.06,36.87,37.97,1701434,2.190000000000005,0.02983455383780856
QNS,2021-09-06,37.97,38.33,37.24,37.31,1104977,1.0899999999999963,-0.017382143797734964
QNS,2021-09-07,37.6,37.6,36.0,36.14,1446784,1.6000000000000014,-0.038829787234042575
QNS,2021-09-08,36.14,36.36,35.56,35.85,625863,0.7999999999999972,-0.008024349750968432
QNS,2021-09-09,35.85,36.73,35.85,36.73,300767,0.8799999999999955,0.024546722454672116
QNS,2021-09-10,36.51,37.02,36.51,36.87,443265,0.5100000000000051,0.009860312243221021
QNS,2021-09-13,36.8,36.8,35.56,36.14,758018,1.2399999999999949,-0.017934782608695563
QNS,2021-09-14,36.0,36.51,35.71,36.29,428870,0.7999999999999972,0.008055555555555531
QNS,2021-09-15,36.36,37.82,36.14,37.82,1208819,1.6799999999999997,0.04015401540154018
QNS,2021-09-16,37.97,40.16,37.9,39.43,2443339,2.259999999999998,0.0384514090071109
QNS,2021-09-17,39.43,40.31,38.99,39.43,1362563,1.3200000000000003,0.0
QNS,2021-09-20,39.5,39.79,38.26,38.48,1164927,1.5300000000000011,-0.02582278481012666
QNS,2021-09-21,37.97,38.26,37.02,37.9,1379428,1.2399999999999949,-0.001843560705820392
QNS,2021-09-22,38.11,39.43,38.11,39.28,1205374,1.3200000000000003,0.030700603516137542
QNS,2021-09-23,39.36,40.23,39.28,39.5,1049410,0.9499999999999957,0.0035569105691057056
QNS,2021-09-24,39.57,39.65,38.33,38.63,908146,1.3200000000000003,-0.023755370229972143
QNS,2021-09-27,38.7,38.7,37.02,37.17,1209049,1.6799999999999997,-0.03953488372093026
QNS,2021-09-28,37.17,37.82,36.58,37.68,453427,1.240000000000002,0.013720742534301802
QNS,2021-09-29,37.38,37.97,37.24,37.75,450352,0.7299999999999969,0.009898341359015447
QNS,2021-09-30,37.82,38.26,37.38,37.46,610358,0.8799999999999955,-0.009518773135906912
QNS,2021-10-01,37.6,38.04,37.24,37.46,755274,0.7999999999999972,-0.003723404255319164
QNS,2021-10-04,37.46,37.82,37.09,37.6,852241,0.7299999999999969,0.0037373198077949965
QNS,2021-10-05,37.6,38.11,37.53,37.68,1022510,0.5799999999999983,0.0021276595744680396
QNS,2021-10-06,37.97,37.97,37.53,37.9,785961,0.4399999999999977,-0.001843560705820392
QNS,2021-10-07,37.97,38.63,37.82,38.41,2400791,0.8100000000000023,0.011588095865156644
QNS,2021-10-08,38.48,39.43,37.97,38.7,1581099,1.4600000000000009,0.005717255717255873
QNS,2021-10-11,38.77,39.36,38.48,38.77,1252457,0.8800000000000026,0.0
QNS,2021-10-12,38.84,38.99,37.82,38.04,1704698,1.1700000000000017,-0.020597322348094856
QNS,2021-10-13,38.04,38.04,37.46,37.75,1126516,0.5799999999999983,-0.0076235541535225855
QNS,2021-10-14,37.75,38.26,37.75,38.19,1515052,0.509999999999998,0.011655629139072787
QNS,2021-10-15,38.19,38.33,37.68,37.82,809354,0.6499999999999986,-0.009688400104739394
QNS,2021-10-18,37.82,38.41,37.75,37.97,1329186,0.6599999999999966,0.003966155473294515
QNS,2021-10-19,37.9,38.11,37.68,37.97,585430,0.4299999999999997,0.0018469656992084508
QNS,2021-10-20,37.9,37.97,37.31,37.68,759985,0.6599999999999966,-0.0058047493403693634
QNS,2021-10-21,37.82,37.82,36.95,37.02,1143373,0.8699999999999974,-0.021152829190904207
QNS,2021-10-22,37.17,37.17,35.85,36.36,1835404,1.3200000000000003,-0.02179176755447948
QNS,2021-10-25,36.51,36.65,35.71,36.14,1413859,0.9399999999999977,-0.010134209805532661
QNS,2021-10-26,36.22,36.8,35.78,36.73,741640,1.019999999999996,0.0140806184428492
QNS,2021-10-27,36.8,37.02,36.58,37.02,707688,0.44000000000000483,0.00597826086956538
QNS,2021-10-28,36.95,38.04,36.51,37.82,1535040,1.5300000000000011,0.0235453315290933
QNS,2021-10-29,37.53,38.63,37.24,37.9,1039732,1.3900000000000006,0.009858779642952236
QNS,2021-11-01,37.97,38.19,37.02,37.31,1351099,1.1699999999999946,-0.017382143797734964
QNS,2021-11-02,37.24,37.24,36.73,36.95,1137444,0.5100000000000051,-0.0077873254564983655
QNS,2021-11-03,36.95,37.6,36.44,36.8,1568551,1.1600000000000037,-0.004059539918809355
QNS,2021-11-04,36.95,37.24,36.51,36.87,608400,0.730000000000004,-0.0021650879566983867
QNS,2021-11-05,36.8,37.53,36.29,37.24,1122778,1.240000000000002,0.011956521739130567
QNS,2021-11-08,37.24,39.79,37.24,38.77,4174023,2.549999999999997,0.04108485499462946
QNS,2021-11-09,38.77,39.06,38.04,38.26,1049009,1.0200000000000031,-0.013154500902759996
QNS,2021-11-10,38.33,39.28,37.75,38.77,2269396,1.5300000000000011,0.011479259066005866
QNS,2021-11-11,38.7,39.14,37.82,38.55,1649294,1.3200000000000003,-0.0038759689922482085
QNS,2021-11-12,38.7,39.79,38.41,39.57,3452103,1.3800000000000026,0.022480620155038693
QNS,2021-11-15,39.79,41.33,39.5,40.82,2909229,1.8299999999999983,0.025885900980145794
QNS,2021-11-16,40.82,40.82,39.79,40.23,1269592,1.0300000000000011,-0.014453699167075047
QNS,2021-11-17,40.16,40.45,39.65,40.16,1281921,0.8000000000000043,0.0
QNS,2021-11-18,40.01,41.04,40.01,40.89,2184193,1.0300000000000011,0.0219945013746564
QNS,2021-11-19,40.89,41.91,39.36,41.25,2452735,2.549999999999997,0.008804108584005856
QNS,2021-11-22,41.18,41.25,39.57,40.45,2117580,1.6799999999999997,-0.017727051966974182
QNS,2021-11-23,40.01,40.89,39.5,40.82,1013516,1.3900000000000006,0.02024493876530873
QNS,2021-11-24,40.31,41.62,40.31,41.47,1192495,1.3099999999999952,0.028776978417266102
QNS,2021-11-25,41.33,42.35,40.67,41.11,1337047,1.6799999999999997,-0.005323009920154824
QNS,2021-11-26,41.11,41.25,40.16,40.45,1178181,1.0900000000000034,-0.01605448795913395
QNS,2021-11-29,40.01,40.23,39.06,40.09,1367835,1.1699999999999946,0.001999500124968893
QNS,2021-11-30,40.09,40.31,39.14,39.43,1007989,1.1700000000000017,-0.016462958343726707
QNS,2021-12-01,39.57,39.57,38.63,38.84,1026580,0.9399999999999977,-0.018448319433914503
QNS,2021-12-02,39.14,39.87,38.48,39.21,497529,1.3900000000000006,0.0017884517118037886
QNS,2021-12-03,39.06,39.5,37.97,37.97,760143,1.5300000000000011,-0.027905785970302185
QNS,2021-12-06,37.97,37.97,35.41,36.29,1187184,2.5600000000000023,-0.044245456939689225
QNS,2021-12-07,36.51,37.24,35.34,36.51,1139744,1.8999999999999986,0.0
QNS,2021-12-08,36.51,36.95,35.92,36.36,363843,1.0300000000000011,-0.004108463434675393
QNS,2021-12-09,36.36,37.17,36.22,37.09,481943,0.9500000000000028,0.020077007700770186
QNS,2021-12-10,36.95,37.6,36.87,37.6,450390,0.730000000000004,0.01759133964817317
QNS,2021-12-13,37.24,37.6,37.09,37.17,347156,0.509999999999998,-0.0018796992481203082
QNS,2021-12-14,37.09,37.31,36.51,36.87,477858,0.8000000000000043,-0.005931517929361174
QNS,2021-12-15,37.17,37.17,36.14,36.22,498071,1.0300000000000011,-0.025558245897229024
QNS,2021-12-16,36.36,36.51,35.78,36.0,477690,0.7299999999999969,-0.009900990099009885
QNS,2021-12-17,36.14,36.14,35.71,35.78,632717,0.4299999999999997,-0.009961261759822895
QNS,2021-12-20,35.71,36.14,35.34,35.34,569663,0.7999999999999972,-0.010361243349201832
QNS,2021-12-21,35.56,36.29,34.9,35.92,741558,1.3900000000000006,0.010123734533183335
QNS,2021-12-22,36.0,36.07,35.56,35.56,296330,0.509999999999998,-0.012222222222222159
QNS,2021-12-23,35.78,35.78,35.12,35.27,567430,0.6600000000000037,-0.014253773057574007
QNS,2021-12-24,35.12,35.56,35.05,35.19,348067,0.5100000000000051,0.0019931662870159537
QNS,2021-12-27,35.19,35.63,35.05,35.12,271949,0.5800000000000054,-0.0019892014776925343
QNS,2021-12-28,35.12,35.19,34.17,34.61,852900,1.019999999999996,-0.014521640091116117
QNS,2021-12-29,34.54,34.9,34.39,34.39,321625,0.509999999999998,-0.004342790966994747
QNS,2021-12-30,34.39,35.78,34.39,35.78,435548,1.3900000000000006,0.04041872637394593
QNS,2021-12-31,35.78,35.78,35.12,35.34,217955,0.6600000000000037,-0.012297372833985402
QNS,2022-01-04,35.34,35.41,34.97,35.05,519181,0.4399999999999977,-0.008205998868138263
QNS,2022-01-05,35.19,35.34,34.68,34.97,621137,0.6600000000000037,-0.006251776072747908
QNS,2022-01-06,34.97,35.19,34.68,34.9,466555,0.509999999999998,-0.0020017157563626048
QNS,2022-01-07,34.9,35.05,34.61,34.76,382510,0.4399999999999977,-0.004011461318051592
QNS,2022-01-10,34.76,34.76,34.1,34.17,771990,0.6599999999999966,-0.0169735327963175
QNS,2022-01-11,34.32,34.46,33.73,33.88,483812,0.730000000000004,-0.012820512820512754
QNS,2022-01-12,34.03,34.03,32.86,33.59,634277,1.1700000000000017,-0.01292976785189532
QNS,2022-01-13,33.59,34.17,33.59,33.88,423654,0.5799999999999983,0.008633521881512328
QNS,2022-01-14,33.88,34.61,33.73,34.46,433963,0.8800000000000026,0.017119244391971614
QNS,2022-01-17,34.46,35.05,33.95,34.03,647108,1.0999999999999943,-0.012478235635519435
QNS,2022-01-18,34.03,34.54,33.44,34.54,342339,1.1000000000000014,0.014986776373787775
QNS,2022-01-19,34.32,34.91,34.1,34.77,288100,0.8099999999999952,0.013111888111888195
QNS,2022-01-20,34.69,35.14,34.32,34.69,274300,0.8200000000000003,0.0
QNS,2022-01-21,34.99,35.21,34.84,34.84,458964,0.36999999999999744,-0.004286939125464378
QNS,2022-01-24,34.84,34.99,33.95,34.32,572320,1.0399999999999991,-0.014925373134328446
QNS,2022-01-25,34.47,35.14,34.1,34.77,473500,1.0399999999999991,0.008703220191470969
QNS,2022-01-26,34.77,35.28,34.69,35.28,501320,0.5900000000000034,0.01466781708369278
QNS,2022-01-27,35.06,35.87,34.99,35.8,602817,0.8799999999999955,0.021106674272675267
QNS,2022-01-28,35.65,36.02,35.43,35.43,357201,0.5900000000000034,-0.00617110799438987
QNS,2022-02-07,35.65,36.46,35.5,36.39,466151,0.9600000000000009,0.020757363253857
QNS,2022-02-08,36.17,36.39,36.09,36.09,278945,0.29999999999999716,-0.0022117777163394607
QNS,2022-02-09,36.32,36.54,36.09,36.54,584991,0.44999999999999574,0.006057268722466929
QNS,2022-02-10,36.39,36.69,36.02,36.46,642573,0.6699999999999946,0.001923605386095089
QNS,2022-02-11,36.32,36.39,35.65,35.87,412672,0.740000000000002,-0.01238986784140977
QNS,2022-02-14,35.95,35.95,34.91,35.06,259805,1.0400000000000063,-0.024756606397774703
QNS,2022-02-15,35.06,35.28,34.62,35.14,353505,0.6600000000000037,0.002281802624072969
QNS,2022-02-16,35.14,35.14,33.95,34.69,989353,1.1899999999999977,-0.012805919180421253
QNS,2022-02-17,34.69,34.84,34.54,34.77,392104,0.30000000000000426,0.00230614009801111
QNS,2022-02-18,34.77,34.77,34.47,34.69,294617,0.30000000000000426,-0.0023008340523441298
QNS,2022-02-21,34.69,34.91,34.32,34.84,560335,0.5899999999999963,0.004324012683770704
QNS,2022-02-22,34.62,34.84,34.25,34.32,467150,0.5900000000000034,-0.008665511265164563
QNS,2022-02-23,34.4,34.69,34.18,34.69,341565,0.509999999999998,0.00843023255813951
QNS,2022-02-24,34.69,34.69,33.81,34.1,413936,0.8799999999999955,-0.017007783222830683
QNS,2022-02-25,34.18,34.18,33.51,33.66,690022,0.6700000000000017,-0.015213575190169781
QNS,2022-02-28,33.73,33.95,33.07,33.22,704057,0.8800000000000026,-0.015120071153275958
QNS,2022-03-01,33.14,34.03,32.92,33.88,354316,1.1099999999999994,0.022329511164755643
QNS,2022-03-02,33.88,34.62,33.88,34.47,554404,0.7399999999999949,0.01741440377804003
QNS,2022-03-03,34.47,36.46,34.4,36.46,1909748,2.0600000000000023,0.05773136060342333
QNS,2022-03-04,36.39,37.2,35.87,36.02,532660,1.3300000000000054,-0.010167628469359643
QNS,2022-03-07,36.17,36.83,35.87,36.54,975788,0.9600000000000009,0.010229471938070153
QNS,2022-03-08,36.54,36.61,35.73,35.87,1006239,0.8800000000000026,-0.01833607006020804
QNS,2022-03-09,35.95,35.95,35.14,35.43,542526,0.8100000000000023,-0.014464534075104398
QNS,2022-03-10,35.43,35.95,34.77,34.99,462114,1.1799999999999997,-0.012418854078464514
QNS,2022-03-11,34.84,35.36,34.77,35.28,560075,0.5899999999999963,0.01262916188289316
QNS,2022-03-14,35.14,35.65,34.4,34.47,354769,1.25,-0.019066590779738237
QNS,2022-03-15,34.84,35.06,34.03,35.06,647826,1.0300000000000011,0.00631458094144658
QNS,2022-03-16,35.06,35.06,34.4,34.47,362600,0.6600000000000037,-0.016828294352538603
QNS,2022-03-17,34.62,34.84,34.4,34.54,195953,0.44000000000000483,-0.002310803004043856
QNS,2022-03-18,34.69,34.84,34.47,34.69,466400,0.37000000000000455,0.0
QNS,2022-03-21,34.69,35.43,34.69,35.28,324138,0.740000000000002,0.017007783222830888
QNS,2022-03-22,35.36,35.65,35.14,35.58,394870,0.509999999999998,0.006221719457013543
QNS,2022-03-23,35.58,35.65,35.21,35.5,420507,0.4399999999999977,-0.002248454187745877
QNS,2022-03-24,35.5,35.8,35.36,35.8,457067,0.4399999999999977,0.008450704225352032
QNS,2022-03-25,35.73,36.32,35.73,36.17,564576,0.5900000000000034,0.01231458158410313
QNS,2022-03-28,36.17,36.24,35.58,35.95,423600,0.6600000000000037,-0.006082388719933615
QNS,2022-03-29,35.95,36.83,35.8,36.83,878104,1.0300000000000011,0.02447844228094563
QNS,2022-03-30,36.76,37.35,36.54,36.98,1033586,0.8100000000000023,0.005984766050054376
QNS,2022-03-31,37.05,37.35,36.76,37.28,828599,0.5900000000000034,0.006207827260458947
QNS,2022-04-01,37.2,38.01,36.39,37.94,1389926,1.6199999999999974,0.019892473118279432
QNS,2022-04-04,37.94,38.16,37.35,37.42,1035550,0.8099999999999952,-0.013705851344227624
QNS,2022-04-05,37.57,37.87,37.28,37.5,644082,0.5899999999999963,-0.0018631887143997945
QNS,2022-04-06,37.28,37.57,36.76,36.98,429197,0.8100000000000023,-0.008047210300429299
QNS,2022-04-07,37.13,37.28,36.69,36.76,297015,0.5900000000000034,-0.009964987880420268
QNS,2022-04-08,36.83,36.91,36.54,36.69,304240,0.36999999999999744,-0.003801248981808324
QNS,2022-04-12,36.69,37.2,36.46,36.69,698230,0.740000000000002,0.0
QNS,2022-04-13,36.69,37.5,36.46,37.28,312403,1.0399999999999991,0.01608067593349696
QNS,2022-04-14,37.28,38.75,37.28,38.53,1053790,1.4699999999999989,0.03353004291845493
QNS,2022-04-15,38.6,38.9,38.01,38.09,350893,0.8900000000000006,-0.01321243523316057
QNS,2022-04-18,38.31,38.31,37.28,37.64,460400,1.0300000000000011,-0.017488906290785738
QNS,2022-04-19,37.79,38.46,37.28,37.42,471901,1.1799999999999997,-0.009790949986768918
QNS,2022-04-20,37.42,37.5,36.69,36.83,747346,0.8100000000000023,-0.015766969535008106
QNS,2022-04-21,36.91,37.75,34.6,37.6,580127,3.1499999999999986,0.018694120834462338
QNS,2022-04-22,37.83,38.06,37.37,37.91,794804,0.6900000000000048,0.0021147237642082555
QNS,2022-04-25,37.91,37.91,34.45,34.98,515398,3.4599999999999937,-0.07728831442891057
QNS,2022-04-26,34.6,35.37,33.06,35.29,398738,2.309999999999995,0.019942196531791842
QNS,2022-04-27,35.29,35.29,33.83,34.22,227352,1.4600000000000009,-0.030320204023802786
QNS,2022-04-28,34.6,34.91,34.22,34.6,227400,0.6899999999999977,0.0
QNS,2022-04-29,34.6,34.75,34.29,34.75,141100,0.46000000000000085,0.004335260115606895
QNS,2022-05-04,34.75,34.75,34.37,34.45,133490,0.38000000000000256,-0.008633093525179774
QNS,2022-05-05,34.6,34.75,33.83,34.22,196517,0.9200000000000017,-0.010982658959537647
QNS,2022-05-06,34.6,35.37,34.06,35.14,507104,1.3099999999999952,0.015606936416184946
QNS,2022-05-09,34.68,34.83,33.83,33.91,569506,1.0,-0.022202998846597554
QNS,2022-05-10,33.75,34.06,33.06,33.98,185103,1.0,0.006814814814814722
QNS,2022-05-11,33.91,34.29,33.83,34.29,199942,0.46000000000000085,0.011206133883810162
QNS,2022-05-12,34.14,34.45,33.68,33.98,218250,0.7700000000000031,-0.004686584651435375
QNS,2022-05-13,33.98,33.98,33.06,33.37,394747,0.9199999999999946,-0.01795173631547968
QNS,2022-05-16,33.22,33.83,33.14,33.75,168017,0.6899999999999977,0.015954244431065658
QNS,2022-05-17,33.75,34.52,33.75,34.52,188610,0.7700000000000031,0.022814814814814906
QNS,2022-05-18,34.91,34.98,34.52,34.68,118869,0.45999999999999375,-0.0065883700945287
QNS,2022-05-19,34.37,34.75,34.29,34.52,253348,0.46000000000000085,0.004364271166715324
QNS,2022-05-20,34.45,34.45,34.14,34.37,153432,0.3100000000000023,-0.002322206095791158
QNS,2022-05-23,34.37,34.52,34.29,34.52,220310,0.23000000000000398,0.004364271166715324
QNS,2022-05-24,34.45,34.6,34.29,34.52,177900,0.3100000000000023,0.0020319303338171345
QNS,2022-05-25,34.6,35.29,34.6,35.22,177860,0.6899999999999977,0.017919075144508596
QNS,2022-05-26,35.37,36.45,35.29,36.37,549649,1.1600000000000037,0.028272547356516825
QNS,2022-05-27,36.14,37.29,36.14,36.91,397372,1.1499999999999986,0.021306032097398894
QNS,2022-05-30,37.06,37.21,36.21,36.45,162447,1.0,-0.016459794927145152
QNS,2022-05-31,36.29,36.52,35.91,36.14,190222,0.6100000000000065,-0.004133370074400622
QNS,2022-06-01,36.14,36.14,35.37,35.68,113500,0.7700000000000031,-0.012728278915329298
QNS,2022-06-02,35.68,35.83,35.29,35.6,212100,0.5399999999999991,-0.0022421524663676653
QNS,2022-06-03,35.37,35.6,35.29,35.45,93820,0.3100000000000023,0.0022618037885214987
QNS,2022-06-06,35.75,35.98,35.29,35.45,207310,0.6899999999999977,-0.008391608391608312
QNS,2022-06-07,35.45,35.91,34.83,35.75,228644,1.0799999999999983,0.00846262341325803
QNS,2022-06-08,35.91,37.75,35.75,36.91,503363,2.0,0.027847396268448902
QNS,2022-06-09,36.91,36.91,36.14,36.6,129601,0.769999999999996,-0.008398807911135064
QNS,2022-06-10,36.45,37.14,36.21,36.21,259710,0.9299999999999997,-0.006584362139917749
QNS,2022-06-13,36.14,36.14,34.45,34.6,429350,1.6899999999999977,-0.04261206419479798
QNS,2022-06-14,34.6,35.37,34.22,34.75,101432,1.1499999999999986,0.004335260115606895
QNS,2022-06-15,35.29,35.37,34.06,34.6,182300,1.3099999999999952,-0.01955228109946154
QNS,2022-06-16,34.29,34.98,34.29,34.37,86120,0.6899999999999977,0.0023330417031203936
QNS,2022-06-17,34.45,34.75,34.06,34.6,180200,0.6899999999999977,0.004354136429608086
QNS,2022-06-20,34.6,34.6,33.6,33.75,81843,1.0,-0.024566473988439346
QNS,2022-06-21,33.45,33.83,33.06,33.45,141100,0.769999999999996,0.0
QNS,2022-06-22,33.45,33.83,33.45,33.68,57200,0.37999999999999545,0.006875934230194226
QNS,2022-06-23,33.45,33.83,33.45,33.83,62500,0.37999999999999545,0.011360239162929608
QNS,2022-06-24,33.98,34.75,33.75,34.29,180322,1.0,0.009123013537374994
QNS,2022-06-27,34.29,34.6,33.98,34.37,138000,0.6200000000000045,0.0023330417031203936
QNS,2022-06-28,34.37,34.68,34.22,34.52,94541,0.46000000000000085,0.004364271166715324
QNS,2022-06-29,34.45,34.75,34.29,34.75,207400,0.46000000000000085,0.008708272859216172
QNS,2022-06-30,34.75,35.14,34.45,34.6,129110,0.6899999999999977,-0.004316546762589887
QNS,2022-07-01,34.37,34.6,34.06,34.83,116229,0.5399999999999991,0.013383764911259845
QNS,2022-07-04,34.29,34.52,33.91,34.37,32400,0.6100000000000065,0.0023330417031203936
QNS,2022-07-05,34.6,34.6,33.75,33.75,134560,0.8500000000000014,-0.024566473988439346
QNS,2022-07-06,33.6,34.06,33.45,33.45,134010,0.6099999999999994,-0.0044642857142856715
QNS,2022-07-07,33.75,33.75,33.45,33.68,63000,0.29999999999999716,-0.0020740740740740823
QNS,2022-07-08,33.83,34.14,33.68,33.68,120900,0.46000000000000085,-0.004433934377771167
QNS,2022-07-11,33.6,33.83,33.45,33.45,75132,0.37999999999999545,-0.0044642857142856715
QNS,2022-07-12,33.45,33.68,33.45,33.6,72250,0.22999999999999687,0.0044843049327353834
QNS,2022-07-13,33.83,33.83,33.6,33.75,96700,0.22999999999999687,-0.002364765001477928
QNS,2022-07-14,33.68,35.14,33.52,34.6,251712,1.6199999999999974,0.027315914489311213
QNS,2022-07-15,34.83,34.98,33.98,34.06,95606,1.0,-0.02210737869652587
QNS,2022-07-18,34.29,34.37,34.06,34.14,38400,0.30999999999999517,-0.00437445319335079
QNS,2022-07-19,34.14,34.14,33.6,33.83,105358,0.5399999999999991,-0.009080257762155895
QNS,2022-07-20,33.83,34.22,33.75,33.91,138900,0.46999999999999886,0.002364765001477928
QNS,2022-07-21,33.91,34.14,33.83,33.91,46995,0.3100000000000023,0.0
QNS,2022-07-22,34.14,34.14,33.75,33.98,66501,0.39000000000000057,-0.004686584651435375
QNS,2022-07-25,34.06,34.14,33.83,33.98,109220,0.3100000000000023,-0.002348796241926171
QNS,2022-07-26,33.98,34.14,33.91,33.98,119740,0.23000000000000398,0.0
QNS,2022-07-27,33.98,33.98,33.52,33.83,48300,0.45999999999999375,-0.004414361389052343
QNS,2022-07-28,33.83,33.98,33.6,33.75,143700,0.37999999999999545,-0.002364765001477928
QNS,2022-07-29,33.83,33.91,33.68,33.91,143020,0.22999999999999687,0.002364765001477928
QNS,2022-08-01,35.06,35.06,33.37,33.37,382621,1.6900000000000048,-0.048203080433542635
QNS,2022-08-02,33.68,34.75,33.37,33.6,553405,1.3800000000000026,-0.0023752969121139636
QNS,2022-08-03,33.83,33.98,33.6,33.6,223320,0.37999999999999545,-0.006798699379249095
QNS,2022-08-04,33.06,34.06,31.68,33.75,287319,2.3800000000000026,0.02087114337568051
QNS,2022-08-05,33.6,33.75,33.52,33.52,266810,0.22999999999999687,-0.00238095238095233
QNS,2022-08-08,33.6,35.06,33.6,33.98,956200,1.4600000000000009,0.011309523809523674
QNS,2022-08-09,34.22,34.83,34.06,34.29,441616,0.769999999999996,0.002045587375803632
QNS,2022-08-10,34.14,34.37,33.91,34.22,238952,0.46000000000000085,0.0023432923257175834
QNS,2022-08-11,34.14,34.22,33.52,33.6,456400,0.6999999999999957,-0.015817223198594
QNS,2022-08-12,33.6,33.83,33.52,33.68,275301,0.30999999999999517,0.00238095238095233
QNS,2022-08-15,31.68,33.91,31.68,33.83,451647,2.229999999999997,0.06786616161616157
QNS,2022-08-16,33.83,34.29,33.75,34.14,569030,0.5399999999999991,0.009163464380727232
QNS,2022-08-17,34.06,34.91,34.06,34.52,614160,0.8499999999999943,0.013505578391074599
QNS,2022-08-18,34.45,35.98,34.45,35.37,565976,1.529999999999994,0.02670537010159636
QNS,2022-08-19,35.37,35.98,34.98,35.37,358851,1.0,0.0
QNS,2022-08-22,35.22,37.14,35.06,36.52,776671,2.0799999999999983,0.0369108461101648
QNS,2022-08-23,36.29,37.75,36.29,37.6,1004577,1.4600000000000009,0.03609809864976584
QNS,2022-08-24,37.45,37.91,36.6,36.83,1016958,1.3099999999999952,-0.016555407209612936
QNS,2022-08-25,37.14,37.84,37.14,37.61,641723,0.7000000000000028,0.012654819601507777
QNS,2022-08-26,37.53,37.76,36.67,36.67,349618,1.0899999999999963,-0.022915001332267503
QNS,2022-08-29,36.6,36.6,35.97,36.28,551373,0.6300000000000026,-0.00874316939890711
QNS,2022-08-30,36.52,38.23,36.52,37.61,1336207,1.7099999999999937,0.02984665936473155
QNS,2022-08-31,37.68,37.76,37.22,37.29,224951,0.5399999999999991,-0.010350318471337595
QNS,2022-09-05,37.29,37.61,36.52,37.22,195240,1.0899999999999963,-0.0018771788683293186
QNS,2022-09-06,37.29,37.68,36.91,37.14,309862,0.7700000000000031,-0.004022526146419914
QNS,2022-09-07,36.98,36.98,35.9,36.05,488358,1.0799999999999983,-0.025148729042725793
QNS,2022-09-08,36.13,36.67,35.97,36.13,350460,0.7000000000000028,0.0
QNS,2022-09-09,36.21,36.91,36.21,36.83,298604,0.6999999999999957,0.01712234189450421
QNS,2022-09-12,36.67,37.22,36.52,36.98,161063,0.6999999999999957,0.008453776929369924
QNS,2022-09-13,36.83,37.22,36.44,36.52,105119,0.7800000000000011,-0.008417051316861124
QNS,2022-09-14,36.52,36.52,35.51,35.82,526206,1.0100000000000051,-0.01916757940854334
QNS,2022-09-15,35.97,36.6,35.66,36.6,280840,0.9400000000000048,0.017514595496246944
QNS,2022-09-16,36.13,36.13,35.59,35.9,105429,0.5399999999999991,-0.006365900913368501
QNS,2022-09-19,35.82,35.97,35.27,35.43,249980,0.6999999999999957,-0.010887772194304873
QNS,2022-09-20,35.59,35.97,35.51,35.74,174592,0.46000000000000085,0.004214667041303697
QNS,2022-09-21,35.74,35.9,35.35,35.51,246448,0.5499999999999972,-0.006435366536094124
QNS,2022-09-22,35.51,35.9,35.27,35.82,253114,0.6299999999999955,0.008729935229512879
QNS,2022-09-23,35.74,36.21,35.66,36.13,201466,0.5500000000000043,0.01091214325685508
QNS,2022-09-26,35.97,35.97,35.43,35.59,362050,0.5399999999999991,-0.010564359188212273
QNS,2022-09-27,35.59,35.59,35.27,35.51,181725,0.3200000000000003,-0.0022478224220288112
QNS,2022-09-28,35.35,35.66,34.96,35.04,213320,0.6999999999999957,-0.008769448373408834
QNS,2022-09-29,35.12,35.27,34.5,34.58,306905,0.7700000000000031,-0.015375854214122985
QNS,2022-09-30,34.58,34.96,33.72,34.96,341121,1.240000000000002,0.010989010989011063
QNS,2022-10-03,34.34,34.58,33.64,33.95,135364,0.9399999999999977,-0.011357018054746667
QNS,2022-10-04,34.03,34.81,33.41,34.11,307421,1.4000000000000057,0.0023508668821627474
QNS,2022-10-05,34.11,34.34,33.95,34.26,91398,0.39000000000000057,0.004397537379067681
QNS,2022-10-06,34.19,34.19,33.33,33.72,224349,0.8599999999999994,-0.013746709564200026
QNS,2022-10-07,33.41,33.41,32.24,33.41,348923,1.1699999999999946,0.0
QNS,2022-10-10,33.02,33.02,32.01,32.56,124151,1.0100000000000051,-0.013930950938824979
QNS,2022-10-11,32.56,32.71,32.4,32.63,233124,0.3100000000000023,0.0021498771498771586
QNS,2022-10-12,32.4,33.25,32.24,33.25,175849,1.009999999999998,0.02623456790123461
QNS,2022-10-13,32.71,33.1,32.32,32.87,35896,0.7800000000000011,0.004891470498318453
QNS,2022-10-14,32.87,34.11,32.87,33.8,178820,1.240000000000002,0.028293276543961052
QNS,2022-10-17,33.02,33.57,33.02,33.02,116106,0.5499999999999972,0.0
QNS,2022-10-18,33.41,33.72,33.25,33.72,118521,0.46999999999999886,0.009278659084106624
QNS,2022-10-19,33.72,33.88,33.18,33.8,225200,0.7000000000000028,0.0023724792408065924
QNS,2022-10-20,33.64,34.11,33.41,34.03,158704,0.7000000000000028,0.011593341260404297
QNS,2022-10-21,34.03,34.19,33.41,33.64,135375,0.7800000000000011,-0.011460476050543655
QNS,2022-10-24,33.41,33.8,33.02,33.49,234941,0.779999999999994,0.0023944926668663697
QNS,2022-10-25,33.64,33.95,33.33,33.8,258299,0.6200000000000045,0.004756242568370886
QNS,2022-10-26,33.8,33.8,33.41,33.64,68918,0.39000000000000057,-0.004733727810650787
QNS,2022-10-27,33.8,33.8,33.57,33.8,93746,0.22999999999999687,0.0
QNS,2022-10-28,33.8,33.95,33.64,33.8,28859,0.3100000000000023,0.0
QNS,2022-10-31,33.8,33.95,33.02,33.95,119128,0.9299999999999997,0.0044378698224853755
QNS,2022-11-01,33.57,33.95,33.41,33.8,97275,0.5400000000000063,0.006851355376824453
QNS,2022-11-02,33.57,33.8,33.02,33.02,121726,0.779999999999994,-0.01638367590110209
QNS,2022-11-03,33.02,33.18,32.79,32.94,105912,0.39000000000000057,-0.002422774076317547
QNS,2022-11-04,32.94,32.94,32.17,32.4,69653,0.769999999999996,-0.016393442622950796
QNS,2022-11-07,32.48,32.48,31.7,31.7,109426,0.7799999999999976,-0.024014778325123082
QNS,2022-11-08,31.86,31.86,30.69,31.47,127357,1.1699999999999982,-0.012241054613935988
QNS,2022-11-09,31.23,31.23,30.54,30.54,74850,0.6900000000000013,-0.022094140249759888
QNS,2022-11-10,30.38,30.85,27.66,27.89,252382,3.1900000000000013,-0.08196181698485841
QNS,2022-11-11,28.75,29.52,28.44,29.52,210261,1.0799999999999983,0.02678260869565216
QNS,2022-11-14,28.98,29.21,28.36,28.98,82349,0.8500000000000014,0.0
QNS,2022-11-15,28.28,28.51,24.63,26.81,256614,3.8800000000000026,-0.05198019801980206
QNS,2022-11-16,25.64,27.19,24.24,26.81,459413,2.950000000000003,0.045631825273010844
QNS,2022-11-17,25.8,27.19,25.8,27.19,123005,1.3900000000000006,0.053875968992248086
QNS,2022-11-18,26.96,26.96,26.42,26.96,75037,0.5399999999999991,0.0
QNS,2022-11-21,26.81,27.43,26.81,27.35,353395,0.620000000000001,0.020141738157404054
QNS,2022-11-22,27.35,27.5,27.19,27.19,102725,0.3099999999999987,-0.00585009140767825
QNS,2022-11-23,27.19,27.5,26.81,27.5,60920,0.6900000000000013,0.011401250459727794
QNS,2022-11-24,27.35,27.43,27.19,27.27,86246,0.23999999999999844,-0.00292504570383919
QNS,2022-11-25,27.27,28.05,27.27,27.74,79800,0.7800000000000011,0.017235056839017195
QNS,2022-11-28,27.97,28.59,27.97,28.51,294487,0.620000000000001,0.01930639971397936
QNS,2022-11-29,28.59,29.21,28.36,28.75,100388,0.8500000000000014,0.005596362364463104
QNS,2022-11-30,28.67,29.06,28.67,29.06,96000,0.389999999999997,0.013603069410533554
QNS,2022-12-01,28.83,29.52,28.83,28.83,115303,0.6900000000000013,0.0
QNS,2022-12-02,28.9,29.52,28.9,29.52,113200,0.620000000000001,0.021453287197231868
QNS,2022-12-05,29.45,30.07,29.45,29.76,102877,0.620000000000001,0.010526315789473762
QNS,2022-12-06,29.84,29.84,28.75,28.9,114352,1.0899999999999999,-0.03150134048257377
QNS,2022-12-07,29.14,29.52,28.75,28.98,98710,0.7699999999999996,-0.005490734385724096
QNS,2022-12-08,29.14,29.14,28.59,28.67,180523,0.5500000000000007,-0.016129032258064478
QNS,2022-12-09,28.75,28.75,28.44,28.44,61692,0.3099999999999987,-0.010782608695652129
QNS,2022-12-12,28.67,28.75,27.89,27.97,178023,0.8599999999999994,-0.024415765608650254
QNS,2022-12-13,28.2,28.2,27.19,27.89,131199,1.009999999999998,-0.010992907801418395
QNS,2022-12-14,27.89,27.97,27.58,27.82,285277,0.39000000000000057,-0.0025098601649336783
QNS,2022-12-15,27.82,28.05,27.66,27.74,93010,0.39000000000000057,-0.0028756290438534094
QNS,2022-12-16,27.97,27.97,27.74,27.82,163433,0.23000000000000043,-0.005362888809438634
QNS,2022-12-19,27.82,28.2,27.82,27.89,169650,0.379999999999999,0.0025161754133716852
QNS,2022-12-20,27.89,27.89,27.43,27.58,103846,0.46000000000000085,-0.011115095016134897
QNS,2022-12-21,27.74,28.05,27.58,27.74,402770,0.4700000000000024,0.0
QNS,2022-12-22,27.97,28.59,27.97,28.13,369458,0.620000000000001,0.005720414730067935
QNS,2022-12-23,28.36,28.36,28.13,28.13,222157,0.23000000000000043,-0.00811001410437237
QNS,2022-12-26,28.2,28.59,27.27,27.43,349485,1.3200000000000003,-0.027304964539007076
QNS,2022-12-27,27.19,28.2,27.19,27.74,162202,1.009999999999998,0.02022802500919445
QNS,2022-12-28,27.82,28.05,27.66,27.97,151551,0.39000000000000057,0.005391804457224967
QNS,2022-12-29,28.2,28.28,27.74,27.82,70324,0.5400000000000027,-0.013475177304964505
QNS,2022-12-30,27.97,27.97,27.74,27.82,144176,0.23000000000000043,-0.005362888809438634
QNS,2023-01-03,27.89,28.36,27.82,28.28,150868,0.5399999999999991,0.013983506633201885
QNS,2023-01-04,29.0,29.0,27.17,27.17,89389,1.8299999999999983,-0.063103448275862
QNS,2023-01-05,27.81,28.13,27.81,27.81,88468,0.3200000000000003,0.0
QNS,2023-01-06,27.97,27.97,27.41,27.41,103743,0.5599999999999987,-0.02002145155523771
QNS,2023-01-09,27.65,27.89,27.17,27.41,110576,0.7199999999999989,-0.008679927667269383
QNS,2023-01-10,27.49,27.49,27.17,27.33,115490,0.31999999999999673,-0.0058202982902873825
QNS,2023-01-11,27.33,27.57,27.17,27.33,160289,0.3999999999999986,0.0
QNS,2023-01-12,27.33,27.41,27.17,27.33,99121,0.23999999999999844,0.0
QNS,2023-01-13,27.25,27.33,26.93,27.25,114423,0.3999999999999986,0.0
QNS,2023-01-16,27.25,27.41,26.77,27.41,119581,0.6400000000000006,0.005871559633027528
QNS,2023-01-17,27.17,27.65,27.17,27.57,199332,0.4799999999999969,0.014722119985277827
QNS,2023-01-18,27.57,28.13,27.57,27.97,154909,0.5599999999999987,0.014508523757707602
QNS,2023-01-19,27.97,28.05,27.65,27.97,130753,0.40000000000000213,0.0
QNS,2023-01-27,28.37,28.53,28.13,28.37,83576,0.40000000000000213,0.0
QNS,2023-01-30,28.45,28.92,28.29,28.92,315090,0.6300000000000026,0.0165202108963094
QNS,2023-01-31,28.92,29.64,28.76,28.76,327729,0.879999999999999,-0.005532503457814666
QNS,2023-02-01,29.0,30.68,28.92,29.88,570360,1.759999999999998,0.030344827586206862
QNS,2023-02-02,29.88,30.04,29.16,29.4,292245,0.879999999999999,-0.016064257028112466
QNS,2023-02-03,29.56,30.36,29.56,30.04,399392,0.8000000000000007,0.016238159675236823
QNS,2023-02-06,30.04,30.04,29.64,29.8,151440,0.3999999999999986,-0.007989347536617791
QNS,2023-02-07,29.8,30.28,29.72,30.28,429675,0.5600000000000023,0.016107382550335586
QNS,2023-02-08,30.28,30.6,30.04,30.44,247808,0.5600000000000023,0.0052840158520475605
QNS,2023-02-09,30.52,31.56,30.52,31.48,353070,1.0399999999999991,0.03145478374836176
QNS,2023-02-10,31.48,31.96,30.36,30.76,208072,1.6000000000000014,-0.022871664548919913
QNS,2023-02-13,31.08,31.08,29.8,30.52,164585,1.2799999999999976,-0.018018018018017976
QNS,2023-02-14,30.28,30.68,29.88,30.04,151472,0.8000000000000007,-0.0079260237780714
QNS,2023-02-15,30.2,30.6,30.2,30.6,72653,0.40000000000000213,0.013245033112582853
QNS,2023-02-16,30.52,30.92,30.52,30.92,116110,0.40000000000000213,0.013106159895150791
QNS,2023-02-17,30.92,31.08,30.68,30.68,125151,0.3999999999999986,-0.007761966364812483
QNS,2023-02-20,30.92,31.32,30.76,31.32,182530,0.5599999999999987,0.012936610608020652
QNS,2023-02-21,31.16,31.64,31.16,31.56,216500,0.4800000000000004,0.012836970474967862
QNS,2023-02-22,31.48,31.48,30.36,31.16,79344,1.120000000000001,-0.010165184243964431
QNS,2023-02-23,30.76,31.16,30.36,30.68,197853,0.8000000000000007,-0.002600780234070281
QNS,2023-02-24,30.68,31.16,30.68,31.08,119020,0.4800000000000004,0.013037809647979093
QNS,2023-02-27,30.44,31.16,30.44,30.68,21237,0.7199999999999989,0.00788436268068326
QNS,2023-02-28,31.0,31.4,30.92,31.16,209002,0.4799999999999969,0.0051612903225806495
QNS,2023-03-01,31.24,31.4,31.0,31.4,61207,0.3999999999999986,0.005121638924455831
QNS,2023-03-02,31.4,31.4,30.76,30.84,47181,0.639999999999997,-0.01783439490445856
QNS,2023-03-03,30.84,31.24,30.76,31.08,86101,0.4799999999999969,0.007782101167315124
QNS,2023-03-06,31.08,31.16,30.6,30.68,116500,0.5599999999999987,-0.012870012870012826
QNS,2023-03-07,30.68,30.92,30.68,30.84,55621,0.240000000000002,0.005215123859191661
QNS,2023-03-08,30.84,30.92,30.76,30.84,40600,0.16000000000000014,0.0
QNS,2023-03-09,31.0,31.0,30.68,30.76,161139,0.3200000000000003,-0.007741935483870917
QNS,2023-03-10,30.76,31.4,30.76,31.16,94225,0.639999999999997,0.013003901170351058
QNS,2023-03-13,31.0,31.0,30.76,30.76,105756,0.23999999999999844,-0.007741935483870917
QNS,2023-03-14,30.76,30.76,30.2,30.36,259036,0.5600000000000023,-0.013003901170351174
QNS,2023-03-15,30.76,31.08,30.6,31.08,296800,0.4799999999999969,0.010403120936280777
QNS,2023-03-16,30.6,30.92,30.6,30.92,136341,0.3200000000000003,0.010457516339869289
QNS,2023-03-17,30.76,31.0,30.76,30.84,114610,0.23999999999999844,0.0026007802340701656
QNS,2023-03-20,30.68,30.84,30.6,30.76,107516,0.23999999999999844,0.002607561929595888
QNS,2023-03-21,30.76,30.92,30.68,30.84,135775,0.240000000000002,0.0026007802340701656
QNS,2023-03-22,30.84,30.84,30.52,30.6,161542,0.3200000000000003,-0.007782101167315124
QNS,2023-03-23,30.68,30.84,30.6,30.84,22102,0.23999999999999844,0.005215123859191661
QNS,2023-03-24,30.68,30.68,30.36,30.36,113405,0.3200000000000003,-0.010430247718383322
QNS,2023-03-27,30.6,30.92,30.6,30.92,80989,0.3200000000000003,0.010457516339869289
QNS,2023-03-28,30.84,30.92,30.76,30.92,88759,0.16000000000000014,0.0025940337224384514
QNS,2023-03-29,31.0,31.24,31.0,31.24,225690,0.23999999999999844,0.007741935483870917
QNS,2023-03-30,31.4,32.12,31.4,32.04,317560,0.7199999999999989,0.02038216560509556
QNS,2023-03-31,31.96,32.68,31.96,32.12,52576,0.7199999999999989,0.005006257822277741
QNS,2023-04-03,32.12,32.52,31.16,32.36,437945,1.360000000000003,0.007471980074719864
QNS,2023-04-04,32.6,33.8,32.6,33.56,457786,1.1999999999999957,0.02944785276073622
QNS,2023-04-05,33.4,33.88,33.4,33.72,131549,0.480000000000004,0.009580838323353302
QNS,2023-04-06,33.88,34.36,33.48,33.48,234861,0.8800000000000026,-0.011806375442739245
QNS,2023-04-07,33.56,33.88,33.32,33.32,264086,0.5600000000000023,-0.007151370679380273
QNS,2023-04-10,33.4,34.36,33.4,33.56,300762,0.9600000000000009,0.004790419161676758
QNS,2023-04-11,33.64,34.04,33.56,33.8,40367,0.4799999999999969,0.004756242568370886
QNS,2023-04-12,33.72,34.36,33.56,34.2,275890,0.7999999999999972,0.014234875444839977
QNS,2023-04-13,34.28,34.36,34.2,34.28,191055,0.1599999999999966,0.0
QNS,2023-04-14,34.2,34.6,34.2,34.28,591418,0.3999999999999986,0.0023391812865496573
QNS,2023-04-17,35.52,35.52,33.94,34.28,44269,1.5800000000000054,-0.03490990990990996
QNS,2023-04-18,34.36,35.19,34.03,34.69,267180,1.1599999999999966,0.00960419091967399
QNS,2023-04-19,34.77,34.77,34.44,34.52,209645,0.3300000000000054,-0.00719010641357492
QNS,2023-04-20,33.61,34.44,33.61,34.28,124086,0.8299999999999983,0.019934543290687348
QNS,2023-04-21,34.36,36.35,34.36,35.19,472343,1.990000000000002,0.024155995343422536
QNS,2023-04-24,35.35,36.26,35.35,36.01,391729,0.9099999999999966,0.018670438472418574
QNS,2023-04-25,36.18,36.43,35.6,35.93,257990,0.8299999999999983,-0.006909894969596462
QNS,2023-04-26,35.93,36.43,35.43,35.6,125318,1.0,-0.0091845254661842
QNS,2023-04-27,35.43,35.85,34.69,35.02,117898,1.1600000000000037,-0.011572114027660079
QNS,2023-04-28,34.94,35.52,34.94,35.19,170845,0.5800000000000054,0.007155123068116772
QNS,2023-05-04,35.19,35.19,34.77,35.02,180061,0.4199999999999946,-0.004830917874395982
QNS,2023-05-05,35.1,37.26,35.1,36.43,529418,2.1599999999999966,0.037891737891737845
QNS,2023-05-08,36.51,36.84,36.51,36.84,183044,0.3300000000000054,0.009038619556286098
QNS,2023-05-09,36.68,36.84,36.43,36.43,149764,0.4100000000000037,-0.006815703380588877
QNS,2023-05-10,36.43,36.68,36.43,36.68,124313,0.25,0.006862475981334065
QNS,2023-05-11,36.59,36.84,36.59,36.68,125496,0.25,0.0024596884394642335
QNS,2023-05-12,36.68,37.59,36.68,37.42,583597,0.9100000000000037,0.02017448200654313
QNS,2023-05-15,37.42,38.42,37.42,38.08,904210,1.0,0.017637626937466504
QNS,2023-05-16,38.08,38.08,37.67,38.08,290960,0.4099999999999966,0.0
QNS,2023-05-17,38.17,41.23,37.42,37.84,1170058,3.809999999999995,-0.00864553314121033
QNS,2023-05-18,37.84,38.33,37.5,37.59,233694,0.8299999999999983,-0.00660676532769556
QNS,2023-05-19,37.84,37.84,37.59,37.75,352235,0.25,-0.0023784355179704915
QNS,2023-05-22,37.67,37.75,36.68,36.84,511533,1.0700000000000003,-0.02203344836740107
QNS,2023-05-23,37.26,37.26,36.76,36.84,221148,0.5,-0.011272141706924171
QNS,2023-05-24,37.01,37.01,36.43,36.43,374608,0.5799999999999983,-0.01567144015131041
QNS,2023-05-25,36.59,36.59,35.85,36.01,391704,0.740000000000002,-0.015851325498770302
QNS,2023-05-26,35.93,36.1,35.52,35.6,289503,0.5799999999999983,-0.0091845254661842
QNS,2023-05-29,35.77,35.85,35.27,35.35,232229,0.5799999999999983,-0.011741682974559733
QNS,2023-05-30,35.27,36.68,35.27,36.43,1232749,1.4099999999999966,0.03288914091295709
QNS,2023-05-31,36.43,37.01,35.68,35.68,1147804,1.3299999999999983,-0.020587427944002198
QNS,2023-06-01,35.93,37.59,35.93,37.26,800597,1.6600000000000037,0.03701642081825768
QNS,2023-06-02,37.34,37.84,36.93,37.26,699384,0.9100000000000037,-0.0021424745581147668
QNS,2023-06-05,37.34,37.34,36.01,36.18,671586,1.3300000000000054,-0.03106588109266212
QNS,2023-06-06,36.18,36.35,35.93,36.01,1076588,0.4200000000000017,-0.004698728579325641
QNS,2023-06-07,36.01,36.26,35.6,35.93,467609,0.6599999999999966,-0.002221605109691705
QNS,2023-06-08,35.93,36.1,35.52,35.6,594944,0.5799999999999983,-0.0091845254661842
QNS,2023-06-09,35.52,36.76,35.52,36.01,455070,1.2399999999999949,0.013795045045044899
QNS,2023-06-12,36.35,36.84,35.85,36.76,417593,0.990000000000002,0.011279229711141583
QNS,2023-06-13,36.93,38.91,36.93,37.75,1635737,1.9799999999999969,0.022204170051448695
QNS,2023-06-14,37.92,38.25,36.93,36.93,612428,1.3200000000000003,-0.026107594936708913
QNS,2023-06-15,37.26,37.75,37.09,37.26,1123105,0.6599999999999966,0.0
QNS,2023-06-16,37.34,38.58,37.26,38.17,1528346,1.3200000000000003,0.02222817354043916
QNS,2023-06-19,38.33,40.57,38.33,40.15,1977223,2.240000000000002,0.04748238977302375
QNS,2023-06-20,40.32,41.06,39.91,40.49,903699,1.1500000000000057,0.0042162698412698835
QNS,2023-06-21,40.49,41.31,39.99,40.65,1192842,1.3200000000000003,0.003951592985922366
QNS,2023-06-22,40.65,40.98,40.15,40.24,803160,0.8299999999999983,-0.010086100861008527
QNS,2023-06-23,40.49,40.49,39.74,39.91,1363493,0.75,-0.014324524573969015
QNS,2023-06-26,39.82,40.49,38.83,40.15,1570672,1.6600000000000037,0.008287292817679514
QNS,2023-06-27,40.32,40.32,39.74,39.99,706777,0.5799999999999983,-0.008184523809523767
QNS,2023-06-28,39.99,39.99,39.16,39.24,1079782,0.8300000000000054,-0.018754688672168042
QNS,2023-06-29,39.08,39.82,38.83,39.24,1122623,0.990000000000002,0.00409416581371555
QNS,2023-06-30,39.33,39.91,39.16,39.66,933734,0.75,0.00839054157131956
QNS,2023-07-03,39.74,40.73,39.74,40.65,1562825,0.9899999999999949,0.022898842476094527
QNS,2023-07-04,40.65,41.31,40.24,40.49,899161,1.0700000000000003,-0.00393603936039352
QNS,2023-07-05,40.57,42.56,39.41,41.23,2265302,3.1500000000000057,0.016268178456987838
QNS,2023-07-06,41.4,41.48,40.57,40.73,851480,0.9099999999999966,-0.016183574879227097
QNS,2023-07-07,40.73,40.73,39.74,40.15,1778998,0.9899999999999949,-0.014240117849251126
QNS,2023-07-10,40.32,40.65,39.99,40.15,928599,0.6599999999999966,-0.0042162698412698835
QNS,2023-07-11,40.24,41.73,40.24,41.64,1583311,1.4899999999999949,0.03479125248508943
QNS,2023-07-12,41.81,42.72,41.81,42.47,1853187,0.9099999999999966,0.01578569720162632
QNS,2023-07-13,42.64,43.3,42.06,42.56,1595104,1.2399999999999949,-0.0018761726078798848
QNS,2023-07-14,42.64,43.63,42.56,43.05,1363989,1.0700000000000003,0.009615384615384536
QNS,2023-07-17,43.22,44.05,42.64,42.97,1222912,1.4099999999999966,-0.005784359093012495
QNS,2023-07-18,42.97,43.05,42.06,42.72,838165,0.9899999999999949,-0.0058180125669071445
QNS,2023-07-19,42.72,43.22,42.31,42.97,827011,0.9099999999999966,0.005852059925093633
QNS,2023-07-20,42.97,43.96,42.72,43.88,1182763,1.240000000000002,0.02117756574354209
QNS,2023-07-21,44.29,44.87,43.88,44.29,1103481,0.9899999999999949,0.0
QNS,2023-07-24,44.62,44.71,43.88,44.71,1373620,0.8299999999999983,0.002017032720753102
QNS,2023-07-25,44.71,45.12,43.88,44.21,1257255,1.2399999999999949,-0.011183180496533213
QNS,2023-07-26,44.71,45.54,43.55,43.63,2106463,1.990000000000002,-0.024155669872511703
QNS,2023-07-27,44.38,44.54,43.05,43.71,1386357,1.490000000000002,-0.015096890491212295
QNS,2023-07-28,43.71,44.05,43.22,43.38,694989,0.8299999999999983,-0.0075497597803705855
QNS,2023-07-31,43.47,43.47,42.06,42.14,2472075,1.4099999999999966,-0.03059581320450882
QNS,2023-08-01,42.22,42.97,42.14,42.22,1195074,0.8299999999999983,0.0
QNS,2023-08-02,42.39,42.47,41.64,42.06,999661,0.8299999999999983,-0.00778485491861284
QNS,2023-08-03,41.98,42.56,41.73,41.98,756546,0.8300000000000054,0.0
QNS,2023-08-04,42.14,42.14,41.15,41.31,1876770,0.990000000000002,-0.01969625059326052
QNS,2023-08-07,41.4,42.72,41.31,41.98,1527542,1.4099999999999966,0.014009661835748751
QNS,2023-08-08,42.22,42.89,42.06,42.56,1389732,0.8299999999999983,0.008053055423969764
QNS,2023-08-09,42.89,42.97,41.98,42.22,1549769,0.990000000000002,-0.015621356959664297
QNS,2023-08-10,42.22,42.47,41.23,41.48,1478776,1.240000000000002,-0.01752723827569877
QNS,2023-08-11,41.4,41.81,39.66,39.74,3477641,2.1500000000000057,-0.04009661835748784
QNS,2023-08-14,39.74,40.49,39.57,40.24,2004491,0.9200000000000017,0.012581781580271767
QNS,2023-08-15,40.07,40.98,40.07,40.82,1087192,0.9099999999999966,0.018717244821562267
QNS,2023-08-16,40.65,40.82,40.24,40.32,1319144,0.5799999999999983,-0.008118081180811766
QNS,2023-08-17,40.49,40.49,39.57,39.57,1521957,0.9200000000000017,-0.02272165966905413
QNS,2023-08-18,39.74,39.74,38.08,38.25,2229354,1.6600000000000037,-0.03749370910920991
QNS,2023-08-21,38.08,39.33,38.08,38.91,717505,1.25,0.021796218487394915
QNS,2023-08-22,38.83,39.16,38.08,38.91,585547,1.0799999999999983,0.0020602626834921012
QNS,2023-08-23,39.34,39.85,38.67,38.75,377648,1.1799999999999997,-0.014997458057956364
QNS,2023-08-24,39.6,42.14,39.34,41.54,2843888,2.799999999999997,0.04898989898989893
QNS,2023-08-25,41.54,42.14,40.78,41.04,908092,1.3599999999999994,-0.01203659123736158
QNS,2023-08-28,41.21,41.71,40.78,41.21,1209438,0.9299999999999997,0.0
QNS,2023-08-29,41.46,42.73,41.46,42.31,1831715,1.269999999999996,0.020501688374336743
QNS,2023-08-30,42.31,42.81,41.54,42.14,691750,1.2700000000000031,-0.004017962656582408
QNS,2023-08-31,42.14,42.73,41.88,42.39,1316247,0.8499999999999943,0.005932605600379687
QNS,2023-09-05,42.39,43.49,42.39,42.98,1135952,1.1000000000000014,0.01391837697570173
QNS,2023-09-06,43.15,43.49,42.73,43.15,1186677,0.7600000000000051,0.0
QNS,2023-09-07,43.15,43.24,42.05,42.31,1550463,1.1900000000000048,-0.01946697566628033
QNS,2023-09-08,42.47,42.98,42.31,42.73,787438,0.6699999999999946,0.006121968448316412
QNS,2023-09-11,42.9,42.98,41.63,41.8,1135115,1.3499999999999943,-0.025641025641025675
QNS,2023-09-12,41.8,42.56,41.71,42.39,832055,0.8500000000000014,0.01411483253588525
QNS,2023-09-13,42.73,43.07,41.88,42.31,1230009,1.1899999999999977,-0.009829159840861097
QNS,2023-09-14,42.31,42.47,41.46,41.8,1061649,1.009999999999998,-0.012053887969747224
QNS,2023-09-15,41.71,42.81,41.71,42.31,1114466,1.1000000000000014,0.01438503955885882
QNS,2023-09-18,42.39,43.91,42.22,43.32,1790398,1.6899999999999977,0.02193913658881811
QNS,2023-09-19,43.41,43.91,43.15,43.91,1396247,0.759999999999998,0.011518083390923752
QNS,2023-09-20,43.74,44.51,43.74,44.17,1424798,0.769999999999996,0.009830818472793774
QNS,2023-09-21,44.17,44.17,42.9,43.07,2409116,1.2700000000000031,-0.02490378084672858
QNS,2023-09-22,43.07,43.07,41.8,42.31,1927051,1.2700000000000031,-0.017645693057812818
QNS,2023-09-25,42.31,42.98,40.87,41.04,1483303,2.1099999999999994,-0.03001654455211541
QNS,2023-09-26,41.97,41.97,40.87,41.29,1164348,1.1000000000000014,-0.016202049082678097
QNS,2023-09-27,41.29,41.37,40.19,41.29,1420756,1.1799999999999997,0.0
QNS,2023-09-28,41.29,41.37,40.53,41.04,709747,0.8399999999999963,-0.006054734802615646
QNS,2023-09-29,41.37,42.31,41.37,41.63,537393,0.9400000000000048,0.0062847474014987945
QNS,2023-10-02,41.88,41.88,41.37,41.37,299023,0.5100000000000051,-0.012177650429799548
QNS,2023-10-03,41.46,41.46,40.27,40.53,842001,1.1899999999999977,-0.02243125904486251
QNS,2023-10-04,40.19,41.12,39.43,41.04,687257,1.6899999999999977,0.021149539686489215
QNS,2023-10-05,41.04,41.04,40.19,40.44,334444,0.8500000000000014,-0.014619883040935708
QNS,2023-10-06,40.44,40.95,40.02,40.87,261872,0.9299999999999997,0.010633036597428282
QNS,2023-10-09,40.78,41.46,40.78,41.21,285611,0.6799999999999997,0.010544384502206957
QNS,2023-10-10,41.46,42.64,41.46,41.8,687859,1.1799999999999997,0.008200675349734595
QNS,2023-10-11,41.97,42.47,41.46,42.47,684638,1.009999999999998,0.011913271384322134
QNS,2023-10-12,42.31,42.47,42.05,42.22,1308160,0.4200000000000017,-0.002127156700543687
QNS,2023-10-13,42.22,42.22,41.29,41.97,742805,0.9299999999999997,-0.0059213642823306495
QNS,2023-10-16,42.05,42.22,41.37,41.46,710579,0.8500000000000014,-0.014030915576694324
QNS,2023-10-17,41.46,41.71,40.19,40.36,1084072,1.5200000000000031,-0.026531596719729895
QNS,2023-10-18,40.61,41.04,39.85,40.36,997716,1.1899999999999977,-0.006156119182467373
QNS,2023-10-19,40.27,40.95,39.26,39.34,651782,1.6900000000000048,-0.023094114725602178
QNS,2023-10-20,39.34,40.19,38.75,39.94,831265,1.4399999999999977,0.015251652262328273
QNS,2023-10-23,40.02,40.02,39.26,39.6,455409,0.7600000000000051,-0.010494752623688198
QNS,2023-10-24,39.68,40.27,39.43,39.94,255904,0.8400000000000034,0.00655241935483866
QNS,2023-10-25,40.19,40.61,39.85,40.53,425778,0.759999999999998,0.008459815874595756
QNS,2023-10-26,40.36,40.44,37.91,38.84,1006446,2.530000000000001,-0.037661050545094055
QNS,2023-10-27,38.84,39.34,38.33,39.17,380629,1.0100000000000051,0.00849639546858904
QNS,2023-10-30,39.09,39.09,38.07,38.33,364518,1.0200000000000031,-0.019442312611921336
QNS,2023-10-31,38.58,38.58,36.13,37.14,726657,2.4499999999999957,-0.037325038880248775
QNS,2023-11-01,37.14,37.91,37.14,37.91,476701,0.769999999999996,0.020732364028002048
QNS,2023-11-02,37.91,38.84,37.91,38.75,336899,0.9300000000000068,0.022157742020575136
QNS,2023-11-03,39.01,39.6,39.01,39.43,672636,0.5900000000000034,0.010766470135862644
QNS,2023-11-06,39.34,40.61,39.34,40.61,977535,1.269999999999996,0.03228266395526171
QNS,2023-11-07,40.61,40.78,40.02,40.11,563633,0.759999999999998,-0.012312238364934745
QNS,2023-11-08,40.19,40.61,39.68,40.61,878351,0.9299999999999997,0.010450360786265283
QNS,2023-11-09,40.61,40.7,40.02,40.19,939677,0.6799999999999997,-0.010342280226545228
QNS,2023-11-10,39.77,40.19,39.6,39.6,816733,0.5899999999999963,-0.004274578828262552
QNS,2023-11-13,39.94,40.02,39.43,39.77,520752,0.5900000000000034,-0.004256384576865163
QNS,2023-11-14,39.77,40.19,39.68,40.02,301426,0.509999999999998,0.006286145335680161
QNS,2023-11-15,40.02,40.7,39.85,39.94,458350,0.8500000000000014,-0.0019990004997502597
QNS,2023-11-16,39.94,40.44,39.77,40.44,690321,0.6699999999999946,0.012518778167250878
QNS,2023-11-17,40.44,40.53,39.34,39.6,654549,1.1899999999999977,-0.020771513353115636
QNS,2023-11-20,39.77,39.77,39.01,39.68,257247,0.7600000000000051,-0.0022630123208449435
QNS,2023-11-21,39.34,40.02,39.26,39.34,445614,0.7600000000000051,0.0
QNS,2023-11-22,39.43,39.68,38.92,39.17,848866,0.759999999999998,-0.006593963986812021
QNS,2023-11-23,39.34,39.43,38.58,38.58,714006,0.8500000000000014,-0.019318759532282792
QNS,2023-11-24,38.67,38.84,38.07,38.58,480738,0.7700000000000031,-0.0023273855702095527
QNS,2023-11-27,38.75,39.26,38.41,38.41,254758,0.8500000000000014,-0.008774193548387184
QNS,2023-11-28,38.75,38.75,38.07,38.58,291092,0.6799999999999997,-0.004387096774193592
QNS,2023-11-29,38.67,38.92,38.24,38.75,180800,0.6799999999999997,0.00206878717351948
QNS,2023-11-30,38.67,39.26,38.58,39.09,350368,0.6799999999999997,0.010861132660977546
QNS,2023-12-01,38.92,39.17,38.67,39.17,329561,0.5,0.006423432682425488
QNS,2023-12-04,39.09,39.68,38.75,39.6,896248,0.9299999999999997,0.013046815042210232
QNS,2023-12-05,39.34,39.6,38.67,38.84,494972,0.9299999999999997,-0.012709710218607015
QNS,2023-12-06,38.92,39.01,38.75,38.92,502175,0.259999999999998,0.0
QNS,2023-12-07,38.84,38.84,37.91,38.24,1032455,0.9300000000000068,-0.015447991761071096
QNS,2023-12-08,38.24,38.33,37.82,37.82,537040,0.509999999999998,-0.010983263598326404
QNS,2023-12-11,37.99,38.75,37.82,37.82,416507,0.9299999999999997,-0.004474861805738397
QNS,2023-12-12,38.07,38.07,37.82,37.91,278845,0.25,-0.004202784344628414
QNS,2023-12-13,38.07,38.07,37.4,37.48,762444,0.6700000000000017,-0.015497767270817005
QNS,2023-12-14,37.65,37.91,37.4,37.48,459606,0.509999999999998,-0.0045152722443559555
QNS,2023-12-15,37.57,37.57,37.31,37.4,376526,0.259999999999998,-0.0045248868778281
QNS,2023-12-18,37.4,37.4,37.06,37.23,649126,0.3399999999999963,-0.004545454545454591
QNS,2023-12-19,37.23,37.57,37.06,37.48,601811,0.509999999999998,0.006715014773032501
QNS,2023-12-20,37.91,38.41,37.65,38.33,682526,0.759999999999998,0.011078871010287568
QNS,2023-12-21,38.24,38.41,37.99,37.99,418256,0.4199999999999946,-0.00653765690376569
QNS,2023-12-22,38.16,38.16,37.82,37.91,382960,0.3399999999999963,-0.006551362683438156
QNS,2023-12-25,37.91,38.07,37.82,37.91,327569,0.25,0.0
QNS,2023-12-26,37.91,37.99,37.82,37.82,399531,0.1700000000000017,-0.0023740437879186576
QNS,2023-12-27,37.82,38.75,37.82,38.33,790401,0.9299999999999997,0.013484928609201427
QNS,2023-12-28,38.41,38.67,38.33,38.5,645804,0.3400000000000034,0.002343139807341927
QNS,2023-12-29,38.5,38.84,38.5,38.75,805658,0.3400000000000034,0.006493506493506494
QNS,2024-01-02,38.67,39.01,38.5,38.5,360542,0.509999999999998,-0.004396172743729033
QNS,2024-01-03,38.67,38.67,38.33,38.5,342537,0.3400000000000034,-0.004396172743729033
QNS,2024-01-04,38.67,38.75,38.33,38.41,366446,0.4200000000000017,-0.006723558313938585
QNS,2024-01-05,38.5,38.5,38.07,38.16,540130,0.4299999999999997,-0.00883116883116892
QNS,2024-01-08,38.5,38.5,38.24,38.33,518042,0.259999999999998,-0.00441558441558446
QNS,2024-01-09,38.33,38.84,38.24,38.58,687303,0.6000000000000014,0.006522306287503261
QNS,2024-01-10,39.36,39.45,38.15,38.24,407620,1.3000000000000043,-0.028455284552845465
QNS,2024-01-11,38.49,38.58,37.89,37.98,546015,0.6899999999999977,-0.013250194855806835
QNS,2024-01-12,38.06,38.41,37.72,38.06,531583,0.6899999999999977,0.0
QNS,2024-01-15,38.06,38.32,37.8,37.8,371877,0.5200000000000031,-0.006831318970047428
QNS,2024-01-16,37.98,39.01,37.89,38.67,958563,1.1199999999999974,0.018167456556082276
QNS,2024-01-17,38.75,39.62,38.75,39.45,733571,0.8699999999999974,0.018064516129032333
QNS,2024-01-18,39.53,40.83,39.45,40.05,1190614,1.3799999999999955,0.013154566152289299
QNS,2024-01-19,40.23,40.4,39.88,40.05,925034,0.519999999999996,-0.0044742729306487625
QNS,2024-01-22,40.05,40.83,39.97,40.57,901809,0.8599999999999994,0.012983770287141153
QNS,2024-01-23,40.57,40.66,39.71,39.79,695414,0.9499999999999957,-0.01922602908553121
QNS,2024-01-24,40.14,40.14,39.71,39.79,621604,0.4299999999999997,-0.008719481813652253
QNS,2024-01-25,39.79,40.05,39.79,39.88,595527,0.259999999999998,0.002261874842925444
QNS,2024-01-26,39.97,40.05,39.62,39.62,395806,0.4299999999999997,-0.008756567425569213
QNS,2024-01-29,39.88,40.57,39.79,39.97,938021,0.7800000000000011,0.0022567703109327058
QNS,2024-01-30,39.97,40.31,39.01,40.05,401321,1.3000000000000043,0.0020015011258443407
QNS,2024-01-31,40.05,40.31,39.53,39.79,698671,0.7800000000000011,-0.006491885143570487
QNS,2024-02-01,39.79,40.74,39.36,40.4,1424338,1.3800000000000026,0.01533048504649408
QNS,2024-02-02,40.48,41.35,40.23,41.26,1741997,1.1200000000000045,0.019268774703557343
QNS,2024-02-05,41.26,41.78,40.92,41.61,1182087,0.8599999999999994,0.008482792050412056
QNS,2024-02-06,41.7,41.96,41.35,41.52,1028998,0.6099999999999994,-0.004316546762589921
QNS,2024-02-07,41.61,41.7,41.09,41.26,314602,0.6099999999999994,-0.00841143955779864
QNS,2024-02-15,41.26,41.7,41.18,41.52,652240,0.5200000000000031,0.006301502666020483
QNS,2024-02-16,41.52,42.13,41.35,41.87,1226084,0.7800000000000011,0.008429672447013349
QNS,2024-02-19,41.87,42.21,41.26,41.44,764854,0.9500000000000028,-0.01026988297110102
QNS,2024-02-20,41.52,41.52,41.09,41.52,730769,0.4299999999999997,0.0
QNS,2024-02-21,41.18,41.44,41.09,41.35,245170,0.3499999999999943,0.004128217581350211
QNS,2024-02-22,41.35,41.96,41.18,41.52,889723,0.7800000000000011,0.004111245465538131
QNS,2024-02-23,41.52,42.65,41.35,41.52,1176175,1.2999999999999972,0.0
QNS,2024-02-26,41.7,41.7,41.26,41.7,684491,0.44000000000000483,0.0
QNS,2024-02-27,41.52,41.78,41.44,41.52,761276,0.3400000000000034,0.0
QNS,2024-02-28,41.61,42.21,41.61,41.87,696284,0.6000000000000014,0.006248497957221774
QNS,2024-02-29,41.87,42.21,41.78,41.87,551721,0.4299999999999997,0.0
QNS,2024-03-01,41.96,42.21,41.78,42.13,574368,0.4299999999999997,0.0040514775977121475
QNS,2024-03-04,42.13,43.6,42.13,42.82,1188393,1.4699999999999989,0.016377877996676896
QNS,2024-03-05,42.99,43.08,42.56,42.99,557006,0.519999999999996,0.0
QNS,2024-03-06,42.99,42.99,41.96,42.21,573951,1.0300000000000011,-0.018143754361479438
QNS,2024-03-07,42.3,42.39,41.87,42.21,535606,0.5200000000000031,-0.002127659574467998
QNS,2024-03-08,42.21,42.21,41.52,41.52,781640,0.6899999999999977,-0.016346837242359576
QNS,2024-03-11,41.7,41.7,40.74,40.92,1362623,0.9600000000000009,-0.018705035971223048
QNS,2024-03-12,40.66,41.35,40.66,41.09,459836,0.6900000000000048,0.01057550418101345
QNS,2024-03-13,41.18,41.52,41.0,41.44,398279,0.5200000000000031,0.006313744536182565
QNS,2024-03-14,41.44,42.3,41.44,41.96,437723,0.8599999999999994,0.012548262548262624
QNS,2024-03-15,41.96,42.04,41.44,41.61,259614,0.6000000000000014,-0.00834127740705437
QNS,2024-03-18,41.61,42.04,40.92,41.26,747842,1.1199999999999974,-0.00841143955779864
QNS,2024-03-19,41.44,41.96,41.35,41.87,404629,0.6099999999999994,0.01037644787644787
QNS,2024-03-20,41.96,42.04,41.52,41.87,348057,0.519999999999996,-0.0021448999046711965
QNS,2024-03-21,41.96,42.21,41.61,41.7,407711,0.6000000000000014,-0.006196377502383174
QNS,2024-03-22,42.04,42.04,41.44,41.52,775913,0.6000000000000014,-0.012369172216936156
QNS,2024-03-25,41.52,41.78,41.44,41.52,573724,0.3400000000000034,0.0
QNS,2024-03-26,41.52,41.78,41.44,41.61,343577,0.3400000000000034,0.002167630057803379
QNS,2024-03-27,41.7,42.91,41.61,42.82,1358139,1.2999999999999972,0.026858513189448378
QNS,2024-03-28,42.99,43.25,42.82,43.25,684980,0.4299999999999997,0.006047918120493091
QNS,2024-03-29,43.25,43.51,42.91,42.91,552247,0.6000000000000014,-0.007861271676300657
QNS,2024-04-01,42.99,43.08,42.3,42.56,371556,0.7800000000000011,-0.010002326122354029
QNS,2024-04-02,42.73,42.82,42.39,42.73,384680,0.4299999999999997,0.0
QNS,2024-04-03,42.65,43.25,42.56,42.65,403365,0.6899999999999977,0.0
QNS,2024-04-04,42.73,42.82,42.21,42.3,659564,0.6099999999999994,-0.010063187456119817
QNS,2024-04-05,42.21,42.56,41.96,42.3,468951,0.6000000000000014,0.0021321961620468207
QNS,2024-04-08,42.3,42.47,42.04,42.3,266946,0.4299999999999997,0.0
QNS,2024-04-09,42.39,43.17,42.3,43.17,537166,0.8700000000000045,0.018400566171266834
QNS,2024-04-10,43.17,43.77,42.65,42.82,395977,1.1200000000000045,-0.008107482047718356
QNS,2024-04-11,42.82,43.08,42.47,43.08,261989,0.6099999999999994,0.006071929005137739
QNS,2024-04-12,43.08,44.29,43.08,43.25,1502669,1.2100000000000009,0.0039461467038069105
QNS,2024-04-15,43.25,43.51,42.39,42.56,946648,1.1199999999999974,-0.015953757225433473
QNS,2024-04-16,43.98,43.98,41.1,41.55,1041182,2.8799999999999955,-0.05525238744884038
QNS,2024-04-17,41.73,41.82,41.28,41.46,583867,0.5399999999999991,-0.006470165348669927
QNS,2024-04-19,41.46,41.46,40.74,41.01,756078,0.7199999999999989,-0.010853835021707739
QNS,2024-04-22,41.1,41.46,41.01,41.37,141498,0.45000000000000284,0.006569343065693334
QNS,2024-04-23,41.37,41.37,40.83,41.01,153151,0.5399999999999991,-0.008701957940536607
QNS,2024-04-24,41.01,41.28,40.92,41.1,373413,0.35999999999999943,0.002194586686174187
QNS,2024-04-25,41.1,41.37,40.92,41.19,214144,0.44999999999999574,0.00218978102189772
QNS,2024-04-26,41.28,42.09,41.28,41.46,231980,0.8100000000000023,0.004360465116279063
QNS,2024-05-02,41.64,42.09,41.46,42.0,302905,0.6300000000000026,0.008645533141210361
QNS,2024-05-03,42.18,42.54,42.09,42.36,581971,0.44999999999999574,0.0042674253200568925
QNS,2024-05-06,42.45,44.16,42.45,43.89,1400224,1.7099999999999937,0.03392226148409888
QNS,2024-05-07,43.89,45.52,43.8,44.7,2260211,1.720000000000006,0.01845522898154482
QNS,2024-05-08,45.06,45.06,44.16,44.52,781292,0.9000000000000057,-0.011984021304926745
QNS,2024-05-09,44.61,45.7,43.71,43.98,1524049,1.990000000000002,-0.014122394082044442
QNS,2024-05-10,44.07,44.52,43.53,43.98,648498,0.990000000000002,-0.0020422055820286684
QNS,2024-05-13,43.98,44.16,43.26,43.62,874364,0.8999999999999986,-0.008185538881309674
QNS,2024-05-14,43.62,44.16,43.35,43.98,359973,0.8099999999999952,0.008253094910591459
QNS,2024-05-15,44.07,44.88,43.71,44.16,1184861,1.1700000000000017,0.002042205582028507
QNS,2024-05-16,44.25,44.79,43.62,43.89,947997,1.1700000000000017,-0.008135593220338971
QNS,2024-05-17,43.89,43.98,43.53,43.98,723990,0.44999999999999574,0.002050580997949335
QNS,2024-05-20,44.07,44.43,43.44,43.53,829066,0.990000000000002,-0.012253233492171526
QNS,2024-05-21,43.53,44.7,43.53,44.34,1904140,1.1700000000000017,0.018607856650585855
QNS,2024-05-22,44.34,44.61,43.8,44.16,870426,0.8100000000000023,-0.004059539918809355
QNS,2024-05-23,44.16,47.05,44.07,46.51,4620273,2.979999999999997,0.05321557971014496
QNS,2024-05-24,46.51,46.69,44.34,45.06,2124027,2.3499999999999943,-0.03117609116319062
QNS,2024-05-27,45.06,46.24,44.34,44.88,1063577,1.8999999999999986,-0.0039946737683089146
QNS,2024-05-28,44.88,45.52,44.61,45.24,923506,0.9100000000000037,0.008021390374331538
QNS,2024-05-29,45.24,45.52,44.43,44.43,1043171,1.0900000000000034,-0.01790450928381968
QNS,2024-05-30,44.52,44.61,44.16,44.52,992131,0.45000000000000284,0.0
QNS,2024-05-31,44.52,45.24,44.43,44.79,1068381,0.8100000000000023,0.0060646900269540885
QNS,2024-06-03,44.88,45.61,44.79,45.06,757424,0.8200000000000003,0.004010695187165769
QNS,2024-06-04,45.15,45.33,44.61,44.7,665008,0.7199999999999989,-0.00996677740863778
QNS,2024-06-05,44.7,46.42,44.7,45.15,2201739,1.7199999999999989,0.010067114093959635
QNS,2024-06-06,45.06,46.06,45.06,45.52,1014460,1.0,0.010208610741233928
QNS,2024-06-07,45.7,45.97,45.24,45.42,620658,0.7299999999999969,-0.006126914660831534
QNS,2024-06-10,45.42,45.7,45.33,45.7,718676,0.37000000000000455,0.006164685160722174
QNS,2024-06-11,45.7,45.7,44.79,44.79,1321592,0.9100000000000037,-0.019912472647702486
QNS,2024-06-12,44.97,45.15,44.79,45.06,636563,0.35999999999999943,0.002001334222815286
QNS,2024-06-13,45.06,45.24,44.88,44.97,523174,0.35999999999999943,-0.001997336884154536
QNS,2024-06-14,44.97,45.15,44.34,44.43,886619,0.8099999999999952,-0.012008005336891243
QNS,2024-06-17,44.43,44.61,44.25,44.25,497446,0.35999999999999943,-0.004051316677920318
QNS,2024-06-18,44.34,44.61,44.25,44.43,426790,0.35999999999999943,0.0020297699594045175
QNS,2024-06-19,44.43,44.52,44.34,44.43,449764,0.17999999999999972,0.0
QNS,2024-06-20,44.52,45.06,44.34,44.61,526487,0.7199999999999989,0.002021563342317976
QNS,2024-06-21,44.7,44.88,44.52,44.61,267554,0.35999999999999943,-0.0020134228187920224
QNS,2024-06-24,44.7,44.79,43.62,43.71,1124732,1.1700000000000017,-0.02214765100671145
QNS,2024-06-25,43.98,44.16,43.71,43.98,214425,0.44999999999999574,0.0
QNS,2024-06-26,43.98,44.16,43.8,43.98,402040,0.35999999999999943,0.0
QNS,2024-06-27,43.98,44.07,43.8,43.98,377638,0.2700000000000031,0.0
QNS,2024-06-28,44.16,44.97,43.89,44.16,737940,1.0799999999999983,0.0
QNS,2024-07-01,44.16,45.52,43.98,44.97,469928,1.5400000000000063,0.01834239130434788
QNS,2024-07-02,44.79,45.06,44.34,44.61,268522,0.7199999999999989,-0.004018754186202271
QNS,2024-07-03,44.7,44.79,44.52,44.7,192716,0.269999999999996,0.0
QNS,2024-07-04,44.61,44.88,44.61,44.79,236263,0.2700000000000031,0.0040349697377269605
QNS,2024-07-05,44.88,44.97,44.52,44.52,245690,0.44999999999999574,-0.008021390374331538
QNS,2024-07-08,44.61,44.79,44.52,44.61,393187,0.269999999999996,0.0
QNS,2024-07-09,44.61,45.33,44.61,45.06,870125,0.7199999999999989,0.010087424344317482
QNS,2024-07-10,45.06,45.52,44.52,44.61,496342,1.0,-0.009986684420772366
QNS,2024-07-11,44.88,44.88,44.52,44.52,721245,0.35999999999999943,-0.008021390374331538
QNS,2024-07-12,44.7,44.88,44.52,44.61,451244,0.35999999999999943,-0.0020134228187920224
QNS,2024-07-15,44.61,44.79,44.52,44.79,189220,0.269999999999996,0.0040349697377269605
QNS,2024-07-16,44.79,45.24,44.61,44.79,386365,0.6300000000000026,0.0
QNS,2024-07-17,44.79,44.79,43.8,44.25,831445,0.990000000000002,-0.012056262558606813
QNS,2024-07-18,44.25,44.43,43.98,44.34,466456,0.45000000000000284,0.002033898305084823
QNS,2024-07-19,44.07,44.34,44.07,44.16,230111,0.2700000000000031,0.002042205582028507
QNS,2024-07-22,44.34,44.34,43.8,43.98,414510,0.5400000000000063,-0.00811907983761855
QNS,2024-07-23,43.89,44.34,43.8,43.8,662445,0.5400000000000063,-0.0020505809979494967
QNS,2024-07-24,43.8,43.89,43.62,43.8,689898,0.2700000000000031,0.0
QNS,2024-07-25,43.71,43.89,43.71,43.8,118905,0.17999999999999972,0.0020590253946464496
QNS,2024-07-26,43.89,44.16,43.8,43.98,90328,0.35999999999999943,0.002050580997949335
QNS,2024-07-29,43.98,44.34,43.98,43.98,176645,0.36000000000000654,0.0
QNS,2024-07-30,44.34,44.34,43.89,43.98,249925,0.45000000000000284,-0.00811907983761855
QNS,2024-07-31,44.07,44.25,43.89,43.98,152260,0.35999999999999943,-0.0020422055820286684
QNS,2024-08-01,43.98,44.16,43.89,43.98,304968,0.269999999999996,0.0
QNS,2024-08-02,43.8,43.8,43.53,43.8,617068,0.269999999999996,0.0
QNS,2024-08-05,43.71,43.71,42.18,42.27,1060715,1.5300000000000011,-0.03294440631434449
QNS,2024-08-06,42.99,43.71,42.0,43.08,171468,1.7100000000000009,0.002093510118632154
QNS,2024-08-07,42.81,43.17,42.81,42.9,241728,0.35999999999999943,0.0021023125437980915
QNS,2024-08-08,42.9,42.99,42.81,42.9,188614,0.17999999999999972,0.0
QNS,2024-08-09,42.9,43.26,42.9,42.9,159470,0.35999999999999943,0.0
QNS,2024-08-12,42.9,43.35,42.9,43.17,245216,0.45000000000000284,0.006293706293706367
QNS,2024-08-13,43.17,43.26,42.9,42.99,185138,0.35999999999999943,-0.004169562195969417
QNS,2024-08-14,43.17,43.26,42.72,42.81,381797,0.5399999999999991,-0.008339124391938834
QNS,2024-08-15,42.9,42.9,42.09,42.18,492375,0.8099999999999952,-0.01678321678321676
QNS,2024-08-16,42.36,42.99,42.18,42.99,607948,0.8100000000000023,0.014872521246458985
QNS,2024-08-19,43.08,43.44,42.9,43.26,385361,0.5399999999999991,0.004178272980501386
QNS,2024-08-20,43.26,43.89,43.17,43.44,358421,0.7199999999999989,0.004160887656033281
QNS,2024-08-21,43.44,43.8,43.44,43.71,435783,0.35999999999999943,0.006215469613259741
QNS,2024-08-22,43.71,44.07,43.62,43.98,273464,0.45000000000000284,0.00617707618393951
QNS,2024-08-23,43.98,44.07,43.8,43.98,175970,0.2700000000000031,0.0
QNS,2024-08-26,43.98,44.16,43.98,44.16,158493,0.17999999999999972,0.004092769440654837
QNS,2024-08-27,44.16,44.25,43.8,43.89,162540,0.45000000000000284,-0.006114130434782519
QNS,2024-08-28,44.81,44.81,43.89,44.26,156288,0.9200000000000017,-0.012274045971881371
QNS,2024-08-29,43.98,44.26,43.98,44.08,52354,0.28000000000000114,0.0022737608003638343
QNS,2024-08-30,44.17,44.35,43.62,43.89,180628,0.730000000000004,-0.006339144215530929
QNS,2024-09-04,43.98,44.17,43.52,43.71,103357,0.6499999999999986,-0.006139154160982175
QNS,2024-09-05,43.71,43.8,43.52,43.52,121560,0.27999999999999403,-0.004346831388698186
QNS,2024-09-06,43.71,43.71,43.25,43.25,142523,0.46000000000000085,-0.01052390757263786
QNS,2024-09-09,43.71,44.17,43.16,43.25,119850,1.0100000000000051,-0.01052390757263786
QNS,2024-09-10,43.25,43.62,42.97,42.97,225557,0.6499999999999986,-0.006473988439306385
QNS,2024-09-11,43.25,43.34,43.06,43.34,150134,0.28000000000000114,0.0020809248554914082
QNS,2024-09-12,43.62,43.62,43.16,43.34,232422,0.46000000000000085,-0.006419073819348786
QNS,2024-09-13,43.25,43.62,43.16,43.43,67074,0.46000000000000085,0.0041618497109826525
QNS,2024-09-16,43.43,43.62,43.25,43.62,235307,0.36999999999999744,0.004374856090260136
QNS,2024-09-17,43.62,43.62,43.34,43.62,65865,0.27999999999999403,0.0
QNS,2024-09-18,43.62,43.62,43.43,43.52,107356,0.18999999999999773,-0.0022925263640530564
QNS,2024-09-19,43.52,43.98,43.34,43.52,477895,0.6399999999999935,0.0
QNS,2024-09-20,43.62,44.17,43.52,44.17,645429,0.6499999999999986,0.012608895002292625
QNS,2024-09-23,44.17,45.09,44.17,45.0,1052506,0.9200000000000017,0.01879103463889514
QNS,2024-09-24,45.09,45.27,44.72,44.81,233385,0.5500000000000043,-0.006209802616988271
QNS,2024-09-25,45.09,45.09,44.72,44.72,291841,0.37000000000000455,-0.008205810601020281
QNS,2024-09-26,45.0,45.18,44.72,45.0,306374,0.46000000000000085,0.0
QNS,2024-09-27,45.09,45.09,44.35,44.54,202813,0.740000000000002,-0.012197826569084148
QNS,2024-09-30,44.54,44.63,43.98,44.63,358611,0.6500000000000057,0.0020206555904805435
QNS,2024-10-01,44.72,44.72,44.08,44.63,237406,0.6400000000000006,-0.002012522361359488
QNS,2024-10-02,44.35,45.09,44.35,44.81,340634,0.740000000000002,0.01037204058624579
QNS,2024-10-03,44.81,44.81,44.35,44.44,123936,0.46000000000000085,-0.00825708547199296
QNS,2024-10-04,44.63,44.63,44.26,44.44,146727,0.37000000000000455,-0.0042572260811114685
QNS,2024-10-07,44.44,44.9,44.35,44.72,218038,0.5499999999999972,0.0063006300630063265
QNS,2024-10-08,44.54,44.81,44.54,44.72,241265,0.2700000000000031,0.004041311180960927
QNS,2024-10-09,44.72,44.72,44.54,44.63,352697,0.17999999999999972,-0.002012522361359488
QNS,2024-10-10,44.54,45.0,44.44,45.0,420941,0.5600000000000023,0.010327795240233518
QNS,2024-10-11,45.0,46.01,45.0,45.46,1200384,1.009999999999998,0.010222222222222242
QNS,2024-10-14,45.46,45.55,45.09,45.27,175540,0.45999999999999375,-0.004179498460184727
QNS,2024-10-15,45.27,45.46,45.0,45.09,295797,0.46000000000000085,-0.003976143141153075
QNS,2024-10-16,45.27,45.36,45.09,45.36,198704,0.269999999999996,0.001988071570576459
QNS,2024-10-17,45.36,45.55,45.09,45.55,165543,0.45999999999999375,0.004188712522045806
QNS,2024-10-18,45.55,45.82,45.46,45.55,387704,0.35999999999999943,0.0
QNS,2024-10-21,45.64,45.73,44.81,45.09,384944,0.9199999999999946,-0.01205083260297978
QNS,2024-10-22,44.81,45.0,44.72,44.9,148766,0.28000000000000114,0.002008480249944126
QNS,2024-10-23,45.0,45.46,44.9,44.9,116130,0.5600000000000023,-0.002222222222222254
QNS,2024-10-24,45.18,45.18,44.81,44.81,201444,0.36999999999999744,-0.008189464364763113
QNS,2024-10-25,44.81,45.18,44.72,44.72,383988,0.46000000000000085,-0.002008480249944285
QNS,2024-10-28,44.9,45.36,44.81,45.0,303442,0.5499999999999972,0.0022271714922049313
QNS,2024-10-29,45.09,45.27,45.0,45.18,261500,0.2700000000000031,0.001996007984031854
QNS,2024-10-30,45.18,45.27,44.9,45.0,273413,0.37000000000000455,-0.003984063745019914
QNS,2024-10-31,45.09,45.09,44.9,45.0,78451,0.19000000000000483,-0.0019960079840320114
QNS,2024-11-01,45.0,45.09,44.9,45.0,167675,0.19000000000000483,0.0
QNS,2024-11-04,45.55,45.73,44.81,45.0,218936,0.9199999999999946,-0.012074643249176667
QNS,2024-11-05,45.55,45.55,45.0,45.09,224552,0.5499999999999972,-0.010098792535674946
QNS,2024-11-06,45.18,45.27,45.09,45.09,454368,0.17999999999999972,-0.0019920318725098786
QNS,2024-11-07,45.09,45.27,45.0,45.18,284079,0.2700000000000031,0.001996007984031854
QNS,2024-11-08,45.27,45.27,45.0,45.09,443723,0.2700000000000031,-0.003976143141153075
QNS,2024-11-11,45.27,45.64,45.0,45.55,459913,0.6400000000000006,0.006185111552904661
QNS,2024-11-12,45.55,45.55,45.27,45.36,188015,0.27999999999999403,-0.004171240395170093
QNS,2024-11-13,45.46,45.46,45.18,45.36,111945,0.28000000000000114,-0.00219973603167623
QNS,2024-11-14,45.46,45.46,45.09,45.27,298682,0.36999999999999744,-0.004179498460184727
QNS,2024-11-15,45.27,45.27,45.09,45.09,295847,0.17999999999999972,-0.003976143141153075
QNS,2024-11-18,45.09,45.82,45.09,45.18,202812,0.7299999999999969,0.001996007984031854
QNS,2024-11-19,45.18,45.27,45.09,45.09,245939,0.17999999999999972,-0.0019920318725098786
QNS,2024-11-20,45.09,45.46,45.0,45.46,321174,0.46000000000000085,0.008205810601020125
QNS,2024-11-21,45.36,47.2,45.36,46.93,2039675,1.8400000000000034,0.034611992945326284
QNS,2024-11-22,46.84,47.39,46.56,46.65,476556,0.8299999999999983,-0.004056362083689258
QNS,2024-11-25,46.65,46.74,46.19,46.56,213664,0.5500000000000043,-0.0019292604501606925
QNS,2024-11-26,46.65,46.65,46.19,46.28,408147,0.46000000000000085,-0.007931404072883117
QNS,2024-11-27,46.38,46.84,46.01,46.84,311662,0.8300000000000054,0.009918068132815887
QNS,2024-11-28,46.84,47.02,46.38,46.74,371246,0.6400000000000006,-0.0021349274124680064
QNS,2024-11-29,46.74,46.93,46.47,46.84,281216,0.46000000000000085,0.0021394950791613484
QNS,2024-12-02,46.84,47.3,46.38,46.47,393144,0.9199999999999946,-0.007899231426131609
QNS,2024-12-03,46.28,46.74,46.19,46.56,294756,0.5500000000000043,0.006050129645635288
QNS,2024-12-04,46.47,47.11,46.38,46.74,404518,0.7299999999999969,0.005810200129115626
QNS,2024-12-05,46.84,47.11,46.65,47.02,338480,0.46000000000000085,0.0038428693424423506
QNS,2024-12-06,47.11,47.2,46.47,46.56,219084,0.730000000000004,-0.011674803651029445
QNS,2024-12-09,46.65,47.3,46.56,47.3,255847,0.7399999999999949,0.013933547695605543
QNS,2024-12-10,47.3,47.39,46.93,47.02,339038,0.46000000000000085,-0.005919661733615096
QNS,2024-12-11,47.02,47.11,46.56,46.93,227281,0.5499999999999972,-0.0019140791152701703
QNS,2024-12-12,47.02,47.11,46.56,47.11,173240,0.5499999999999972,0.0019140791152700192
QNS,2024-12-13,47.02,47.02,46.65,46.74,73025,0.37000000000000455,-0.00595491280306255
QNS,2024-12-16,46.93,47.11,46.56,46.84,195869,0.5499999999999972,-0.0019177498401874347
QNS,2024-12-17,46.93,47.85,46.65,47.85,1011864,1.2000000000000028,0.01960366503302795
QNS,2024-12-18,47.85,48.12,47.39,47.48,289832,0.7299999999999969,-0.007732497387669897
QNS,2024-12-19,47.48,47.48,46.56,46.93,567309,0.9199999999999946,-0.011583824768323446
QNS,2024-12-20,46.56,46.93,46.56,46.74,175467,0.36999999999999744,0.0038659793814432926
QNS,2024-12-23,46.74,46.84,46.65,46.84,117615,0.19000000000000483,0.0021394950791613484
QNS,2024-12-24,46.93,46.93,46.65,46.74,217751,0.28000000000000114,-0.0040485829959513685
QNS,2024-12-25,46.74,47.3,46.65,47.11,260756,0.6499999999999986,0.007916131792896821
QNS,2024-12-26,47.11,47.85,46.74,47.76,455922,1.1099999999999994,0.013797495223943931
QNS,2024-12-27,47.76,48.03,47.3,47.85,390306,0.730000000000004,0.0018844221105528353
QNS,2024-12-30,47.85,47.85,47.48,47.48,256619,0.37000000000000455,-0.007732497387669897
QNS,2024-12-31,47.48,47.66,46.01,46.01,558621,1.6499999999999986,-0.03096040438079189
VNM,2020-01-02,71.41,72.14,71.1,71.96,352700,1.0400000000000063,0.007702002520655331
VNM,2020-01-03,72.14,72.63,72.14,72.2,625390,0.4899999999999949,0.0008317161075686481
VNM,2020-01-06,72.14,72.14,71.28,71.65,495910,0.8599999999999994,-0.006792348211810298
VNM,2020-01-07,71.71,72.51,71.71,72.32,459520,0.8000000000000114,0.00850648445126202
VNM,2020-01-08,72.32,72.51,71.71,72.51,837710,0.8000000000000114,0.0026272123893806964
VNM,2020-01-09,72.63,72.93,72.26,72.38,624130,0.6700000000000017,-0.003442103813851026
VNM,2020-01-10,72.38,72.75,72.26,72.57,596280,0.4899999999999949,0.0026250345399281257
VNM,2020-01-13,72.63,72.63,71.65,71.65,412880,0.9799999999999898,-0.01349304695029588
VNM,2020-01-14,71.65,72.08,71.47,71.9,335180,0.6099999999999994,0.003489183531053733
VNM,2020-01-15,71.9,71.96,71.53,71.9,681740,0.4299999999999926,0.0
VNM,2020-01-16,71.9,72.32,71.53,72.14,545090,0.789999999999992,0.0033379694019470773
VNM,2020-01-17,72.14,72.38,71.9,72.38,375030,0.47999999999998977,0.0033268644302743952
VNM,2020-01-20,72.63,72.75,72.26,72.63,493600,0.4899999999999949,0.0
VNM,2020-01-21,72.63,74.4,72.38,73.85,853940,2.0200000000000102,0.016797466611592992
VNM,2020-01-22,74.4,74.4,73.85,74.03,794440,0.5500000000000114,-0.0049731182795699535
VNM,2020-01-30,72.63,73.12,70.92,71.16,1533720,2.200000000000003,-0.02023957042544402
VNM,2020-01-31,71.04,71.16,66.22,66.22,1915820,4.939999999999998,-0.0678490990990992
VNM,2020-02-03,61.95,67.44,61.64,66.1,2289150,5.799999999999997,0.06698950766747362
VNM,2020-02-04,67.07,67.13,63.53,64.08,1869040,3.5999999999999943,-0.0445802892500372
VNM,2020-02-05,64.94,65.73,63.05,65.06,1545750,2.680000000000007,0.001847859562673307
VNM,2020-02-06,64.69,66.28,64.63,65.61,2137020,1.6500000000000057,0.014221672592363607
VNM,2020-02-07,65.73,67.44,65.67,67.26,1523380,1.769999999999996,0.023277042446371535
VNM,2020-02-10,66.52,66.77,65.49,66.52,910510,1.2800000000000011,0.0
VNM,2020-02-11,66.52,66.52,65.3,65.43,885960,1.2199999999999989,-0.016386049308478493
VNM,2020-02-12,65.91,65.91,65.43,65.43,838170,0.47999999999998977,-0.00728265817023198
VNM,2020-02-13,65.43,65.61,65.06,65.24,713560,0.5499999999999972,-0.0029038667278008853
VNM,2020-02-14,65.43,65.55,65.06,65.06,708080,0.4899999999999949,-0.005654898364664596
VNM,2020-02-17,65.18,65.67,65.18,65.61,623350,0.4899999999999949,0.0065971156796562225
VNM,2020-02-18,65.79,65.79,64.27,64.39,1078500,1.5200000000000102,-0.021279829761361994
VNM,2020-02-19,64.08,65.12,64.08,64.94,747510,1.0400000000000063,0.01342072409488139
VNM,2020-02-20,65.3,65.61,64.88,64.94,624620,0.730000000000004,-0.005513016845329241
VNM,2020-02-21,65.61,66.77,65.61,66.22,1484500,1.1599999999999966,0.009297363206828219
VNM,2020-02-24,65.3,65.79,64.69,64.94,954600,1.1000000000000085,-0.005513016845329241
VNM,2020-02-25,64.88,66.22,64.69,65.91,1200220,1.5300000000000011,0.015875462392108526
VNM,2020-02-26,65.12,65.12,64.08,64.08,1346630,1.0400000000000063,-0.015970515970516064
VNM,2020-02-27,64.08,65.55,63.35,65.55,863890,2.1999999999999957,0.022940074906367024
VNM,2020-02-28,64.27,64.75,62.86,63.78,1437350,1.8900000000000006,-0.007624085887661349
VNM,2020-03-02,63.78,64.39,63.35,63.78,909240,1.0399999999999991,0.0
VNM,2020-03-03,64.39,64.82,63.84,64.27,741380,0.9799999999999898,-0.0018636434228918239
VNM,2020-03-04,64.27,64.69,63.78,63.96,612800,0.9099999999999966,-0.004823401275867359
VNM,2020-03-05,64.08,64.63,63.78,63.78,438020,0.8499999999999943,-0.004681647940074862
VNM,2020-03-06,63.78,63.96,63.23,63.59,664920,0.730000000000004,-0.002978990279084317
VNM,2020-03-09,61.03,62.56,59.2,59.2,2356790,3.3599999999999994,-0.029985253154186438
VNM,2020-03-10,58.59,62.13,58.59,62.07,1761300,3.539999999999999,0.05939580133128514
VNM,2020-03-11,62.25,64.08,60.54,62.01,2292410,3.539999999999999,-0.00385542168674702
VNM,2020-03-12,59.32,61.95,59.2,61.58,2431600,2.75,0.03809844908968304
VNM,2020-03-13,58.1,61.4,58.1,60.48,2159130,3.299999999999997,0.040963855421686665
VNM,2020-03-16,60.48,60.54,58.9,59.2,1087080,1.6400000000000006,-0.021164021164021066
VNM,2020-03-17,58.59,58.83,57.98,58.59,1788240,0.8500000000000014,0.0
VNM,2020-03-18,58.71,59.69,57.98,57.98,1322150,1.7100000000000009,-0.012433997615397785
VNM,2020-03-19,56.76,57.37,54.32,54.32,2774560,3.049999999999997,-0.04298801973220574
VNM,2020-03-20,54.32,55.72,54.32,54.93,2316660,1.3999999999999986,0.011229749631811477
VNM,2020-03-23,54.38,54.38,51.08,51.08,2187710,3.3000000000000043,-0.060684075027583745
VNM,2020-03-24,51.08,53.89,51.08,52.55,1739530,2.8100000000000023,0.028778386844165994
VNM,2020-03-25,55.29,56.21,54.99,56.15,2993020,1.2199999999999989,0.015554349792005777
VNM,2020-03-26,56.33,57.98,54.2,57.37,2556450,3.779999999999994,0.018462630924906784
VNM,2020-03-27,57.37,58.16,56.15,57.43,2755950,2.009999999999998,0.001045842774969536
VNM,2020-03-30,54.93,56.45,54.32,55.66,1559900,2.1300000000000026,0.013289641361733058
VNM,2020-03-31,56.33,57.0,54.93,55.54,1293290,2.0700000000000003,-0.014024498491034957
VNM,2020-04-01,55.54,57.37,55.54,57.37,1155730,1.8299999999999983,0.03294922578321927
VNM,2020-04-03,57.67,58.29,57.37,57.98,1934430,0.9200000000000017,0.005375411825905933
VNM,2020-04-06,58.9,58.96,57.98,58.71,1840550,0.980000000000004,-0.0032258064516128646
VNM,2020-04-07,58.9,60.42,58.47,60.12,2273090,1.9500000000000028,0.02071307300509336
VNM,2020-04-08,59.81,60.42,58.9,60.42,904920,1.5200000000000031,0.01019896338404948
VNM,2020-04-09,60.97,61.58,60.54,61.09,1220550,1.0399999999999991,0.001968181072658759
VNM,2020-04-10,61.03,61.03,59.87,60.79,1111470,1.1600000000000037,-0.00393249221694252
VNM,2020-04-13,60.79,60.91,59.99,60.48,1127670,0.9199999999999946,-0.005099522947853303
VNM,2020-04-14,60.73,60.85,60.24,60.42,1059560,0.6099999999999994,-0.005104561172402358
VNM,2020-04-15,60.85,60.85,60.54,60.54,886130,0.3100000000000023,-0.005094494658997572
VNM,2020-04-16,60.6,60.73,60.36,60.6,1155660,0.36999999999999744,0.0
VNM,2020-04-17,61.03,61.09,60.42,60.6,1767310,0.6700000000000017,-0.007045715222021951
VNM,2020-04-20,61.03,61.76,61.03,61.03,1471680,0.7299999999999969,0.0
VNM,2020-04-21,61.03,61.03,58.47,59.08,2129360,2.5600000000000023,-0.03195149926265776
VNM,2020-04-22,58.65,59.57,58.47,59.51,1085950,1.1000000000000014,0.014663256606990614
VNM,2020-04-23,60.18,60.18,58.53,58.65,1443180,1.6499999999999986,-0.02542372881355934
VNM,2020-04-24,60.6,62.74,59.51,62.74,3624460,3.230000000000004,0.03531353135313532
VNM,2020-04-27,65.0,65.0,62.74,62.74,1950560,2.259999999999998,-0.03476923076923074
VNM,2020-04-28,62.74,62.86,60.85,61.34,1401520,2.009999999999998,-0.022314313037934307
VNM,2020-04-29,60.73,60.97,60.42,60.42,1769090,0.5499999999999972,-0.005104561172402358
VNM,2020-05-04,59.2,60.42,59.2,59.57,1235970,1.2199999999999989,0.006249999999999956
VNM,2020-05-05,60.3,61.58,59.81,61.34,1163800,1.769999999999996,0.017247097844112873
VNM,2020-05-06,61.46,61.95,60.85,61.95,1105020,1.1000000000000014,0.007972665148063813
VNM,2020-05-07,62.01,63.35,61.95,63.11,1583260,1.3999999999999986,0.017739074342847952
VNM,2020-05-08,63.78,65.67,63.47,64.08,3184170,2.200000000000003,0.004703668861712091
VNM,2020-05-11,64.08,66.22,63.9,66.22,1792200,2.3200000000000003,0.03339575530586768
VNM,2020-05-12,66.22,69.82,65.55,69.51,2944650,4.269999999999996,0.04968287526427071
VNM,2020-05-13,69.09,70.19,67.13,69.39,2507730,3.0600000000000023,0.004342162396873602
VNM,2020-05-14,68.72,69.51,68.66,68.97,1397750,0.8500000000000085,0.003637951105937136
VNM,2020-05-15,68.97,69.27,66.77,67.62,2320230,2.5,-0.019573727707698916
VNM,2020-05-18,67.62,68.23,66.52,67.81,898370,1.710000000000008,0.0028098195800058817
VNM,2020-05-19,69.45,69.82,68.54,68.72,1432400,1.279999999999987,-0.010511159107271476
VNM,2020-05-20,68.66,69.82,68.66,69.58,1199680,1.1599999999999966,0.013399359161083625
VNM,2020-05-21,69.58,70.19,69.27,70.19,1582090,0.9200000000000017,0.008766887036504734
VNM,2020-05-22,69.82,70.06,69.27,69.82,1083060,0.7900000000000063,0.0
VNM,2020-05-25,69.88,71.77,69.64,71.77,1581860,2.1299999999999955,0.027046365197481406
VNM,2020-05-26,72.02,72.02,70.31,71.77,983170,1.7099999999999937,-0.003471257983893363
VNM,2020-05-27,71.83,71.9,70.19,70.19,1108350,1.710000000000008,-0.02283168592510094
VNM,2020-05-28,70.19,70.8,70.06,70.06,1004500,0.7399999999999949,-0.0018521156859950913
VNM,2020-05-29,69.27,70.31,69.27,70.19,1203680,1.0400000000000063,0.013281362783311705
VNM,2020-06-01,70.25,71.41,70.25,70.86,1047020,1.1599999999999966,0.008683274021352305
VNM,2020-06-02,70.86,71.41,70.61,70.8,891910,0.7999999999999972,-0.0008467400508044351
VNM,2020-06-03,70.92,72.08,70.55,71.16,1322080,1.5300000000000011,0.003384094754653058
VNM,2020-06-04,71.41,71.96,71.41,71.9,735420,0.5499999999999972,0.006861784063856731
VNM,2020-06-05,71.9,72.75,71.22,72.75,1076470,1.5300000000000011,0.011821974965229406
VNM,2020-06-08,72.75,75.31,72.69,74.95,1419750,2.6200000000000045,0.030240549828178732
VNM,2020-06-09,75.13,76.9,75.13,76.29,1704320,1.7700000000000102,0.015439904166112217
VNM,2020-06-10,76.9,76.9,74.95,75.07,1242180,1.9500000000000028,-0.023797139141742682
VNM,2020-06-11,75.07,76.29,73.85,74.64,1098260,2.440000000000012,-0.005727987211935429
VNM,2020-06-12,72.02,73.12,69.94,72.02,2394330,3.180000000000007,0.0
VNM,2020-06-15,73.24,73.79,68.36,68.36,2058870,5.430000000000007,-0.0666302566903331
VNM,2020-06-16,69.94,71.71,69.58,71.41,844740,2.1299999999999955,0.021018015441807248
VNM,2020-06-17,71.41,71.53,70.43,70.55,513570,1.0999999999999943,-0.012043131214115663
VNM,2020-06-18,70.55,71.16,69.64,70.31,523160,1.519999999999996,-0.0034018426647766816
VNM,2020-06-19,70.31,71.1,70.19,70.19,1251600,0.9099999999999966,-0.0017067273503058532
VNM,2020-06-22,70.43,70.74,70.06,70.43,867620,0.6799999999999926,0.0
VNM,2020-06-23,70.8,71.04,70.55,70.8,1063470,0.4900000000000091,0.0
VNM,2020-06-24,71.04,72.26,71.04,71.47,750960,1.2199999999999989,0.006052927927927824
VNM,2020-06-25,71.1,71.1,70.37,71.04,572770,0.7299999999999898,-0.0008438818565399166
VNM,2020-06-26,71.16,71.47,70.43,70.74,495750,1.039999999999992,-0.005902192242833076
VNM,2020-06-29,70.49,70.67,68.07,69.19,1519040,2.6000000000000085,-0.018442332245708574
VNM,2020-06-30,69.87,70.18,69.19,69.68,797960,0.9900000000000091,-0.0027193359095462675
VNM,2020-07-01,69.68,71.1,69.25,70.92,450020,1.8499999999999943,0.017795637198622198
VNM,2020-07-02,70.98,71.04,69.87,69.87,720480,1.1700000000000017,-0.015638207945900245
VNM,2020-07-03,69.87,70.61,69.74,70.55,729290,0.8700000000000045,0.009732360097323495
VNM,2020-07-06,70.79,72.09,70.67,72.03,1319980,1.4200000000000017,0.017516598389602976
VNM,2020-07-07,72.03,72.4,71.72,71.72,1024960,0.6800000000000068,-0.004303762321255064
VNM,2020-07-08,71.72,71.72,71.41,71.41,551310,0.3100000000000023,-0.004322364751812636
VNM,2020-07-09,71.41,72.15,71.41,71.66,1560410,0.7400000000000091,0.0035009102366615323
VNM,2020-07-10,71.72,71.97,71.29,71.29,677180,0.6799999999999926,-0.005995538204127058
VNM,2020-07-13,71.29,71.6,70.67,70.98,943850,0.9299999999999926,-0.004348435965773632
VNM,2020-07-14,70.61,71.23,70.42,71.23,731170,0.8100000000000023,0.008780625973658187
VNM,2020-07-15,71.72,72.34,71.72,71.72,1015000,0.6200000000000045,0.0
VNM,2020-07-16,72.15,72.65,71.85,72.65,1112460,0.8000000000000114,0.00693000693000693
VNM,2020-07-17,72.15,72.59,72.03,72.22,583510,0.5600000000000023,0.0009702009702008755
VNM,2020-07-20,71.72,72.15,71.41,71.54,474700,0.7400000000000091,-0.002509760178471732
VNM,2020-07-21,71.54,71.91,70.86,71.72,1618780,1.0499999999999972,0.0025160749231198294
VNM,2020-07-22,71.35,71.72,70.55,70.55,1051320,1.1700000000000017,-0.011212333566923577
VNM,2020-07-23,70.61,70.86,70.18,70.61,766500,0.6799999999999926,0.0
VNM,2020-07-24,70.61,70.61,67.39,68.69,2313270,3.219999999999999,-0.027191615918425175
VNM,2020-07-27,66.22,66.53,63.93,63.93,2553780,2.6000000000000014,-0.03458169737239503
VNM,2020-07-28,64.3,67.95,64.3,67.95,1390810,3.6500000000000057,0.056765163297045194
VNM,2020-07-29,67.08,67.33,65.23,65.54,1497450,2.0999999999999943,-0.022957662492546094
VNM,2020-07-30,66.78,67.7,66.03,67.39,1028620,1.6700000000000017,0.009134471398622333
VNM,2020-07-31,66.16,67.52,65.85,66.16,839830,1.6700000000000017,0.0
VNM,2020-08-03,66.78,68.01,66.59,67.52,860190,1.4200000000000017,0.011081162024558174
VNM,2020-08-04,68.63,68.82,67.95,68.82,765170,0.8699999999999903,0.002768468599737691
VNM,2020-08-05,68.94,70.24,68.01,69.31,888080,2.2299999999999898,0.00536698578474042
VNM,2020-08-06,69.43,71.72,69.31,70.98,1360570,2.4099999999999966,0.022324643525853335
VNM,2020-08-07,71.1,71.72,70.98,71.41,1148200,0.7399999999999949,0.004360056258790468
VNM,2020-08-10,71.72,72.03,70.79,70.79,1412680,1.2399999999999949,-0.012967094255437711
VNM,2020-08-11,71.04,71.1,70.49,70.79,852250,0.6099999999999994,-0.0035191441441441438
VNM,2020-08-12,70.79,71.66,70.79,71.47,1451960,0.8699999999999903,0.009605876536233826
VNM,2020-08-13,71.97,72.09,71.66,71.97,1238980,0.4300000000000068,0.0
VNM,2020-08-14,72.09,72.96,71.85,72.15,1623690,1.1099999999999994,0.0008322929671244593
VNM,2020-08-17,72.34,72.9,71.29,72.34,906890,1.6099999999999994,0.0
VNM,2020-08-18,72.34,72.59,71.47,71.47,604570,1.1200000000000045,-0.012026541332596136
VNM,2020-08-19,71.72,71.72,71.04,71.29,981840,0.6799999999999926,-0.005995538204127058
VNM,2020-08-20,71.29,71.6,70.86,71.23,1254280,0.7399999999999949,-0.0008416327675691158
VNM,2020-08-21,71.41,71.72,71.17,71.47,884990,0.5499999999999972,0.0008402184567987995
VNM,2020-08-24,72.03,72.71,71.72,72.03,1526860,0.9899999999999949,0.0
VNM,2020-08-25,72.34,72.9,72.22,72.53,1693030,0.6800000000000068,0.0026264860381531342
VNM,2020-08-26,72.96,73.08,72.28,72.4,1922780,0.7999999999999972,-0.0076754385964910654
VNM,2020-08-27,72.65,72.9,72.34,72.46,799570,0.5600000000000023,-0.002615278733654672
VNM,2020-08-28,72.83,74.19,72.46,73.76,1341270,1.730000000000004,0.012769463133324273
VNM,2020-08-31,74.38,74.81,73.89,74.81,1634090,0.9200000000000017,0.005781123958053332
VNM,2020-09-01,74.81,76.17,74.32,76.17,1448060,1.8500000000000085,0.018179387782382025
VNM,2020-09-03,76.36,77.16,76.36,77.1,2016680,0.7999999999999972,0.009690937663698204
VNM,2020-09-04,76.48,77.29,76.11,77.29,1711980,1.1800000000000068,0.010591004184100448
VNM,2020-09-07,77.29,79.39,77.22,77.9,2178380,2.1700000000000017,0.007892353473929348
VNM,2020-09-08,77.84,78.77,76.61,76.79,1809570,2.1599999999999966,-0.013489208633093488
VNM,2020-09-09,75.74,76.61,75.12,76.54,1621920,1.4899999999999949,0.010562450488513486
VNM,2020-09-10,77.29,77.53,76.92,77.1,848330,0.6099999999999994,-0.0024582740328633968
VNM,2020-09-11,76.79,77.1,76.36,76.54,956670,0.7399999999999949,-0.0032556322437817422
VNM,2020-09-14,76.92,77.29,76.67,76.79,1194170,0.6200000000000045,-0.001690067602704049
VNM,2020-09-15,76.79,77.22,76.67,77.16,882030,0.5499999999999972,0.004818335720796853
VNM,2020-09-16,77.29,77.29,76.61,76.79,724510,0.6800000000000068,-0.006469142191745374
VNM,2020-09-17,76.67,77.78,76.67,76.98,1376570,1.1099999999999994,0.004043302465110242
VNM,2020-09-18,77.04,78.15,76.79,78.15,1224030,1.3599999999999994,0.014408099688473511
VNM,2020-09-21,78.21,80.5,78.15,80.44,2614310,2.3499999999999943,0.028512977880066542
VNM,2020-09-22,80.44,80.5,79.45,80.13,1244610,1.0499999999999972,-0.003853804077573375
VNM,2020-09-23,80.32,80.5,79.82,79.88,1042800,0.6800000000000068,-0.005478087649402363
VNM,2020-09-24,79.26,79.7,78.71,78.71,1506610,0.9900000000000091,-0.006939187484229262
VNM,2020-09-25,79.02,79.14,78.83,78.96,1011140,0.3100000000000023,-0.0007593014426727698
VNM,2020-09-28,79.14,79.51,78.71,79.33,2169790,0.8000000000000114,0.0024008086934546088
VNM,2020-09-29,82.91,84.87,81.4,82.31,5191680,3.469999999999999,-0.007236762754794287
VNM,2020-09-30,82.91,83.97,81.78,82.08,1432380,2.1899999999999977,-0.01001085514413217
VNM,2020-10-01,82.16,82.46,81.33,82.38,1702500,1.1299999999999955,0.0026777020447906388
VNM,2020-10-02,82.53,82.99,80.42,81.4,2864220,2.569999999999993,-0.013691990791227376
VNM,2020-10-05,81.4,82.16,80.65,80.88,1427600,1.509999999999991,-0.006388206388206513
VNM,2020-10-06,80.88,81.4,80.27,80.65,2044710,1.1300000000000097,-0.002843719090009765
VNM,2020-10-07,80.5,81.4,80.27,81.4,2153700,1.1300000000000097,0.011180124223602554
VNM,2020-10-08,81.33,81.33,80.5,80.57,1325810,0.8299999999999983,-0.009344645272347291
VNM,2020-10-09,80.65,80.73,80.35,80.42,980970,0.38000000000000966,-0.0028518288902666332
VNM,2020-10-12,80.57,81.25,80.35,80.65,1209250,0.9000000000000057,0.0009929254064789937
VNM,2020-10-13,80.65,81.4,80.57,80.73,858550,0.8300000000000125,0.0009919404835709645
VNM,2020-10-14,80.73,81.18,80.5,80.95,1299160,0.6800000000000068,0.0027251331599157545
VNM,2020-10-15,81.25,81.33,80.65,81.03,1854560,0.6799999999999926,-0.0027076923076922938
VNM,2020-10-16,81.03,81.4,80.57,80.95,1637740,0.8300000000000125,-0.0009872886585215142
VNM,2020-10-19,80.95,81.63,80.95,81.18,1617740,0.6799999999999926,0.0028412600370599627
VNM,2020-10-20,80.88,81.1,79.9,80.05,2150990,1.1999999999999886,-0.01026211671612263
VNM,2020-10-21,80.27,80.57,79.9,80.2,805550,0.6699999999999875,-0.0008720568082719968
VNM,2020-10-22,80.5,80.5,79.22,80.42,2422540,1.2800000000000011,-0.0009937888198757552
VNM,2020-10-23,81.03,82.91,80.73,82.91,2946790,2.1799999999999926,0.02320128347525602
VNM,2020-10-26,83.66,84.8,82.91,83.29,2313520,1.8900000000000006,-0.004422663160411073
VNM,2020-10-27,82.91,83.66,82.23,82.61,1721090,1.4299999999999926,-0.0036183813773971434
VNM,2020-10-28,82.01,82.16,80.27,80.95,2609180,1.8900000000000006,-0.01292525301792467
VNM,2020-10-29,80.27,80.8,79.59,80.57,1723240,1.2099999999999937,0.003737386321166029
VNM,2020-10-30,80.65,81.4,79.37,81.4,2683620,2.030000000000001,0.009299442033477991
VNM,2020-11-02,80.65,81.4,80.65,81.1,867340,0.75,0.005579665220086653
VNM,2020-11-03,81.1,81.4,80.65,81.18,870230,0.75,0.000986436498150586
VNM,2020-11-04,81.4,82.46,80.95,81.4,1342780,1.509999999999991,0.0
VNM,2020-11-05,81.4,82.46,81.4,82.01,1891270,1.059999999999988,0.007493857493857487
VNM,2020-11-06,82.31,82.46,81.4,82.01,1011020,1.059999999999988,-0.0036447576236179947
VNM,2020-11-09,82.16,82.46,81.78,82.01,1066640,0.6799999999999926,-0.0018257059396298867
VNM,2020-11-10,82.23,82.31,81.03,81.03,2297200,1.2800000000000011,-0.014593214155417764
VNM,2020-11-11,81.33,81.33,79.9,81.03,2429710,1.4299999999999926,-0.0036886757654001866
VNM,2020-11-12,80.65,81.03,80.42,80.65,1074590,0.6099999999999994,0.0
VNM,2020-11-13,80.65,80.95,80.65,80.95,1089500,0.29999999999999716,0.003719776813391161
VNM,2020-11-16,81.03,81.93,80.65,80.73,2571160,1.2800000000000011,-0.003702332469455722
VNM,2020-11-17,80.88,81.18,80.65,81.1,1648330,0.5300000000000011,0.0027200791295746646
VNM,2020-11-18,81.48,82.53,81.25,82.46,3396750,1.2800000000000011,0.012027491408934582
VNM,2020-11-19,82.46,82.68,82.16,82.68,3140680,0.5200000000000102,0.00266796022313865
VNM,2020-11-20,82.84,84.04,82.23,83.59,2801420,1.8100000000000023,0.009053597295992274
VNM,2020-11-23,83.66,83.89,82.76,83.36,2104330,1.1299999999999955,-0.0035859431030360648
VNM,2020-11-24,83.36,83.59,82.16,82.61,1937130,1.4300000000000068,-0.008997120921305182
VNM,2020-11-25,82.84,83.66,82.23,83.29,2190900,1.4299999999999926,0.005432158377595399
VNM,2020-11-26,83.59,83.59,82.38,82.84,1490270,1.210000000000008,-0.008972365115444431
VNM,2020-11-27,82.84,82.84,81.93,82.76,2823860,0.9099999999999966,-0.000965717044905822
VNM,2020-11-30,82.76,82.91,81.4,81.55,2687040,1.509999999999991,-0.014620589656839147
VNM,2020-12-01,80.88,82.76,80.8,82.68,2493230,1.960000000000008,0.02225519287833842
VNM,2020-12-02,82.61,82.76,81.93,82.16,1332460,0.8299999999999983,-0.0054472824113303816
VNM,2020-12-03,82.16,82.84,82.01,82.53,1108730,0.8299999999999983,0.004503407984420698
VNM,2020-12-04,82.53,82.68,82.01,82.16,1571130,0.6700000000000017,-0.004483218223676294
VNM,2020-12-07,82.16,83.59,82.01,82.91,1970400,1.5799999999999983,0.00912852969814995
VNM,2020-12-08,82.99,83.14,82.16,82.31,1468350,0.980000000000004,-0.008193758284130529
VNM,2020-12-09,82.91,82.99,82.38,82.68,1701940,0.6099999999999994,-0.002774092389337713
VNM,2020-12-10,83.14,85.85,83.14,84.42,6077770,2.7099999999999937,0.015395718065912932
VNM,2020-12-11,84.42,85.02,84.27,84.87,2297940,0.75,0.0053304904051173045
VNM,2020-12-14,85.02,85.47,84.72,85.47,2535300,0.75,0.005292872265349363
VNM,2020-12-15,85.17,85.4,83.51,83.82,4572910,1.8900000000000006,-0.01585065163790077
VNM,2020-12-16,83.82,84.64,83.44,84.12,2106480,1.2000000000000028,0.0035790980672871795
VNM,2020-12-17,83.66,83.66,83.14,83.21,2951870,0.519999999999996,-0.005378914654554182
VNM,2020-12-18,83.29,83.66,82.91,83.21,3342900,0.75,-0.000960499459719204
VNM,2020-12-21,83.21,83.97,83.06,83.66,2341080,0.9099999999999966,0.005408003845691658
VNM,2020-12-22,83.59,83.59,82.76,82.84,2266760,0.8299999999999983,-0.008972365115444431
VNM,2020-12-23,82.84,83.97,82.84,83.06,2432590,1.1299999999999955,0.002655721873491053
VNM,2020-12-24,83.06,83.29,81.4,81.93,2511360,1.8900000000000006,-0.013604623163977793
VNM,2020-12-25,82.01,82.23,81.48,82.16,1755510,0.75,0.0018290452383854586
VNM,2020-12-28,82.16,82.68,81.63,81.93,2305300,1.0500000000000114,-0.002799415774099194
VNM,2020-12-29,82.16,82.46,81.86,82.31,1299700,0.5999999999999943,0.0018257059396300595
VNM,2020-12-30,82.31,83.06,81.86,82.01,1856600,1.2000000000000028,-0.0036447576236179947
VNM,2020-12-31,82.16,82.84,82.01,82.01,993810,0.8299999999999983,-0.0018257059396298867
VNM,2021-01-04,82.68,82.76,82.16,82.38,2299600,0.6000000000000085,-0.003628447024673577
VNM,2021-01-05,82.76,85.19,82.46,84.28,4013900,2.730000000000004,0.018366360560657272
VNM,2021-01-06,84.43,84.66,83.52,83.52,2823100,1.1400000000000006,-0.010778159422006522
VNM,2021-01-07,83.67,84.28,83.52,83.98,2453000,0.7600000000000051,0.0037050316720449654
VNM,2021-01-08,84.81,85.88,84.36,85.19,3323000,1.519999999999996,0.004480603702393532
VNM,2021-01-11,85.57,88.24,85.57,88.16,4603900,2.6700000000000017,0.03026761715554521
VNM,2021-01-12,88.62,88.77,87.78,88.46,2344900,0.9899999999999949,-0.0018054615211014534
VNM,2021-01-13,88.46,89.15,86.87,87.1,2521600,2.280000000000001,-0.015374180420529047
VNM,2021-01-14,87.02,87.02,85.65,86.03,3680400,1.3699999999999903,-0.011376695012640714
VNM,2021-01-15,86.33,87.7,86.03,86.64,2125700,1.6700000000000017,0.0035908722344492328
VNM,2021-01-18,86.79,87.55,86.18,86.18,2624000,1.3699999999999903,-0.0070284594999423826
VNM,2021-01-19,86.18,86.18,81.39,81.92,3668300,4.790000000000006,-0.04943142260385246
VNM,2021-01-20,82.76,83.29,80.63,82.91,3363700,2.660000000000011,0.0018124697921700274
VNM,2021-01-21,83.6,84.2,82.76,83.9,2531200,1.4399999999999977,0.0035885167464116195
VNM,2021-01-22,83.82,84.28,82.68,82.68,2429000,1.5999999999999943,-0.013600572655690604
VNM,2021-01-25,82.84,83.44,82.15,82.3,2554800,1.289999999999992,-0.006518590053114513
VNM,2021-01-26,82.23,82.53,79.87,81.16,2596900,2.6599999999999966,-0.013012282621914232
VNM,2021-01-27,80.63,81.24,77.97,78.58,3153800,3.269999999999996,-0.025424779858613387
VNM,2021-01-28,76.07,77.51,73.1,73.1,4565600,4.410000000000011,-0.03904298672275534
VNM,2021-01-29,73.02,78.2,73.02,78.2,4140500,5.180000000000007,0.07093946863872921
VNM,2021-02-01,78.35,80.02,77.59,78.12,2934800,2.4299999999999926,-0.0029355456285895315
VNM,2021-02-02,77.82,81.39,77.82,80.93,3350900,3.5700000000000074,0.0399640195322541
VNM,2021-02-03,80.93,83.44,80.93,83.44,3056500,2.509999999999991,0.031014456938094535
VNM,2021-02-04,83.44,83.44,81.39,82.76,1896800,2.049999999999997,-0.008149568552253027
VNM,2021-02-05,82.61,83.67,82.61,83.37,2231200,1.0600000000000023,0.00919985473913576
VNM,2021-02-08,83.29,83.37,78.96,80.1,4331600,4.410000000000011,-0.03829991595629741
VNM,2021-02-09,80.1,82.84,79.79,82.15,1931700,3.049999999999997,0.025593008739076297
VNM,2021-02-17,82.15,82.84,81.62,82.68,2872300,1.2199999999999989,0.0064516129032258195
VNM,2021-02-18,82.68,82.91,81.77,82.91,2847400,1.1400000000000006,0.0027818093855828466
VNM,2021-02-19,82.0,82.38,81.47,82.15,2696500,0.9099999999999966,0.001829268292682996
VNM,2021-02-22,81.69,82.0,81.62,81.77,3006200,0.37999999999999545,0.0009793120332965883
VNM,2021-02-23,81.77,82.15,80.78,81.39,3048400,1.3700000000000045,-0.004647181117769298
VNM,2021-02-24,81.47,82.08,80.25,80.48,2801000,1.8299999999999983,-0.01215171228673125
VNM,2021-02-25,80.55,80.86,79.26,79.56,4282900,1.5999999999999943,-0.012290502793296026
VNM,2021-02-26,78.8,79.79,78.65,79.72,3357800,1.1400000000000006,0.011675126903553322
VNM,2021-03-01,80.25,80.55,79.87,80.33,2179000,0.6799999999999926,0.000996884735202471
VNM,2021-03-02,80.78,81.01,79.11,79.79,3050100,1.9000000000000057,-0.01225550878930422
VNM,2021-03-03,79.72,79.79,79.11,79.49,2551300,0.6800000000000068,-0.00288509784244862
VNM,2021-03-04,80.02,80.25,78.35,78.65,2755100,1.9000000000000057,-0.01712071982004487
VNM,2021-03-05,78.42,78.42,77.36,78.35,4187600,1.0600000000000023,-0.000892629431267628
VNM,2021-03-08,78.73,78.8,77.36,77.74,3208200,1.4399999999999977,-0.012574622126254402
VNM,2021-03-09,76.9,77.21,76.22,76.45,4141900,0.9899999999999949,-0.005851755526658034
VNM,2021-03-10,76.45,77.97,75.91,76.9,3391300,2.0600000000000023,0.005886200130804485
VNM,2021-03-11,77.97,78.96,77.66,78.2,2417000,1.2999999999999972,0.0029498525073746824
VNM,2021-03-12,78.35,78.58,77.36,77.74,2704600,1.2199999999999989,-0.007785577536694313
VNM,2021-03-15,78.2,78.35,77.66,77.74,2379400,0.6899999999999977,-0.005882352941176572
VNM,2021-03-16,77.74,77.82,76.14,76.83,4121100,1.6799999999999926,-0.011705685618729054
VNM,2021-03-17,76.83,76.83,76.14,76.45,3568400,0.6899999999999977,-0.0049459846414160544
VNM,2021-03-18,76.83,77.97,76.83,77.97,2553400,1.1400000000000006,0.014837953924248349
VNM,2021-03-19,77.74,77.74,77.13,77.36,2339400,0.6099999999999994,-0.004888088500128575
VNM,2021-03-22,77.36,77.44,76.52,76.67,3416300,0.9200000000000017,-0.0089193381592554
VNM,2021-03-23,76.52,76.6,75.84,76.22,4554300,0.7599999999999909,-0.003920543648719252
VNM,2021-03-24,75.76,76.07,74.92,75.08,3192200,1.1499999999999915,-0.00897571277719122
VNM,2021-03-25,75.38,75.84,74.77,74.92,3152700,1.0700000000000074,-0.0061024144335366645
VNM,2021-03-26,74.54,74.92,73.48,74.09,3653700,1.4399999999999977,-0.0060370270995439065
VNM,2021-03-29,74.54,75.99,74.39,75.31,2790300,1.5999999999999943,0.010330024148108343
VNM,2021-03-30,75.76,76.14,75.0,75.46,2590400,1.1400000000000006,-0.00395987328405506
VNM,2021-03-31,75.38,75.38,74.54,74.85,2815600,0.8399999999999892,-0.00703104271690105
VNM,2021-04-01,74.92,76.83,74.54,76.83,5594000,2.289999999999992,0.025493860117458578
VNM,2021-04-02,77.97,79.11,77.66,78.12,3840000,1.4500000000000028,0.0019238168526357021
VNM,2021-04-05,79.49,79.49,77.74,78.04,2822700,1.75,-0.01824128821235361
VNM,2021-04-06,78.04,78.12,76.67,77.21,3452600,1.4500000000000028,-0.010635571501794111
VNM,2021-04-07,76.83,76.83,76.07,76.14,3503700,0.7600000000000051,-0.008980866848887124
VNM,2021-04-08,76.37,76.45,75.61,75.99,3603800,0.8400000000000034,-0.004975775828204919
VNM,2021-04-09,76.07,76.07,75.46,75.91,2716700,0.6099999999999994,-0.002103325884054116
VNM,2021-04-12,76.07,76.29,75.69,76.07,3632400,0.6000000000000085,0.0
VNM,2021-04-13,76.67,77.36,75.84,76.07,3799100,1.519999999999996,-0.007825746706665039
VNM,2021-04-14,75.99,76.07,75.23,75.53,3498500,0.8399999999999892,-0.006053428082642371
VNM,2021-04-15,75.76,76.45,75.23,75.38,3549400,1.2199999999999989,-0.005015839493136347
VNM,2021-04-16,75.08,75.08,73.33,73.71,4876400,1.75,-0.018247202983484343
VNM,2021-04-19,73.71,74.16,72.34,73.1,5722900,1.8199999999999932,-0.008275674942341603
VNM,2021-04-20,73.78,76.83,73.71,75.53,6987200,3.1200000000000045,0.023719165085388995
VNM,2021-04-22,75.53,75.69,73.78,74.54,3166300,1.9099999999999966,-0.013107374553157618
VNM,2021-04-23,74.54,75.99,73.63,75.69,3556800,2.3599999999999994,0.01542795814327866
VNM,2021-04-26,73.78,75.31,73.02,73.02,5045600,2.2900000000000063,-0.010300894551369004
VNM,2021-04-27,73.02,73.4,72.26,72.8,3149400,1.1400000000000006,-0.0030128731854286344
VNM,2021-04-28,72.8,72.87,71.12,71.27,5027100,1.75,-0.021016483516483532
VNM,2021-04-29,71.27,71.65,69.6,71.12,6499700,2.0500000000000114,-0.002104672372667202
VNM,2021-05-04,70.67,70.74,69.6,69.68,4112800,1.1400000000000006,-0.014008773171076763
VNM,2021-05-05,69.83,70.74,69.68,69.98,3792300,1.059999999999988,0.002148073893742026
VNM,2021-05-06,69.98,69.98,68.16,68.16,7448600,1.8200000000000074,-0.026007430694484242
VNM,2021-05-07,67.7,67.85,66.03,66.18,6744500,1.8199999999999932,-0.022451994091580444
VNM,2021-05-10,66.18,70.74,65.49,70.74,8176900,5.25,0.068902991840435
VNM,2021-05-11,71.12,71.88,69.37,69.37,4197000,2.509999999999991,-0.024606299212598423
VNM,2021-05-12,68.61,70.13,68.46,69.83,3199300,1.6700000000000017,0.017781664480396427
VNM,2021-05-13,69.3,69.75,68.84,68.84,3118400,0.9099999999999966,-0.006637806637806548
VNM,2021-05-14,69.37,69.37,68.08,68.08,4391200,1.2900000000000063,-0.018595934842150875
VNM,2021-05-17,68.08,68.46,66.33,66.33,5001300,2.1299999999999955,-0.025705052878965923
VNM,2021-05-18,66.56,66.94,66.03,66.18,2970100,0.9099999999999966,-0.0057091346153845465
VNM,2021-05-19,66.71,67.7,66.25,66.56,3526100,1.4500000000000028,-0.0022485384500073673
VNM,2021-05-20,66.79,67.01,66.18,66.94,2800500,0.8299999999999983,0.0022458451864050227
VNM,2021-05-21,66.86,69.07,66.25,67.85,3942800,2.819999999999993,0.01480705952737055
VNM,2021-05-24,68.46,69.9,68.08,69.37,4349800,1.8200000000000074,0.01329243353783247
VNM,2021-05-25,69.37,69.37,68.46,68.84,2791200,0.9100000000000108,-0.007640190283984447
VNM,2021-05-26,68.46,69.9,67.93,69.22,3773300,1.9699999999999989,0.011101373064563325
VNM,2021-05-27,69.52,69.68,68.46,68.84,2924300,1.220000000000013,-0.0097813578826236
VNM,2021-05-28,69.22,69.75,68.76,69.3,3122200,0.9899999999999949,0.0011557353366078921
VNM,2021-05-31,69.75,69.98,68.61,68.84,3095900,1.3700000000000045,-0.013046594982078804
VNM,2021-06-01,68.84,68.99,68.38,68.38,2339900,0.6099999999999994,-0.006682161533991981
VNM,2021-06-02,68.16,68.16,67.7,68.0,3672400,0.45999999999999375,-0.002347417840375537
VNM,2021-06-03,68.46,69.07,68.31,68.61,3629000,0.7599999999999909,0.0021910604732691455
VNM,2021-06-04,68.69,69.22,67.77,68.08,4564400,1.4500000000000028,-0.008880477507643026
VNM,2021-06-07,68.93,69.0,67.77,68.85,3736600,1.230000000000004,-0.0011605977078197084
VNM,2021-06-08,68.85,70.31,68.85,69.08,5477700,1.460000000000008,0.0033405954974583007
VNM,2021-06-09,69.16,69.39,68.39,68.62,3013500,1.0,-0.007807981492191904
VNM,2021-06-10,68.85,72.08,68.23,71.01,5619300,3.8499999999999943,0.031372549019608
VNM,2021-06-11,71.01,71.24,70.24,70.85,2940400,1.0,-0.0022532037741164737
VNM,2021-06-14,71.24,72.01,70.47,71.24,4875100,1.5400000000000063,0.0
VNM,2021-06-15,71.31,71.78,70.93,71.55,4534800,0.8499999999999943,0.0033655868742111187
VNM,2021-06-16,71.47,71.62,70.31,70.7,3041200,1.3100000000000023,-0.010773751224289856
VNM,2021-06-17,70.08,71.01,69.93,70.08,2388800,1.0799999999999983,0.0
VNM,2021-06-18,70.39,71.39,70.39,70.93,2971800,1.0,0.00767154425344518
VNM,2021-06-21,70.85,70.93,69.77,69.77,4193600,1.1600000000000108,-0.015243472124206046
VNM,2021-06-22,70.08,70.47,69.77,69.77,2242800,0.7000000000000028,-0.0044235159817351925
VNM,2021-06-23,69.77,69.93,69.08,69.31,3357300,0.8500000000000085,-0.006593091586641734
VNM,2021-06-24,69.23,69.47,68.0,68.31,4225000,1.4699999999999989,-0.013289036544850523
VNM,2021-06-25,68.39,69.23,68.31,69.08,2079300,0.9200000000000017,0.01008919432665591
VNM,2021-06-28,69.31,69.47,68.54,68.7,1847900,0.9299999999999926,-0.008801038811138355
VNM,2021-06-29,69.16,70.62,68.54,70.08,4368100,2.0799999999999983,0.013302486986697538
VNM,2021-06-30,70.08,70.16,69.47,69.62,2115600,0.6899999999999977,-0.006563926940639181
VNM,2021-07-01,69.77,70.31,69.62,70.0,3811500,0.6899999999999977,0.003296545793320969
VNM,2021-07-02,70.08,70.08,69.39,69.39,2750900,0.6899999999999977,-0.009845890410958872
VNM,2021-07-05,69.39,69.62,68.23,68.7,2931000,1.3900000000000006,-0.009943795936013801
VNM,2021-07-06,68.85,69.16,67.0,67.0,4706900,2.1599999999999966,-0.026870007262164045
VNM,2021-07-07,67.0,69.16,66.69,69.16,4738700,2.469999999999999,0.0322388059701492
VNM,2021-07-08,67.93,68.85,67.77,68.08,1908900,1.0799999999999983,0.002208155454143846
VNM,2021-07-09,68.0,68.08,66.92,67.0,3058100,1.1599999999999966,-0.014705882352941176
VNM,2021-07-12,67.39,67.77,64.92,66.46,4833100,2.8499999999999943,-0.01380026710194401
VNM,2021-07-13,66.31,66.62,64.85,64.92,2883300,1.7700000000000102,-0.020962147489066513
VNM,2021-07-14,65.46,66.0,64.92,65.46,4180200,1.0799999999999983,0.0
VNM,2021-07-15,65.46,66.46,65.08,65.62,3284100,1.3799999999999955,0.0024442407577148
VNM,2021-07-16,65.85,66.39,65.69,66.15,1449600,0.7000000000000028,0.00455580865603662
VNM,2021-07-19,65.0,65.46,64.69,65.46,4111700,0.769999999999996,0.007076923076922981
VNM,2021-07-20,65.46,66.23,64.92,66.15,3207300,1.3100000000000023,0.010540788267644546
VNM,2021-07-21,65.77,66.15,65.62,65.69,1696200,0.5300000000000011,-0.0012163600425725756
VNM,2021-07-22,65.85,67.08,65.69,66.85,2152400,1.3900000000000006,0.015186028853454823
VNM,2021-07-23,66.85,69.16,66.31,67.46,4126700,2.8499999999999943,0.009124906507105452
VNM,2021-07-26,67.77,68.7,67.69,68.46,2791500,1.0100000000000051,0.010181496237273097
VNM,2021-07-27,68.46,68.93,67.39,67.39,2388200,1.5400000000000063,-0.015629564709319213
VNM,2021-07-28,67.08,67.31,66.69,66.92,1665500,0.6200000000000045,-0.002385211687537218
VNM,2021-07-29,67.0,67.54,66.23,66.85,2648300,1.3100000000000023,-0.0022388059701493384
VNM,2021-07-30,66.85,67.16,66.15,66.31,4405200,1.009999999999991,-0.008077786088257174
VNM,2021-08-02,66.39,66.92,66.23,66.62,2574300,0.6899999999999977,0.003464377165235788
VNM,2021-08-03,66.69,67.39,66.69,67.08,2714600,0.7000000000000028,0.005847953216374277
VNM,2021-08-04,67.39,67.39,67.0,67.08,2873000,0.39000000000000057,-0.004600089033981337
VNM,2021-08-05,66.92,67.08,66.69,66.69,2833600,0.39000000000000057,-0.003436939629408308
VNM,2021-08-06,66.92,68.08,66.69,67.16,3960600,1.3900000000000006,0.0035863717872085307
VNM,2021-08-09,67.16,67.69,67.0,67.54,2731300,0.6899999999999977,0.005658129839190138
VNM,2021-08-10,67.77,69.31,67.77,68.85,5965600,1.5400000000000063,0.015936254980079657
VNM,2021-08-11,69.23,70.39,69.16,70.0,5330400,1.230000000000004,0.011122345803842207
VNM,2021-08-12,69.93,70.47,69.54,69.7,4287800,0.9299999999999926,-0.0032890032890033455
VNM,2021-08-13,69.62,69.7,68.7,69.23,4105500,1.0,-0.005601838552140198
VNM,2021-08-16,69.23,69.77,68.54,68.93,3270800,1.2299999999999898,-0.004333381482016426
VNM,2021-08-17,69.0,69.39,68.62,68.77,2202200,0.769999999999996,-0.003333333333333391
VNM,2021-08-18,68.93,70.0,68.85,69.31,4710100,1.1500000000000057,0.005512839112142687
VNM,2021-08-19,69.7,69.7,69.16,69.54,3061300,0.5400000000000063,-0.0022955523672883297
VNM,2021-08-20,69.54,69.54,67.0,67.62,4326800,2.5400000000000063,-0.02761000862812772
VNM,2021-08-23,67.54,67.62,66.23,66.23,4356500,1.3900000000000006,-0.01939591353272138
VNM,2021-08-24,66.31,67.0,66.0,66.46,2375700,1.0,0.0022621022470214365
VNM,2021-08-25,66.54,67.08,66.23,66.92,1675500,0.8499999999999943,0.005710850616170655
VNM,2021-08-26,66.92,67.54,66.77,67.0,1896000,0.7700000000000102,0.0011954572624028436
VNM,2021-08-27,67.31,67.39,66.77,67.0,2346900,0.6200000000000045,-0.004605556380924116
VNM,2021-08-30,67.08,67.46,67.0,67.31,4306000,0.45999999999999375,0.0034287418008348836
VNM,2021-08-31,67.39,67.46,67.08,67.31,2957200,0.37999999999999545,-0.001187119750704827
VNM,2021-09-01,67.31,68.39,67.16,67.85,3430100,1.230000000000004,0.008022582082899896
VNM,2021-09-06,68.0,68.39,67.93,68.0,3212200,0.45999999999999375,0.0
VNM,2021-09-07,68.79,68.79,67.61,67.61,2622200,1.1800000000000068,-0.017153656054659204
VNM,2021-09-08,67.61,67.61,66.83,66.91,3682200,0.7800000000000011,-0.010353498003253999
VNM,2021-09-09,66.91,66.98,66.59,66.75,2452400,0.39000000000000057,-0.0023912718577192736
VNM,2021-09-10,66.75,68.16,66.59,67.77,3962100,1.5699999999999932,0.015280898876404434
VNM,2021-09-13,67.77,68.47,67.61,68.32,2956200,0.8599999999999994,0.008115685406522018
VNM,2021-09-14,68.32,68.4,67.85,68.16,2482900,0.5500000000000114,-0.00234192037470721
VNM,2021-09-15,68.0,68.0,67.46,67.46,2425000,0.5400000000000063,-0.007941176470588326
VNM,2021-09-16,67.77,67.77,67.3,67.69,1825400,0.46999999999999886,-0.001180463331857729
VNM,2021-09-17,67.69,69.26,67.61,67.77,5292600,1.6500000000000057,0.0011818584724478992
VNM,2021-09-20,68.63,69.81,68.4,69.49,5447700,1.4099999999999966,0.012530963135654953
VNM,2021-09-21,68.94,69.65,68.71,69.57,3096300,0.9400000000000119,0.009138381201044321
VNM,2021-09-22,69.34,71.84,69.34,71.69,10050100,2.5,0.03389097202192089
VNM,2021-09-23,71.69,72.39,70.82,71.14,3941300,1.5700000000000074,-0.007671920769981827
VNM,2021-09-24,71.29,71.61,70.9,71.06,2990000,0.7099999999999937,-0.003226258942348211
VNM,2021-09-27,70.98,71.61,69.57,69.57,5053900,2.0400000000000063,-0.019864750633981555
VNM,2021-09-28,69.57,70.43,68.94,69.96,3757200,1.490000000000009,0.0056058645968089784
VNM,2021-09-29,69.96,70.59,69.49,70.2,2763400,1.1000000000000085,0.0034305317324186554
VNM,2021-09-30,70.43,71.06,70.2,70.2,2799400,0.8599999999999994,-0.0032656538406929426
VNM,2021-10-01,69.96,70.82,69.81,70.35,3805400,1.009999999999991,0.005574614065180112
VNM,2021-10-04,70.9,71.37,70.59,70.67,3060200,0.7800000000000011,-0.003244005641748998
VNM,2021-10-05,70.75,70.75,70.2,70.2,2268000,0.5499999999999972,-0.007773851590105967
VNM,2021-10-06,70.2,70.59,69.88,69.96,2498500,0.710000000000008,-0.003418803418803548
VNM,2021-10-07,69.96,70.04,69.57,69.57,2981800,0.4700000000000131,-0.005574614065180112
VNM,2021-10-08,69.65,70.51,69.49,70.2,2618600,1.0200000000000102,0.007896625987078206
VNM,2021-10-11,70.51,70.82,70.12,70.51,2474800,0.6999999999999886,0.0
VNM,2021-10-12,70.82,71.53,70.59,70.82,3616300,0.9399999999999977,0.0
VNM,2021-10-13,71.29,71.53,70.51,70.59,3793100,1.019999999999996,-0.009819048954972686
VNM,2021-10-14,70.67,70.9,70.2,70.51,2006400,0.7000000000000028,-0.0022640441488608544
VNM,2021-10-15,70.51,71.06,70.2,70.51,3206000,0.8599999999999994,0.0
VNM,2021-10-18,70.51,70.59,69.88,70.35,2305800,0.710000000000008,-0.0022691816763581165
VNM,2021-10-19,70.35,70.9,70.35,70.75,5984500,0.5500000000000114,0.00568585643212517
VNM,2021-10-20,70.82,70.98,69.73,70.51,3480500,1.25,-0.004377294549562103
VNM,2021-10-21,70.51,70.59,69.81,69.81,2936500,0.7800000000000011,-0.009927669834066129
VNM,2021-10-22,70.12,70.9,69.88,70.9,4487700,1.0200000000000102,0.011123787792355977
VNM,2021-10-25,70.9,70.98,70.43,70.59,2769500,0.5499999999999972,-0.0043723554301833886
VNM,2021-10-26,70.51,70.67,70.04,70.2,1641200,0.6299999999999955,-0.004396539497943586
VNM,2021-10-27,70.51,70.98,70.28,70.82,3549900,0.7000000000000028,0.004396539497943384
VNM,2021-10-28,70.9,71.69,70.9,70.98,4093700,0.789999999999992,0.0011283497884343905
VNM,2021-10-29,70.98,71.29,70.75,71.06,3748500,0.5400000000000063,0.001127078050154949
VNM,2021-11-01,71.14,71.53,70.35,70.51,5083800,1.1800000000000068,-0.008855777340455376
VNM,2021-11-02,70.51,70.51,69.73,69.88,4888900,0.7800000000000011,-0.008934902850659617
VNM,2021-11-03,69.81,70.12,69.1,69.1,5547900,1.0200000000000102,-0.010170462684429279
VNM,2021-11-04,69.26,69.49,69.02,69.26,2513000,0.46999999999999886,0.0
VNM,2021-11-05,69.41,70.04,69.34,69.88,2654600,0.7000000000000028,0.00677135859386254
VNM,2021-11-08,70.28,71.37,70.2,71.14,6171800,1.1700000000000017,0.01223676721684689
VNM,2021-11-09,71.29,71.37,70.28,70.35,3695000,1.0900000000000034,-0.013185580025249149
VNM,2021-11-10,70.51,70.59,69.96,70.28,2666100,0.6300000000000097,-0.0032619486597646285
VNM,2021-11-11,70.35,70.82,69.96,70.2,3380600,0.8599999999999994,-0.0021321961620467873
VNM,2021-11-12,70.51,70.59,69.81,69.96,2120400,0.7800000000000011,-0.00780031201248066
VNM,2021-11-15,70.12,70.2,69.73,69.73,3268000,0.46999999999999886,-0.005561893896177989
VNM,2021-11-16,69.73,69.96,69.34,69.41,3251700,0.6199999999999903,-0.004589129499498169
VNM,2021-11-17,69.41,70.2,69.41,69.57,2514400,0.7900000000000063,0.0023051433511020974
VNM,2021-11-18,69.57,69.57,68.94,68.94,3900000,0.6299999999999955,-0.009055627425614424
VNM,2021-11-19,68.94,69.26,67.38,67.46,5151200,1.8800000000000097,-0.021467943138961474
VNM,2021-11-22,67.38,67.77,67.3,67.53,3497600,0.46999999999999886,0.0022261798753340114
VNM,2021-11-23,67.77,67.93,67.38,67.61,2198800,0.5500000000000114,-0.002360926663715458
VNM,2021-11-24,67.77,68.55,67.77,68.55,2124500,0.7800000000000011,0.011509517485613121
VNM,2021-11-25,68.55,69.1,68.32,68.55,2175400,0.7800000000000011,0.0
VNM,2021-11-26,68.63,69.57,68.55,69.18,3015700,1.019999999999996,0.008013988051872525
VNM,2021-11-29,68.79,68.87,68.32,68.55,2835900,0.5500000000000114,-0.0034888791975579165
VNM,2021-11-30,68.63,69.57,68.63,68.63,3177100,0.9399999999999977,0.0
VNM,2021-12-01,68.94,69.41,68.47,68.55,1894500,0.9399999999999977,-0.005657093124456057
VNM,2021-12-02,68.55,68.94,68.47,68.47,1254100,0.46999999999999886,-0.0011670313639678819
VNM,2021-12-03,68.63,68.94,67.22,67.22,2900400,1.7199999999999989,-0.020544951187527274
VNM,2021-12-06,67.38,67.85,66.83,66.83,3168200,1.019999999999996,-0.008162659542891025
VNM,2021-12-07,67.22,67.77,66.91,67.77,1530000,0.8599999999999994,0.008182088664088026
VNM,2021-12-08,67.61,67.77,67.14,67.38,1294500,0.6299999999999955,-0.0034018636296406445
VNM,2021-12-09,67.3,68.24,67.14,68.16,1449900,1.0999999999999943,0.012778603268945015
VNM,2021-12-10,67.77,68.16,67.22,67.61,1485000,0.9399999999999977,-0.002360926663715458
VNM,2021-12-13,67.61,68.0,67.38,67.69,1495700,0.6200000000000045,0.0011832569146575699
VNM,2021-12-14,67.69,68.08,67.53,67.61,1671200,0.5499999999999972,-0.0011818584724478992
VNM,2021-12-15,67.69,67.93,67.61,67.61,1214100,0.3200000000000074,-0.0011818584724478992
VNM,2021-12-16,67.61,67.85,67.38,67.85,1610300,0.46999999999999886,0.0035497707439727097
VNM,2021-12-17,67.85,67.93,67.14,67.14,2660200,0.7900000000000063,-0.010464259395725775
VNM,2021-12-20,67.38,67.61,67.06,67.14,1807000,0.5499999999999972,-0.0035618878005342076
VNM,2021-12-21,67.22,67.38,66.98,66.98,1192900,0.3999999999999915,-0.0035703659625110815
VNM,2021-12-22,67.14,67.53,66.83,66.91,1844400,0.7000000000000028,-0.003425677688412332
VNM,2021-12-23,66.91,66.91,66.2,66.36,2147800,0.7099999999999937,-0.008219997010910135
VNM,2021-12-24,66.36,67.38,66.36,67.38,1148400,1.019999999999996,0.015370705244122906
VNM,2021-12-27,67.38,67.69,67.14,67.46,1138300,0.5499999999999972,0.0011872959335114024
VNM,2021-12-28,67.53,67.53,66.75,66.98,1544400,0.7800000000000011,-0.008144528357766877
VNM,2021-12-29,66.98,67.06,66.67,66.75,945400,0.39000000000000057,-0.003433860853986324
VNM,2021-12-30,66.83,67.06,66.67,66.83,893100,0.39000000000000057,0.0
VNM,2021-12-31,66.98,68.55,66.83,67.69,2325100,1.7199999999999989,0.010600179157957506
VNM,2022-01-04,68.32,68.47,67.93,67.93,1885600,0.539999999999992,-0.005708430913348747
VNM,2022-01-05,68.0,68.16,67.38,67.53,3124600,0.7800000000000011,-0.006911764705882336
VNM,2022-01-06,67.46,67.46,66.83,66.91,2848200,0.6299999999999955,-0.008152979543433104
VNM,2022-01-07,66.83,67.06,66.59,66.75,2553900,0.46999999999999886,-0.0011970671853957547
VNM,2022-01-10,67.54,67.7,66.51,66.67,2146400,1.1899999999999977,-0.01288125555226539
VNM,2022-01-11,66.59,66.91,66.51,66.67,1829000,0.3999999999999915,0.0012013815888271256
VNM,2022-01-12,66.75,66.75,65.87,66.19,2183600,0.8799999999999955,-0.008389513108614266
VNM,2022-01-13,66.43,66.67,66.03,66.19,1711600,0.6400000000000006,-0.0036128255306338863
VNM,2022-01-14,66.19,67.78,65.87,67.46,2516600,1.9099999999999966,0.019187188397038767
VNM,2022-01-17,67.7,67.7,66.03,66.03,2100400,1.6700000000000017,-0.024667651403249655
VNM,2022-01-18,66.03,66.51,65.79,66.43,2100400,0.7199999999999989,0.006057852491291923
VNM,2022-01-19,66.03,66.51,65.87,66.43,1764900,0.6400000000000006,0.006057852491291923
VNM,2022-01-20,66.11,66.35,66.03,66.11,1488400,0.3199999999999932,0.0
VNM,2022-01-21,66.11,66.35,65.71,65.79,1576400,0.6400000000000006,-0.004840417486008065
VNM,2022-01-24,65.79,65.87,64.52,64.52,2222200,1.3500000000000085,-0.0193038455692356
VNM,2022-01-25,64.12,64.52,63.0,63.08,3758600,1.519999999999996,-0.016219588271990115
VNM,2022-01-26,63.16,64.12,63.16,63.48,1452100,0.960000000000008,0.005066497783407224
VNM,2022-01-27,63.8,66.43,63.8,66.19,2039000,2.6300000000000097,0.03746081504702196
VNM,2022-01-28,66.11,67.07,65.95,66.19,2257400,1.1199999999999903,0.0012101043715020163
VNM,2022-02-07,66.27,66.91,66.03,66.51,1324200,0.8799999999999955,0.003621548211860708
VNM,2022-02-08,66.43,66.51,65.31,65.31,2708900,1.2000000000000028,-0.0168598524762909
VNM,2022-02-09,65.31,66.67,65.31,65.95,1799300,1.3599999999999994,0.009799418159546784
VNM,2022-02-10,65.95,66.35,65.55,65.87,1612500,0.7999999999999972,-0.0012130401819560013
VNM,2022-02-11,65.71,65.79,65.23,65.31,1624600,0.5600000000000023,-0.006087353523055722
VNM,2022-02-14,64.92,65.31,64.52,64.6,2971800,0.7900000000000063,-0.004929143561306337
VNM,2022-02-15,64.6,64.92,64.52,64.68,1465300,0.4000000000000057,0.0012383900928794507
VNM,2022-02-16,64.68,64.76,63.96,64.04,2825100,0.8000000000000043,-0.009894867037724188
VNM,2022-02-17,64.12,64.68,64.04,64.36,1787700,0.6400000000000006,0.0037429819089206933
VNM,2022-02-18,63.8,64.36,63.8,64.2,1808100,0.5600000000000023,0.006269592476489117
VNM,2022-02-21,64.44,65.0,64.44,64.52,1280600,0.5600000000000023,0.0012414649286157401
VNM,2022-02-22,64.44,64.52,63.48,63.72,3204500,1.0399999999999991,-0.011173184357541882
VNM,2022-02-23,63.72,64.12,63.56,63.72,2200300,0.5600000000000023,0.0
VNM,2022-02-24,63.72,63.72,62.53,62.61,2723500,1.1899999999999977,-0.017419962335216563
VNM,2022-02-25,62.92,63.32,62.84,62.84,1347700,0.4799999999999969,-0.0012714558169103353
VNM,2022-02-28,62.84,62.92,61.97,62.45,2258900,0.9500000000000028,-0.006206238064926807
VNM,2022-03-01,62.45,63.24,62.29,63.08,1273100,0.9500000000000028,0.010088070456365018
VNM,2022-03-02,63.08,63.08,62.13,62.53,2037100,0.9499999999999957,-0.008719086873810988
VNM,2022-03-03,62.69,62.92,62.29,62.45,1486600,0.6300000000000026,-0.0038283617801881465
VNM,2022-03-04,62.45,62.45,61.97,62.05,2511600,0.480000000000004,-0.006405124099279514
VNM,2022-03-07,62.05,62.05,61.09,61.17,3530800,0.9599999999999937,-0.01418211120064457
VNM,2022-03-08,60.77,60.93,60.53,60.61,2383000,0.3999999999999986,-0.002632878064834683
VNM,2022-03-09,60.53,61.17,59.74,59.82,3003700,1.4299999999999997,-0.011729720799603516
VNM,2022-03-10,60.53,62.05,60.53,61.41,2971800,1.519999999999996,0.01453824549810004
VNM,2022-03-11,61.49,62.53,61.41,62.13,2322900,1.1200000000000045,0.010408196454708092
VNM,2022-03-14,62.13,62.13,61.25,61.49,1654700,0.8800000000000026,-0.010300981812328996
VNM,2022-03-15,61.33,61.73,60.77,61.49,1482600,0.9599999999999937,0.0026088374368172787
VNM,2022-03-16,61.49,62.13,61.33,61.57,1850400,0.8000000000000043,0.0013010245568384825
VNM,2022-03-17,61.81,61.97,60.85,60.85,1354400,1.1199999999999974,-0.015531467400097084
VNM,2022-03-18,61.01,61.33,60.53,60.53,4233000,0.7999999999999972,-0.007867562694640172
VNM,2022-03-21,60.53,62.05,60.53,61.81,1884100,1.519999999999996,0.02114653890632746
VNM,2022-03-22,62.05,62.05,61.17,61.25,2390200,0.8799999999999955,-0.012892828364222356
VNM,2022-03-23,61.17,61.33,60.46,60.61,3226000,0.8699999999999974,-0.009154814451528564
VNM,2022-03-24,60.53,60.61,59.9,60.22,3389800,0.7100000000000009,-0.005121427391376215
VNM,2022-03-25,60.22,60.38,59.82,59.9,2699500,0.5600000000000023,-0.0053138492195284005
VNM,2022-03-28,59.98,60.22,58.46,58.46,4038700,1.759999999999998,-0.02534178059353111
VNM,2022-03-29,58.54,60.14,58.54,60.14,2139300,1.6000000000000014,0.02733173898189275
VNM,2022-03-30,60.14,61.01,59.82,60.69,3413800,1.1899999999999977,0.009145327569005606
VNM,2022-03-31,60.69,64.52,60.53,64.44,9645800,3.989999999999995,0.06178942165101335
VNM,2022-04-01,64.52,65.87,63.96,65.08,6112000,1.9100000000000037,0.008679479231246161
VNM,2022-04-04,65.31,65.71,64.92,65.47,3808700,0.789999999999992,0.002449854539886642
VNM,2022-04-05,65.15,65.15,64.04,64.04,2202100,1.1099999999999994,-0.01703760552570989
VNM,2022-04-06,63.72,64.68,63.0,63.16,4306700,1.6800000000000068,-0.008788449466415604
VNM,2022-04-07,63.64,63.72,62.53,62.53,1760300,1.1899999999999977,-0.01744186046511627
VNM,2022-04-08,62.53,63.0,61.57,61.57,2738300,1.4299999999999997,-0.015352630737246135
VNM,2022-04-12,61.57,61.97,60.93,61.17,1776300,1.0399999999999991,-0.006496670456391076
VNM,2022-04-13,61.17,62.53,61.09,61.49,2118800,1.4399999999999977,0.005231322543730591
VNM,2022-04-14,61.73,62.13,60.77,60.77,1810200,1.3599999999999994,-0.015551595658512779
VNM,2022-04-15,60.93,61.81,60.53,60.93,1362400,1.2800000000000011,0.0
VNM,2022-04-18,60.93,62.05,60.85,61.33,2564300,1.1999999999999957,0.006564910553093691
VNM,2022-04-19,61.41,61.89,60.53,60.53,1670200,1.3599999999999994,-0.0143299136948379
VNM,2022-04-20,60.53,61.09,60.22,60.22,1931100,0.8700000000000045,-0.005121427391376215
VNM,2022-04-21,59.98,60.93,59.74,59.74,4615600,1.1899999999999977,-0.0040013337779258905
VNM,2022-04-22,60.3,60.93,60.14,60.46,2800400,0.7899999999999991,0.002653399668325103
VNM,2022-04-25,60.53,60.77,58.15,58.54,2659800,2.6200000000000045,-0.03287625970593098
VNM,2022-04-26,58.54,60.53,56.47,60.46,3883000,4.060000000000002,0.0327980867782713
VNM,2022-04-27,59.9,60.38,58.7,59.74,1826000,1.6799999999999997,-0.002671118530884751
VNM,2022-04-28,59.66,59.66,58.78,59.18,1911000,0.8799999999999955,-0.008045591686221872
VNM,2022-04-29,59.26,59.74,58.94,59.1,1630100,0.8000000000000043,-0.0026999662504218125
VNM,2022-05-04,59.1,59.26,57.75,57.75,1763900,1.509999999999998,-0.022842639593908653
VNM,2022-05-05,58.3,58.3,56.95,57.43,1548200,1.3499999999999943,-0.01492281303602054
VNM,2022-05-06,56.87,57.03,55.36,55.92,2109800,1.6700000000000017,-0.0167047652540882
VNM,2022-05-09,55.92,56.95,55.44,55.76,2392100,1.5100000000000051,-0.0028612303290415537
VNM,2022-05-10,55.76,57.27,55.76,56.23,3106500,1.5100000000000051,0.008428981348636996
VNM,2022-05-11,56.23,56.63,55.36,55.36,1793700,1.2700000000000031,-0.015472167881913525
VNM,2022-05-12,55.6,55.6,52.97,52.97,3189100,2.6300000000000026,-0.04730215827338134
VNM,2022-05-13,53.37,54.0,52.49,52.65,4590600,1.509999999999998,-0.013490725126475528
VNM,2022-05-16,53.05,53.84,52.33,52.41,1977800,1.5100000000000051,-0.012064090480678616
VNM,2022-05-17,52.25,55.76,51.93,55.76,2105100,3.8299999999999983,0.06717703349282293
VNM,2022-05-18,55.76,56.15,55.36,55.99,1983200,0.7899999999999991,0.004124820659971377
VNM,2022-05-19,55.36,55.76,54.96,54.96,1449400,0.7999999999999972,-0.007225433526011535
VNM,2022-05-20,54.96,55.68,54.16,54.24,1296200,1.5200000000000031,-0.013100436681222686
VNM,2022-05-23,54.56,54.72,52.73,52.81,2022200,1.990000000000002,-0.032074780058651026
VNM,2022-05-24,53.13,54.88,52.97,54.88,2033000,1.9100000000000037,0.03293807641633729
VNM,2022-05-25,54.88,57.59,54.88,57.27,2362100,2.710000000000001,0.04354956268221575
VNM,2022-05-26,57.27,57.27,56.31,56.79,1530800,0.9600000000000009,-0.008381351492928305
VNM,2022-05-27,56.79,58.38,56.31,58.15,3456900,2.0700000000000003,0.02394787814756118
VNM,2022-05-30,58.07,58.07,57.35,57.75,2124400,0.7199999999999989,-0.005510590666437064
VNM,2022-05-31,57.43,57.67,57.11,57.11,2058700,0.5600000000000023,-0.005572000696500092
VNM,2022-06-01,56.95,57.83,56.79,57.27,1229600,1.0399999999999991,0.005618964003511857
VNM,2022-06-02,57.35,57.35,56.39,56.63,1487800,0.9600000000000009,-0.012554489973844793
VNM,2022-06-03,56.55,56.79,55.76,55.99,1052800,1.0300000000000011,-0.009902740937223611
VNM,2022-06-06,55.92,56.71,55.76,56.39,1432000,0.9500000000000028,0.00840486409155935
VNM,2022-06-07,55.99,56.31,55.76,56.23,1322200,0.5500000000000043,0.004286479728522859
VNM,2022-06-08,56.31,56.87,56.31,56.55,1698600,0.5599999999999952,0.004262120404901347
VNM,2022-06-09,56.55,56.63,55.92,55.92,1045100,0.7100000000000009,-0.011140583554376578
VNM,2022-06-10,55.76,55.92,55.36,55.36,1483300,0.5600000000000023,-0.007173601147776158
VNM,2022-06-13,54.48,54.48,52.73,52.89,2379700,1.75,-0.029185022026431653
VNM,2022-06-14,52.17,53.76,52.09,52.65,1393200,1.6699999999999946,0.009200690051753821
VNM,2022-06-15,52.65,52.97,51.38,51.38,2680600,1.5899999999999963,-0.024121557454890714
VNM,2022-06-16,51.85,54.4,51.77,54.16,2215500,2.6299999999999955,0.044551591128254485
VNM,2022-06-17,53.29,54.64,51.93,53.13,2502800,2.710000000000001,-0.0030024394820791253
VNM,2022-06-20,52.89,55.52,52.89,54.96,2588200,2.6300000000000026,0.039137833238797506
VNM,2022-06-21,55.12,58.78,54.8,58.7,4839300,3.980000000000004,0.06494920174165467
VNM,2022-06-22,58.23,58.46,56.23,56.23,2214000,2.230000000000004,-0.03434655675768505
VNM,2022-06-23,56.23,57.35,55.76,56.31,1103100,1.5900000000000034,0.0014227280810955967
VNM,2022-06-24,56.55,58.07,56.47,56.95,1684400,1.6000000000000014,0.0070733863837313124
VNM,2022-06-27,57.19,57.43,55.99,56.63,1804300,1.4399999999999977,-0.009791921664626599
VNM,2022-06-28,56.23,57.91,55.84,56.39,3037200,2.069999999999993,0.002845456162191067
VNM,2022-06-29,56.23,57.91,56.23,57.59,1941000,1.6799999999999997,0.024186377378623627
VNM,2022-06-30,57.59,59.58,57.51,57.51,3582600,2.0700000000000003,-0.0013891300573017087
VNM,2022-07-01,57.59,58.86,57.35,58.7,2859000,1.509999999999998,0.019274179545059895
VNM,2022-07-04,58.94,60.38,58.78,59.82,3139300,1.6000000000000014,0.014930437733288133
VNM,2022-07-05,59.98,60.06,58.15,58.23,2590800,1.9100000000000037,-0.029176392130710237
VNM,2022-07-06,58.51,58.92,57.28,58.27,2360100,1.6400000000000006,-0.004101862929413688
VNM,2022-07-07,58.27,60.16,57.69,60.16,3049600,2.469999999999999,0.03243521537669458
VNM,2022-07-08,60.16,60.41,59.75,60.16,1704200,0.6599999999999966,0.0
VNM,2022-07-11,59.5,61.56,59.34,60.16,2556900,2.219999999999999,0.011092436974789859
VNM,2022-07-12,60.16,60.9,59.83,60.41,976100,1.0700000000000003,0.004155585106382979
VNM,2022-07-13,60.33,60.66,59.67,59.75,1423500,0.9899999999999949,-0.009613790817172192
VNM,2022-07-14,59.58,60.33,59.5,59.67,982300,0.8299999999999983,0.0015105740181269455
VNM,2022-07-15,59.67,60.16,59.01,59.01,1475000,1.1499999999999986,-0.011060834590246416
VNM,2022-07-18,59.34,59.5,58.92,59.09,1106700,0.5799999999999983,-0.004213009774182676
VNM,2022-07-19,59.34,60.08,59.01,60.0,1530100,1.0700000000000003,0.011122345803842207
VNM,2022-07-20,60.33,60.66,60.0,60.16,1167800,0.6599999999999966,-0.0028178352395160236
VNM,2022-07-21,59.75,60.66,59.5,60.33,1720500,1.1599999999999966,0.009707112970711269
VNM,2022-07-22,60.33,60.33,59.34,59.34,712300,0.9899999999999949,-0.01640974639482836
VNM,2022-07-25,59.34,60.08,59.17,60.08,1242600,0.9099999999999966,0.012470508931580634
VNM,2022-07-26,60.08,60.16,59.17,59.34,1154000,0.9899999999999949,-0.01231691078561909
VNM,2022-07-27,59.34,59.83,59.17,59.5,789500,0.6599999999999966,0.002696326255476855
VNM,2022-07-28,59.75,60.0,59.58,59.83,1219400,0.4200000000000017,0.0013389121338911849
VNM,2022-07-29,59.91,60.66,59.67,60.0,2582800,0.9899999999999949,0.0015022533800701622
VNM,2022-08-01,60.0,60.57,59.5,60.57,2527600,1.0700000000000003,0.009500000000000005
VNM,2022-08-02,60.49,61.15,59.91,60.49,2600900,1.240000000000002,0.0
VNM,2022-08-03,60.0,60.57,59.75,60.49,3134700,0.8200000000000003,0.0081666666666667
VNM,2022-08-04,60.49,60.49,60.0,60.41,1720600,0.490000000000002,-0.0013225326500248867
VNM,2022-08-05,60.41,60.49,59.83,59.83,2135400,0.6600000000000037,-0.009601059427247116
VNM,2022-08-08,59.75,59.75,59.42,59.5,2795800,0.3299999999999983,-0.0041841004184100415
VNM,2022-08-09,59.5,59.67,59.34,59.34,2129800,0.3299999999999983,-0.0026890756302520437
VNM,2022-08-10,59.34,59.83,59.34,59.75,1544800,0.4899999999999949,0.006909336029659531
VNM,2022-08-11,59.83,59.83,58.27,58.6,3884600,1.5599999999999952,-0.020558248370382698
VNM,2022-08-12,58.51,59.25,58.51,59.25,1796100,0.740000000000002,0.012647410699025842
VNM,2022-08-15,59.34,59.34,58.76,58.92,2525800,0.5800000000000054,-0.007077856420626924
VNM,2022-08-16,59.17,59.67,59.09,59.17,1688300,0.5799999999999983,0.0
VNM,2022-08-17,59.17,59.83,59.09,59.83,1316400,0.7399999999999949,0.011154301166131428
VNM,2022-08-18,59.83,60.66,59.83,60.49,4230600,0.8299999999999983,0.01103125522313227
VNM,2022-08-19,60.49,61.4,60.08,61.07,5225600,1.3200000000000003,0.009588361712679754
VNM,2022-08-22,61.07,61.64,60.74,60.74,2071700,0.8999999999999986,-0.005403635172752551
VNM,2022-08-23,60.74,62.55,60.66,62.47,4551200,1.8900000000000006,0.02848205465920311
VNM,2022-08-24,62.47,64.53,62.47,64.03,5443600,2.0600000000000023,0.02497198655354574
VNM,2022-08-25,64.2,64.53,63.46,64.2,2182100,1.0700000000000003,0.0
VNM,2022-08-26,64.12,64.36,62.8,63.37,2463000,1.5600000000000023,-0.011696818465377528
VNM,2022-08-29,62.72,62.88,62.14,62.22,3311500,0.740000000000002,-0.007971938775510204
VNM,2022-08-30,62.22,62.96,62.22,62.63,2234900,0.740000000000002,0.006589521054323428
VNM,2022-08-31,62.55,62.96,62.22,62.22,1657100,0.740000000000002,-0.0052757793764987735
VNM,2022-09-05,62.22,64.12,62.22,63.87,3169400,1.9000000000000057,0.026518804243008655
VNM,2022-09-06,63.87,65.11,63.7,64.12,2649000,1.4099999999999966,0.003914200720213044
VNM,2022-09-07,64.12,64.12,62.39,62.39,2916400,1.730000000000004,-0.026980661260137304
VNM,2022-09-08,62.63,63.05,61.97,62.39,1351100,1.0799999999999983,-0.0038320293788919363
VNM,2022-09-09,62.55,63.05,62.22,62.55,1188500,0.8299999999999983,0.0
VNM,2022-09-12,62.63,62.8,62.06,62.06,1391890,0.7399999999999949,-0.009101069774868279
VNM,2022-09-13,61.97,62.63,61.97,62.39,1561638,0.6600000000000037,0.006777472970792346
VNM,2022-09-14,61.73,61.81,60.82,60.98,2040943,0.990000000000002,-0.012149684108213188
VNM,2022-09-15,61.07,61.97,61.07,61.4,1210034,0.8999999999999986,0.005403635172752551
VNM,2022-09-16,61.56,62.63,61.31,62.63,2310120,1.3200000000000003,0.017381416504223524
VNM,2022-09-19,62.3,62.39,61.73,61.97,1419408,0.6600000000000037,-0.005296950240770438
VNM,2022-09-20,62.06,62.8,62.06,62.47,1140495,0.7399999999999949,0.006606509829197495
VNM,2022-09-21,62.39,63.95,62.3,63.37,2480307,1.6500000000000057,0.015707645456002513
VNM,2022-09-22,63.13,63.54,62.63,63.37,1034545,0.9099999999999966,0.0038016790749246772
VNM,2022-09-23,63.46,63.7,63.05,63.21,1399756,0.6500000000000057,-0.003939489442168295
VNM,2022-09-26,62.47,62.8,60.74,60.98,3387326,2.059999999999995,-0.02385144869537381
VNM,2022-09-27,61.4,61.73,59.58,59.67,2416742,2.1499999999999986,-0.02817589576547226
VNM,2022-09-28,59.34,60.16,58.43,59.17,2146817,1.7299999999999969,-0.0028648466464442483
VNM,2022-09-29,60.08,60.57,59.5,59.91,2034120,1.0700000000000003,-0.0028295605858855146
VNM,2022-09-30,59.25,60.41,59.25,59.58,2346199,1.1599999999999966,0.005569620253164528
VNM,2022-10-03,59.25,59.75,58.51,58.51,2040145,1.240000000000002,-0.012489451476793282
VNM,2022-10-04,59.17,59.17,57.69,58.43,1632502,1.480000000000004,-0.012506337671117154
VNM,2022-10-05,58.51,59.34,58.51,59.01,1494257,0.8300000000000054,0.008545547769612033
VNM,2022-10-06,58.76,58.84,57.69,57.69,1503513,1.1500000000000057,-0.01820966643975494
VNM,2022-10-07,57.11,58.76,54.8,57.52,2686766,3.960000000000001,0.007179127998599259
VNM,2022-10-10,56.45,58.92,55.55,58.1,1663239,3.3700000000000045,0.029229406554472957
VNM,2022-10-11,58.1,58.92,57.36,57.85,1719285,1.5600000000000023,-0.004302925989672977
VNM,2022-10-12,58.1,59.09,57.77,59.01,1274959,1.3200000000000003,0.01566265060240958
VNM,2022-10-13,58.51,60.82,58.35,60.82,3172239,2.469999999999999,0.03948043069560763
VNM,2022-10-14,60.98,61.4,60.74,60.98,1437871,0.6599999999999966,0.0
VNM,2022-10-17,60.82,61.89,60.74,61.07,1681156,1.1499999999999986,0.004110489970404472
VNM,2022-10-18,61.81,63.46,61.56,63.05,3138948,1.8999999999999986,0.0200614787251253
VNM,2022-10-19,62.72,63.29,62.72,63.13,1038904,0.5700000000000003,0.006536989795918427
VNM,2022-10-20,63.13,63.87,62.47,63.87,2291524,1.3999999999999986,0.011721843814351257
VNM,2022-10-21,63.87,64.61,63.05,63.46,2098990,1.5600000000000023,-0.006419289181149156
VNM,2022-10-24,63.62,63.62,60.98,60.98,1579414,2.6400000000000006,-0.041496384784658925
VNM,2022-10-25,61.07,63.29,61.07,62.63,1658734,2.219999999999999,0.025544457180284957
VNM,2022-10-26,62.63,62.96,62.3,62.63,825157,0.6600000000000037,0.0
VNM,2022-10-27,62.63,64.69,62.63,64.69,2285350,2.059999999999995,0.032891585502155436
VNM,2022-10-28,64.69,64.78,64.03,64.28,1440253,0.75,-0.006337919307466326
VNM,2022-10-31,64.03,64.69,63.7,64.69,1573511,0.9899999999999949,0.010307668280493466
VNM,2022-11-01,64.69,67.99,64.69,66.09,3182949,3.299999999999997,0.021641675684031622
VNM,2022-11-02,66.09,66.18,64.53,64.53,1831325,1.6500000000000057,-0.023604176123468032
VNM,2022-11-03,64.28,66.51,64.28,65.93,1279244,2.230000000000004,0.02566894835096462
VNM,2022-11-04,65.85,66.75,64.28,65.93,2910873,2.469999999999999,0.0012148823082765757
VNM,2022-11-07,66.01,67.74,65.93,67.74,2640530,1.809999999999988,0.026208150280260408
VNM,2022-11-08,67.74,67.91,65.6,67.91,2303484,2.3100000000000023,0.0025095955122527566
VNM,2022-11-09,67.58,67.74,65.93,66.67,2702165,1.809999999999988,-0.013465522343888675
VNM,2022-11-10,66.67,66.75,63.46,64.61,2639743,3.289999999999999,-0.03089845507724617
VNM,2022-11-11,65.02,66.26,64.61,64.61,1565416,1.6500000000000057,-0.006305752076284168
VNM,2022-11-14,64.28,67.58,62.72,65.11,2597912,4.859999999999999,0.012912258867454857
VNM,2022-11-15,65.11,65.44,63.05,63.46,2090963,2.3900000000000006,-0.025341729381047437
VNM,2022-11-16,62.22,64.94,60.82,61.4,3544510,4.119999999999997,-0.013179042108646743
VNM,2022-11-17,63.29,64.53,61.89,62.63,2600851,2.6400000000000006,-0.010428187707378678
VNM,2022-11-18,63.46,64.12,62.39,63.46,2230809,1.730000000000004,0.0
VNM,2022-11-21,63.46,64.2,63.37,64.2,1788236,0.8300000000000054,0.011660888748818184
VNM,2022-11-22,63.87,66.09,63.79,65.52,2282682,2.3000000000000043,0.025833724753405334
VNM,2022-11-23,65.52,65.68,64.53,65.44,773770,1.1500000000000057,-0.001221001221001195
VNM,2022-11-24,65.11,66.92,65.02,66.92,2883664,1.9000000000000057,0.027799109199815732
VNM,2022-11-25,67.0,68.15,66.75,67.74,2597228,1.4000000000000057,0.011044776119402909
VNM,2022-11-28,67.58,68.73,67.33,67.33,2300555,1.4000000000000057,-0.0036993193252441554
VNM,2022-11-29,67.0,68.65,66.34,68.4,2405600,2.3100000000000023,0.020895522388059785
VNM,2022-11-30,68.4,68.4,67.17,68.24,1996463,1.230000000000004,-0.0023391812865498655
VNM,2022-12-01,67.25,68.32,67.25,67.91,2218159,1.0699999999999932,0.009814126394051994
VNM,2022-12-02,67.83,69.23,67.58,69.23,2523394,1.6500000000000057,0.020639834881321033
VNM,2022-12-05,69.31,70.54,69.31,70.05,2067794,1.230000000000004,0.01067667003318417
VNM,2022-12-06,70.05,70.13,67.99,67.99,1396651,2.1400000000000006,-0.029407566024268413
VNM,2022-12-07,68.4,69.47,67.41,67.99,1840655,2.0600000000000023,-0.005994152046783783
VNM,2022-12-08,68.4,69.23,66.75,66.75,1597948,2.480000000000004,-0.02412280701754394
VNM,2022-12-09,66.75,67.41,65.93,65.93,2409728,1.4799999999999898,-0.012284644194756451
VNM,2022-12-12,66.18,67.5,64.61,64.69,3144784,2.8900000000000006,-0.02251435478996689
VNM,2022-12-13,64.78,65.44,63.62,64.28,3611310,1.8200000000000003,-0.007718431614695894
VNM,2022-12-14,65.44,65.44,63.87,63.87,3523110,1.5700000000000003,-0.023991442542787293
VNM,2022-12-15,63.87,65.27,63.7,63.95,2596282,1.5699999999999932,0.001252544230468223
VNM,2022-12-16,64.03,64.94,63.95,64.28,3003287,0.9899999999999949,0.003904419803217242
VNM,2022-12-19,64.69,64.69,63.46,63.46,2425078,1.2299999999999969,-0.019013757922399087
VNM,2022-12-20,63.7,65.68,63.37,64.86,3031345,2.3100000000000094,0.018210361067503872
VNM,2022-12-21,65.68,66.42,65.52,65.68,2306984,0.9000000000000057,0.0
VNM,2022-12-22,66.52,66.69,64.59,64.59,1588107,2.0999999999999943,-0.02901383042693916
VNM,2022-12-23,64.68,65.6,63.92,63.92,1562595,1.6799999999999926,-0.011750154607297543
VNM,2022-12-26,64.09,65.1,63.67,63.76,1658620,1.4299999999999926,-0.005149009205804422
VNM,2022-12-27,64.43,65.43,63.76,64.26,1587728,1.6700000000000088,-0.0026385224274406596
VNM,2022-12-28,64.34,65.43,64.26,64.59,1189135,1.1700000000000017,0.0038856077090456947
VNM,2022-12-29,64.93,65.6,64.59,64.59,1330412,1.009999999999991,-0.005236408439858361
VNM,2022-12-30,65.43,65.43,63.84,63.84,1199657,1.5900000000000034,-0.024300779458963827
VNM,2023-01-03,64.17,65.85,63.92,65.85,1496887,1.9299999999999926,0.026180458158017648
VNM,2023-01-04,66.02,66.52,65.94,66.52,1090697,0.5799999999999983,0.00757346258709482
VNM,2023-01-05,66.52,68.29,66.27,68.12,2471156,2.0200000000000102,0.024052916416115584
VNM,2023-01-06,67.95,68.12,66.78,66.94,1270661,1.3400000000000034,-0.014863870493009641
VNM,2023-01-09,67.03,67.7,66.78,67.7,949900,0.9200000000000017,0.00999552439206328
VNM,2023-01-10,67.87,68.37,67.61,67.95,1196828,0.7600000000000051,0.0011787240312361616
VNM,2023-01-11,67.95,68.45,66.61,66.61,1535421,1.8400000000000034,-0.01972038263428997
VNM,2023-01-12,67.03,67.28,66.52,67.11,685545,0.7600000000000051,0.0011934954497985722
VNM,2023-01-13,67.28,68.03,67.19,67.61,1449667,0.8400000000000034,0.0049048751486325546
VNM,2023-01-16,67.61,67.78,66.61,66.61,655271,1.1700000000000017,-0.014790711433219937
VNM,2023-01-17,67.28,67.95,66.61,67.87,1672065,1.3400000000000034,0.008769322235434057
VNM,2023-01-18,67.87,68.37,67.7,68.2,1299292,0.6700000000000017,0.004862236628849245
VNM,2023-01-19,67.78,68.37,67.11,68.2,2628489,1.2600000000000051,0.006196518146946027
VNM,2023-01-27,68.29,68.7,66.78,67.11,2333482,1.9200000000000017,-0.017279250256260165
VNM,2023-01-30,67.11,67.11,66.61,66.61,1614712,0.5,-0.007450454477723141
VNM,2023-01-31,66.44,66.69,64.51,64.68,4819134,2.1799999999999926,-0.026490066225165428
VNM,2023-02-01,65.18,65.27,64.51,64.76,1811677,0.7599999999999909,-0.006443694384780633
VNM,2023-02-02,64.93,65.01,64.34,64.34,1494960,0.6700000000000017,-0.009086708763283588
VNM,2023-02-03,64.59,64.68,63.67,63.76,1857505,1.0100000000000051,-0.01285028642204684
VNM,2023-02-06,63.67,65.01,63.67,64.93,1911471,1.3400000000000034,0.01978953981466947
VNM,2023-02-07,65.1,65.1,63.84,63.84,1275373,1.259999999999991,-0.01935483870967728
VNM,2023-02-08,63.92,64.26,63.5,63.59,1551091,0.7600000000000051,-0.005162703379224003
VNM,2023-02-09,63.59,63.76,62.92,62.92,1594747,0.8399999999999963,-0.010536247837710358
VNM,2023-02-10,62.92,63.67,62.92,63.67,1236884,0.75,0.011919898283534647
VNM,2023-02-13,63.67,63.67,62.16,63.17,1570936,1.5100000000000051,-0.00785299198994817
VNM,2023-02-14,63.17,63.5,62.41,62.66,1074782,1.0900000000000034,-0.008073452588254
VNM,2023-02-15,62.66,63.76,62.41,63.76,1444301,1.3500000000000014,0.017555059048835007
VNM,2023-02-16,63.76,64.17,63.42,64.17,692037,0.75,0.006430363864491902
VNM,2023-02-17,63.84,64.09,63.17,63.76,777880,0.9200000000000017,-0.001253132832080285
VNM,2023-02-20,63.76,65.01,63.34,65.01,1386188,1.6700000000000017,0.01960476787954842
VNM,2023-02-21,65.01,65.1,64.34,64.76,889193,0.7599999999999909,-0.0038455622211967387
VNM,2023-02-22,64.01,64.34,63.34,63.34,1296443,1.0,-0.010467114513357315
VNM,2023-02-23,63.34,64.51,62.41,63.5,2328809,2.1000000000000085,0.0025260498894852635
VNM,2023-02-24,63.5,63.76,62.5,62.66,1681692,1.259999999999998,-0.013228346456692967
VNM,2023-02-27,62.66,63.67,62.08,63.08,1113616,1.5900000000000034,0.006702840727737021
VNM,2023-02-28,63.34,63.67,63.0,63.34,1035315,0.6700000000000017,0.0
VNM,2023-03-01,63.0,64.59,62.92,64.51,1636044,1.6700000000000017,0.023968253968254048
VNM,2023-03-02,64.51,64.51,63.84,64.17,1089291,0.6700000000000017,-0.0052705006975663216
VNM,2023-03-03,62.92,64.43,62.92,63.76,704604,1.5100000000000051,0.013350286077558745
VNM,2023-03-06,63.76,64.26,62.92,62.92,892543,1.3400000000000034,-0.013174404015056405
VNM,2023-03-07,63.67,63.92,63.34,63.59,1171596,0.5799999999999983,-0.0012564787183916805
VNM,2023-03-08,63.08,64.17,62.92,64.17,1245092,1.25,0.017279644895371014
VNM,2023-03-09,63.92,64.68,63.92,64.17,1390428,0.7600000000000051,0.003911138923654568
VNM,2023-03-10,64.17,64.76,63.84,64.51,1428506,0.9200000000000017,0.005298426055789363
VNM,2023-03-13,64.43,64.68,64.26,64.51,1825388,0.4200000000000017,0.0012416576129132125
VNM,2023-03-14,64.01,64.51,63.42,64.26,1735682,1.0900000000000034,0.0039056397437900324
VNM,2023-03-15,64.26,64.85,64.17,64.68,1960620,0.6799999999999926,0.006535947712418327
VNM,2023-03-16,64.59,64.68,63.67,64.09,1530353,1.0100000000000051,-0.007741136398823347
VNM,2023-03-17,64.09,64.09,62.5,62.5,2433870,1.5900000000000034,-0.024808862537057316
VNM,2023-03-20,62.92,62.92,62.16,62.33,1610450,0.7600000000000051,-0.009376986649713976
VNM,2023-03-21,62.41,63.0,62.25,62.41,1351452,0.75,0.0
VNM,2023-03-22,62.58,62.66,62.41,62.41,901008,0.25,-0.002716522850751066
VNM,2023-03-23,62.33,63.17,62.08,63.17,1285502,1.0900000000000034,0.013476656505695546
VNM,2023-03-24,62.92,63.34,62.75,62.92,932820,0.5900000000000034,0.0
VNM,2023-03-27,62.92,62.92,62.33,62.58,1371841,0.5900000000000034,-0.005403687221869094
VNM,2023-03-28,62.5,63.17,62.41,62.41,1650696,0.7600000000000051,-0.0014400000000000545
VNM,2023-03-29,62.66,62.83,62.41,62.83,907785,0.4200000000000017,0.0027130545802745245
VNM,2023-03-30,62.66,63.25,62.58,62.92,839461,0.6700000000000017,0.004149377593361077
VNM,2023-03-31,62.92,63.25,62.41,62.41,1076689,0.8400000000000034,-0.008105530832803642
VNM,2023-04-03,62.58,62.83,62.25,62.41,851274,0.5799999999999983,-0.002716522850751066
VNM,2023-04-04,62.41,62.5,62.25,62.25,1819637,0.25,-0.0025636917160710877
VNM,2023-04-05,62.25,62.75,62.16,62.5,964016,0.5900000000000034,0.004016064257028112
VNM,2023-04-06,62.41,62.58,62.33,62.33,906247,0.25,-0.0012818458580355439
VNM,2023-04-07,62.41,62.66,62.33,62.66,795228,0.3299999999999983,0.00400576830636116
VNM,2023-04-10,62.66,62.66,62.41,62.41,833066,0.25,-0.003989786147462497
VNM,2023-04-11,62.33,62.5,62.16,62.41,783565,0.3400000000000034,0.0012834910957804956
VNM,2023-04-12,62.41,62.41,62.08,62.33,979996,0.3299999999999983,-0.0012818458580355439
VNM,2023-04-13,62.33,62.41,61.66,61.66,891570,0.75,-0.010749237927161908
VNM,2023-04-14,61.74,61.83,61.07,61.07,1294816,0.759999999999998,-0.010851959831551695
VNM,2023-04-17,61.07,61.15,60.15,60.15,1366872,1.0,-0.015064679875552673
VNM,2023-04-18,60.23,61.24,60.23,61.24,932467,1.0100000000000051,0.016769051967458162
VNM,2023-04-19,61.32,61.32,60.4,60.4,817480,0.9200000000000017,-0.015003261578604071
VNM,2023-04-20,60.48,60.9,60.23,60.32,822994,0.6700000000000017,-0.0026455026455025894
VNM,2023-04-21,60.4,60.4,59.39,59.48,1109508,1.009999999999998,-0.015231788079470227
VNM,2023-04-24,59.56,59.64,58.89,59.14,1135168,0.75,-0.0070517125587642995
VNM,2023-04-25,59.14,59.9,58.55,58.64,1371733,1.3500000000000014,-0.008454514710855596
VNM,2023-04-26,58.72,59.56,58.72,59.56,942125,0.8400000000000034,0.01430517711171668
VNM,2023-04-27,59.56,59.56,58.3,58.3,1370570,1.2600000000000051,-0.021155137676292898
VNM,2023-04-28,58.55,58.89,58.47,58.72,1117094,0.4200000000000017,0.0029035012809564766
VNM,2023-05-04,58.72,58.72,57.38,57.55,2659616,1.3399999999999963,-0.01992506811989104
VNM,2023-05-05,57.55,58.05,57.55,57.72,712871,0.5,0.0029539530842745735
VNM,2023-05-08,57.88,59.06,57.88,59.06,1228760,1.1799999999999997,0.02038700760193503
VNM,2023-05-09,59.39,59.56,59.14,59.31,872498,0.4200000000000017,-0.0013470281192119599
VNM,2023-05-10,59.39,59.64,59.14,59.14,952494,0.5,-0.004209462872537464
VNM,2023-05-11,59.14,59.48,58.72,58.72,447884,0.759999999999998,-0.00710179235711873
VNM,2023-05-12,59.06,59.06,58.3,58.39,1214899,0.7600000000000051,-0.011344395529969551
VNM,2023-05-15,58.64,58.64,57.88,57.88,1539719,0.759999999999998,-0.012960436562073636
VNM,2023-05-16,57.88,58.47,57.88,58.47,1381060,0.5899999999999963,0.010193503800967455
VNM,2023-05-17,58.47,58.47,57.72,57.88,1869705,0.75,-0.010090644775098278
VNM,2023-05-18,57.88,58.72,57.46,58.05,2498777,1.259999999999998,0.002937111264685463
VNM,2023-05-19,58.22,58.3,57.55,57.55,1204484,0.75,-0.011508072827207175
VNM,2023-05-22,57.63,57.88,57.21,57.21,1699621,0.6700000000000017,-0.007287870900572648
VNM,2023-05-23,57.04,57.38,56.21,56.21,2940962,1.1700000000000017,-0.014551192145862523
VNM,2023-05-24,56.29,56.54,55.45,55.62,2354186,1.0899999999999963,-0.011902647006573133
VNM,2023-05-25,55.53,56.62,55.37,56.29,1306722,1.25,0.013686295696020133
VNM,2023-05-26,56.54,57.04,56.29,56.29,906227,0.75,-0.0044216483905199855
VNM,2023-05-29,56.46,56.79,56.29,56.29,1044750,0.5,-0.0030109812256465056
VNM,2023-05-30,56.29,56.54,55.79,55.79,1772267,0.75,-0.008882572392965003
VNM,2023-05-31,56.04,56.04,55.45,55.45,1468744,0.5899999999999963,-0.010528194147037765
VNM,2023-06-01,55.45,55.79,55.37,55.45,1217050,0.4200000000000017,0.0
VNM,2023-06-02,55.53,55.62,54.95,55.28,2972493,0.6699999999999946,-0.0045020709526382135
VNM,2023-06-05,55.79,56.37,55.53,55.79,3326155,0.8399999999999963,0.0
VNM,2023-06-06,56.12,56.12,55.37,55.7,3425841,0.75,-0.007483962936564409
VNM,2023-06-07,55.79,55.95,55.37,55.53,3720457,0.5800000000000054,-0.004660333393081161
VNM,2023-06-08,55.79,55.79,54.95,54.95,5040797,0.8399999999999963,-0.015056461731493033
VNM,2023-06-09,55.03,55.79,54.95,55.2,2081714,0.8399999999999963,0.0030892240596038833
VNM,2023-06-12,55.37,57.04,55.37,56.96,5452337,1.6700000000000017,0.028715911143218413
VNM,2023-06-13,57.13,57.3,56.62,56.71,4946444,0.6799999999999997,-0.00735165412217752
VNM,2023-06-14,56.79,57.21,56.29,56.29,4911944,0.9200000000000017,-0.008804366966015144
VNM,2023-06-15,56.46,56.54,55.53,55.62,4689964,1.009999999999998,-0.01487778958554735
VNM,2023-06-16,55.79,55.87,55.37,55.45,5994312,0.5,-0.006094282129413807
VNM,2023-06-19,55.62,55.87,55.03,55.2,3284579,0.8399999999999963,-0.007551240560949202
VNM,2023-06-20,55.28,55.28,54.95,54.95,2964627,0.3299999999999983,-0.005969609261939187
VNM,2023-06-21,55.03,55.62,54.95,55.62,3492784,0.6699999999999946,0.010721424677448597
VNM,2023-06-22,55.79,56.46,55.62,56.12,5613113,0.8400000000000034,0.005915038537372259
VNM,2023-06-23,56.21,58.3,56.21,57.97,11963164,2.0899999999999963,0.031311154598825795
VNM,2023-06-26,58.13,59.31,57.3,59.23,10742723,2.010000000000005,0.01892310338895569
VNM,2023-06-27,59.39,59.39,58.39,59.14,5982210,1.0,-0.004209462872537464
VNM,2023-06-28,59.14,59.48,58.47,59.23,6157222,1.009999999999998,0.001521812647953945
VNM,2023-06-29,59.23,60.74,58.81,60.32,7702292,1.9299999999999997,0.018402836400472793
VNM,2023-06-30,60.32,60.4,59.39,59.56,3646759,1.009999999999998,-0.012599469496021188
VNM,2023-07-03,59.64,59.9,58.97,59.31,3187816,0.9299999999999997,-0.005533199195170997
VNM,2023-07-04,59.14,59.73,58.81,59.23,4783357,0.9199999999999946,0.001521812647953945
VNM,2023-07-05,59.39,59.39,58.39,58.55,6661035,1.0,-0.014143795251725938
VNM,2023-07-06,58.64,59.31,58.55,59.14,7632376,0.7600000000000051,0.008526603001364257
VNM,2023-07-07,59.31,59.73,59.06,59.48,5782449,0.6699999999999946,0.0028662957342774336
VNM,2023-07-10,59.9,60.99,59.73,60.48,6174583,1.2600000000000051,0.009682804674457401
VNM,2023-07-11,60.48,61.57,60.15,61.07,5705271,1.4200000000000017,0.009755291005291062
VNM,2023-07-12,61.15,61.66,60.9,61.66,4197529,0.759999999999998,0.008340147179067834
VNM,2023-07-13,61.57,61.91,61.15,61.32,3785836,0.759999999999998,-0.004060419035244438
VNM,2023-07-14,61.41,61.57,60.48,61.49,5211888,1.0900000000000034,0.0013027194268035401
VNM,2023-07-17,61.24,61.74,60.57,60.65,3924388,1.1700000000000017,-0.009634225996081049
VNM,2023-07-18,60.82,60.9,60.57,60.74,2931448,0.3299999999999983,-0.0013153567905294032
VNM,2023-07-19,60.82,61.24,60.74,60.9,2946641,0.5,0.0013153567905294032
VNM,2023-07-20,60.9,61.07,60.65,60.9,2601742,0.4200000000000017,0.0
VNM,2023-07-21,60.9,61.66,60.82,61.66,3343300,0.8399999999999963,0.012479474548440034
VNM,2023-07-24,61.66,62.08,61.49,61.74,2537340,0.5899999999999963,0.0012974375608174732
VNM,2023-07-25,61.74,62.66,61.32,62.5,4249028,1.3399999999999963,0.012309685779073501
VNM,2023-07-26,62.41,63.08,62.33,62.92,3191917,0.75,0.008171767344976849
VNM,2023-07-27,62.92,63.59,62.75,63.5,4180261,0.8400000000000034,0.0092180546726001
VNM,2023-07-28,63.59,65.18,63.42,64.93,5476424,1.7600000000000051,0.021072495675420716
VNM,2023-07-31,64.85,65.77,64.76,65.43,3366889,1.009999999999991,0.008943716268311681
VNM,2023-08-01,65.43,65.43,63.76,63.76,5735402,1.6700000000000088,-0.025523460186458943
VNM,2023-08-02,63.76,64.17,63.17,63.84,2680830,1.0,0.0012547051442911763
VNM,2023-08-03,64.23,64.23,62.93,62.93,2921459,1.3000000000000043,-0.020239763350459353
VNM,2023-08-04,62.84,63.28,62.41,63.28,3167057,0.8700000000000045,0.007001909611712248
VNM,2023-08-07,63.19,64.92,62.67,64.92,4320043,2.25,0.027377749643931065
VNM,2023-08-08,64.75,64.92,64.06,64.58,3433019,0.8599999999999994,-0.002625482625482652
VNM,2023-08-09,64.58,64.58,63.1,63.36,3707004,1.4799999999999969,-0.018891297615360774
VNM,2023-08-10,63.36,64.14,63.19,63.36,2734314,0.9500000000000028,0.0
VNM,2023-08-11,63.36,63.71,62.76,63.71,2182946,0.9500000000000028,0.0055239898989899216
VNM,2023-08-14,63.62,63.71,62.84,63.62,3068103,0.8699999999999974,0.0
VNM,2023-08-15,63.19,63.62,63.02,63.1,2221214,0.5999999999999943,-0.0014242759930368145
VNM,2023-08-16,63.1,63.71,62.84,63.36,2085184,0.8699999999999974,0.004120443740095055
VNM,2023-08-17,63.36,64.58,63.19,63.8,4583142,1.3900000000000006,0.0069444444444444085
VNM,2023-08-18,63.71,64.84,62.5,63.54,7109124,2.3400000000000034,-0.0026683409197928378
VNM,2023-08-21,63.02,63.97,63.02,63.19,3057188,0.9499999999999957,0.0026975563313233037
VNM,2023-08-22,63.45,63.45,61.63,63.02,3077286,1.8200000000000003,-0.006776989755713155
VNM,2023-08-23,62.76,63.8,62.06,63.71,3074249,1.7399999999999949,0.015137029955385642
VNM,2023-08-24,63.71,64.92,63.28,64.75,4422381,1.6400000000000006,0.016323967979908947
VNM,2023-08-25,65.27,65.27,64.4,64.92,2753310,0.8699999999999903,-0.005362341044890368
VNM,2023-08-28,65.01,67.7,65.01,67.52,5471972,2.6899999999999977,0.038609444700815114
VNM,2023-08-29,67.18,67.26,66.05,67.09,4202862,1.210000000000008,-0.001339684429889899
VNM,2023-08-30,66.74,68.04,66.31,67.44,2662115,1.730000000000004,0.0104884626910399
VNM,2023-08-31,67.18,68.39,66.83,67.44,3838621,1.5600000000000023,0.003870199464126092
VNM,2023-09-05,68.04,69.78,67.7,69.43,6845824,2.0799999999999983,0.020429159318048215
VNM,2023-09-06,69.43,69.43,68.91,69.34,2283065,0.5200000000000102,-0.001296269624081858
VNM,2023-09-07,69.26,69.34,68.13,68.91,3529590,1.210000000000008,-0.005053421888536074
VNM,2023-09-08,68.65,69.43,68.56,69.34,2776520,0.8700000000000045,0.010050983248361218
VNM,2023-09-11,69.34,70.3,67.26,68.91,4237647,3.039999999999992,-0.006201326795500531
VNM,2023-09-12,68.48,69.95,67.87,69.6,2670725,2.0799999999999983,0.016355140186915747
VNM,2023-09-13,69.0,69.6,68.22,68.56,2508754,1.3799999999999955,-0.006376811594202865
VNM,2023-09-14,68.04,69.34,67.96,68.82,2484286,1.3800000000000097,0.011463844797177937
VNM,2023-09-15,68.82,70.38,68.48,68.91,5618032,1.8999999999999915,0.001307759372275551
VNM,2023-09-18,68.56,69.17,68.22,68.39,1323228,0.9500000000000028,-0.0024795799299883563
VNM,2023-09-19,68.04,68.39,67.09,68.39,2573801,1.2999999999999972,0.0051440329218106155
VNM,2023-09-20,67.96,68.3,67.61,67.87,1843700,0.6899999999999977,-0.0013243084167155563
VNM,2023-09-21,67.7,67.87,67.0,67.61,2539608,0.8700000000000045,-0.0013293943870015274
VNM,2023-09-22,66.83,67.87,65.7,67.18,4246836,2.1700000000000017,0.0052371689361066665
VNM,2023-09-25,66.92,68.04,66.48,67.26,2757237,1.5600000000000023,0.005080693365212245
VNM,2023-09-26,67.26,67.61,65.88,65.96,2535904,1.730000000000004,-0.01932798096937275
VNM,2023-09-27,66.14,66.4,64.84,66.4,2274868,1.5600000000000023,0.0039310553371636695
VNM,2023-09-28,65.96,66.22,64.84,64.84,1890909,1.3799999999999955,-0.01697998787143709
VNM,2023-09-29,65.01,66.22,64.32,64.32,1404507,1.9000000000000057,-0.010613751730503182
VNM,2023-10-02,64.32,65.53,64.32,65.53,1160811,1.210000000000008,0.018812189054726494
VNM,2023-10-03,64.66,65.1,64.06,64.14,1995033,1.039999999999992,-0.008042066192390908
VNM,2023-10-04,63.8,64.66,63.62,64.49,1078838,1.0399999999999991,0.010815047021943539
VNM,2023-10-05,64.23,64.49,63.02,63.02,2574586,1.4699999999999918,-0.01883854896465827
VNM,2023-10-06,63.02,64.32,62.93,64.32,1228077,1.3899999999999935,0.020628371945413997
VNM,2023-10-09,64.14,64.23,63.8,63.88,832217,0.4300000000000068,-0.0040536326785157156
VNM,2023-10-10,64.4,65.01,64.14,64.49,1025137,0.8700000000000045,0.0013975155279501428
VNM,2023-10-11,64.66,64.84,64.14,64.49,1135163,0.7000000000000028,-0.0026291370244355353
VNM,2023-10-12,64.58,65.79,64.58,65.44,2536450,1.210000000000008,0.013316816351811698
VNM,2023-10-13,65.36,66.14,65.01,65.7,1488140,1.1299999999999955,0.005201958384332977
VNM,2023-10-16,65.1,65.7,64.75,65.18,1345442,0.9500000000000028,0.001228878648233679
VNM,2023-10-17,65.27,65.96,64.84,64.84,1423057,1.1199999999999903,-0.006588018998008161
VNM,2023-10-18,64.84,64.84,62.76,64.06,2574510,2.0800000000000054,-0.012029611351017907
VNM,2023-10-19,63.62,63.62,61.46,61.89,3908340,2.1599999999999966,-0.027192706696007495
VNM,2023-10-20,61.8,62.84,60.85,62.67,2373599,1.990000000000002,0.014077669902912695
VNM,2023-10-23,62.15,62.41,60.76,60.85,2727972,1.6499999999999986,-0.020917135961383705
VNM,2023-10-24,60.85,61.37,60.76,60.94,1100884,0.6099999999999994,0.0014790468364830945
VNM,2023-10-25,60.94,61.37,59.81,59.81,2427114,1.5599999999999952,-0.018542829012143016
VNM,2023-10-26,59.38,59.46,57.12,58.08,5207092,2.3400000000000034,-0.021892893230043856
VNM,2023-10-27,58.34,58.94,57.73,58.94,1812684,1.2100000000000009,0.010284538909838778
VNM,2023-10-30,58.86,58.94,58.16,58.6,1048393,0.7800000000000011,-0.004417261297995209
VNM,2023-10-31,58.86,60.24,58.6,58.94,2185475,1.6400000000000006,0.0013591573224600458
VNM,2023-11-01,59.81,61.11,58.86,61.02,2338586,2.25,0.020230730647049004
VNM,2023-11-02,61.11,61.46,60.5,61.46,2391399,0.9600000000000009,0.005727376861397503
VNM,2023-11-03,61.46,61.46,60.5,60.68,1694064,0.9600000000000009,-0.012691181256101547
VNM,2023-11-06,60.85,61.98,60.76,61.54,1138171,1.2199999999999989,0.011339359079704153
VNM,2023-11-07,61.11,61.37,60.5,61.37,1475825,0.8699999999999974,0.00425462281132381
VNM,2023-11-08,61.37,61.98,60.5,61.89,2340935,1.4799999999999969,0.008473195372331809
VNM,2023-11-09,62.06,62.5,61.28,61.28,3421983,1.2199999999999989,-0.012568482114083164
VNM,2023-11-10,61.37,61.37,60.33,60.33,2835087,1.0399999999999991,-0.016946390744663503
VNM,2023-11-13,60.42,60.68,59.46,59.55,1733685,1.2199999999999989,-0.014399205561072567
VNM,2023-11-14,59.81,60.16,59.12,59.72,3000746,1.0399999999999991,-0.0015047650894499816
VNM,2023-11-15,60.68,62.24,60.68,61.28,3952659,1.5600000000000023,0.009887936717205033
VNM,2023-11-16,61.2,61.8,60.59,60.94,2339920,1.2099999999999937,-0.004248366013071979
VNM,2023-11-17,61.54,61.63,59.98,60.68,2337926,1.6500000000000057,-0.013974650633734148
VNM,2023-11-20,59.98,60.59,59.81,60.07,1771341,0.7800000000000011,0.0015005001667222977
VNM,2023-11-21,60.16,60.5,59.72,60.24,2961268,0.7800000000000011,0.001329787234042643
VNM,2023-11-22,60.24,60.85,59.81,60.16,1303748,1.0399999999999991,-0.0013280212483400631
VNM,2023-11-23,60.5,60.59,59.55,59.55,1624542,1.0400000000000063,-0.01570247933884302
VNM,2023-11-24,59.46,59.72,58.6,59.2,3131505,1.1199999999999974,-0.004372687521022503
VNM,2023-11-27,59.2,59.29,58.86,59.03,1335046,0.4299999999999997,-0.0028716216216216504
VNM,2023-11-28,59.03,59.38,58.51,59.38,1777650,0.8700000000000045,0.005929188548195857
VNM,2023-11-29,59.38,59.64,59.12,59.29,1263921,0.5200000000000031,-0.0015156618390030888
VNM,2023-11-30,59.29,59.55,58.42,58.42,2583323,1.1299999999999955,-0.014673638050261385
VNM,2023-12-01,58.94,59.38,58.68,59.29,1393194,0.7000000000000028,0.00593824228028506
VNM,2023-12-04,59.38,60.24,59.29,59.64,3008642,0.9500000000000028,0.004378578646008723
VNM,2023-12-05,59.64,59.81,58.94,59.03,2304277,0.8700000000000045,-0.01022803487592219
VNM,2023-12-06,59.03,59.46,59.03,59.38,1607662,0.4299999999999997,0.005929188548195857
VNM,2023-12-07,59.64,59.64,58.51,59.29,3877491,1.1300000000000026,-0.005868544600938991
VNM,2023-12-08,59.29,60.07,58.94,59.81,3730770,1.1300000000000026,0.00877045032889194
VNM,2023-12-11,61.11,61.11,60.59,60.68,4737231,0.519999999999996,-0.007036491572574043
VNM,2023-12-12,60.68,60.76,59.81,60.16,2791599,0.9499999999999957,-0.00856954515491106
VNM,2023-12-13,60.33,60.42,59.03,59.12,4516351,1.3900000000000006,-0.020056356704790335
VNM,2023-12-14,59.29,59.72,59.12,59.29,1463160,0.6000000000000014,0.0
VNM,2023-12-15,59.38,59.46,59.03,59.03,3741675,0.4299999999999997,-0.005894240485011812
VNM,2023-12-18,59.03,59.12,58.08,58.08,3518371,1.0399999999999991,-0.016093511773674452
VNM,2023-12-19,58.16,58.42,57.47,58.08,3066185,0.9500000000000028,-0.0013755158184318827
VNM,2023-12-20,58.08,59.12,58.08,59.03,2605917,1.0399999999999991,0.016356749311294817
VNM,2023-12-21,58.86,59.2,58.77,58.77,2587654,0.4299999999999997,-0.0015290519877675214
VNM,2023-12-22,58.77,59.03,58.51,58.6,2147607,0.5200000000000031,-0.0028926322953888328
VNM,2023-12-25,58.6,59.55,58.6,58.86,2675110,0.9499999999999957,0.004436860068259351
VNM,2023-12-26,59.2,59.38,58.94,58.94,1977559,0.44000000000000483,-0.004391891891891978
VNM,2023-12-27,59.38,59.56,58.94,58.94,1628408,0.6200000000000045,-0.007409902324014901
VNM,2023-12-28,58.94,59.82,58.94,59.82,2410778,0.8800000000000026,0.014930437733288133
VNM,2023-12-29,59.99,59.99,59.03,59.03,1956751,0.9600000000000009,-0.016002667111185212
VNM,2024-01-02,59.56,59.82,59.29,59.64,2144983,0.5300000000000011,0.001343183344526499
VNM,2024-01-03,59.73,60.25,59.38,60.25,1891530,0.8699999999999974,0.00870584295998666
VNM,2024-01-04,60.34,60.69,60.25,60.25,3403997,0.4399999999999977,-0.0014915478952602487
VNM,2024-01-05,60.52,60.52,59.82,60.08,1477880,0.7000000000000028,-0.00727032385988111
VNM,2024-01-08,60.25,60.34,59.56,59.56,2399171,0.7800000000000011,-0.01145228215767631
VNM,2024-01-09,59.56,59.82,59.38,59.47,2461700,0.4399999999999977,-0.001511081262592401
VNM,2024-01-10,59.47,59.47,58.86,58.94,3010809,0.6099999999999994,-0.008912056499075184
VNM,2024-01-11,58.94,59.82,58.94,59.29,2085776,0.8800000000000026,0.00593824228028506
VNM,2024-01-12,59.03,59.29,58.51,58.68,3286730,0.7800000000000011,-0.005929188548195857
VNM,2024-01-15,58.68,58.94,58.51,58.51,2228627,0.4299999999999997,-0.0028970688479891225
VNM,2024-01-16,58.51,58.86,58.25,58.86,2074925,0.6099999999999994,0.005981883438728447
VNM,2024-01-17,58.94,59.29,58.51,58.6,1829118,0.7800000000000011,-0.005768578215133972
VNM,2024-01-18,58.77,59.21,58.77,58.86,1230002,0.4399999999999977,0.0015313935681469507
VNM,2024-01-19,58.86,59.91,58.86,59.38,2621840,1.0499999999999972,0.008834522595990539
VNM,2024-01-22,59.38,59.99,59.38,59.64,1961559,0.6099999999999994,0.004378578646008723
VNM,2024-01-23,59.64,59.64,59.03,59.12,2113751,0.6099999999999994,-0.008718980549966518
VNM,2024-01-24,59.21,59.38,58.68,58.77,2085392,0.7000000000000028,-0.007431177166019215
VNM,2024-01-25,58.86,58.94,58.42,58.42,2662473,0.519999999999996,-0.007475365273530372
VNM,2024-01-26,58.51,58.94,58.51,58.51,1677432,0.4299999999999997,0.0
VNM,2024-01-29,58.6,58.77,58.42,58.51,1734356,0.3500000000000014,-0.001535836177474461
VNM,2024-01-30,58.77,58.77,58.42,58.42,1791324,0.3500000000000014,-0.005955419431682855
VNM,2024-01-31,58.68,59.56,58.42,58.51,4021787,1.1400000000000006,-0.0028970688479891225
VNM,2024-02-01,58.68,59.21,58.68,58.94,2500699,0.5300000000000011,0.0044308111792774035
VNM,2024-02-02,58.94,59.12,58.51,58.86,2613144,0.6099999999999994,-0.0013573125212079792
VNM,2024-02-05,58.86,59.56,58.68,59.38,3568444,0.8800000000000026,0.008834522595990539
VNM,2024-02-06,59.47,59.56,59.03,59.03,2394933,0.5300000000000011,-0.007398688414326513
VNM,2024-02-07,59.03,59.29,58.68,59.03,2737292,0.6099999999999994,0.0
VNM,2024-02-15,59.03,59.38,58.68,59.03,3880447,0.7000000000000028,0.0
VNM,2024-02-16,59.21,61.39,58.94,61.13,11120422,2.450000000000003,0.03242695490626586
VNM,2024-02-19,61.91,63.4,61.74,62.79,6660129,1.6599999999999966,0.014214181876918149
VNM,2024-02-20,62.61,63.22,62.26,62.44,4390643,0.9600000000000009,-0.0027152212106692493
VNM,2024-02-21,62.44,62.79,62.0,62.26,3593123,0.7899999999999991,-0.0028827674567584835
VNM,2024-02-22,62.26,63.49,62.09,62.53,4652126,1.3999999999999986,0.0043366527465467895
VNM,2024-02-23,62.7,63.49,62.0,62.0,6146121,1.490000000000002,-0.011164274322169104
VNM,2024-02-26,62.0,62.61,61.74,62.0,3050150,0.8699999999999974,0.0
VNM,2024-02-27,62.18,63.22,62.09,62.87,5285311,1.1299999999999955,0.011096815696365354
VNM,2024-02-28,63.22,63.4,62.44,63.05,3422219,0.9600000000000009,-0.002689022461246468
VNM,2024-02-29,63.4,64.01,62.53,62.87,6543917,1.480000000000004,-0.008359621451104119
VNM,2024-03-01,62.96,62.96,62.18,62.44,4399953,0.7800000000000011,-0.008259212198221143
VNM,2024-03-04,62.7,63.49,62.53,62.87,5018814,0.9600000000000009,0.0027113237639552566
VNM,2024-03-05,62.87,63.75,62.61,63.75,5443242,1.1400000000000006,0.01399713694926042
VNM,2024-03-06,64.01,64.18,62.7,62.7,4837251,1.480000000000004,-0.020465552257459805
VNM,2024-03-07,62.61,62.96,62.26,62.87,5070038,0.7000000000000028,0.004152691263376426
VNM,2024-03-08,62.96,63.66,61.13,61.13,7364624,2.529999999999994,-0.02906607369758574
VNM,2024-03-11,61.56,62.26,61.13,61.39,4214115,1.1299999999999955,-0.002761533463287877
VNM,2024-03-12,61.48,61.65,61.13,61.13,3847561,0.519999999999996,-0.005692908262849615
VNM,2024-03-13,61.22,61.91,61.13,61.83,5648587,0.779999999999994,0.009964064031362291
VNM,2024-03-14,62.0,62.26,61.39,61.56,5449322,0.8699999999999974,-0.00709677419354835
VNM,2024-03-15,62.01,62.01,60.77,60.86,4857330,1.2399999999999949,-0.018545395903886448
VNM,2024-03-18,60.86,61.12,59.8,60.06,6803665,1.3200000000000003,-0.01314492277357866
VNM,2024-03-19,60.59,60.59,59.97,59.97,3166304,0.6200000000000045,-0.010232711668592251
VNM,2024-03-20,59.97,60.68,59.71,60.15,3551272,0.9699999999999989,0.003001500750375183
VNM,2024-03-21,60.33,60.59,60.06,60.51,4910550,0.5300000000000011,0.0029835902536051668
VNM,2024-03-22,60.68,60.77,59.97,59.97,6070254,0.8000000000000043,-0.011700725115359276
VNM,2024-03-25,60.06,60.33,59.36,59.53,5459681,0.9699999999999989,-0.008824508824508843
VNM,2024-03-26,59.62,60.06,59.53,59.89,2507194,0.5300000000000011,0.00452868165045292
VNM,2024-03-27,60.15,60.15,59.71,59.89,2639932,0.4399999999999977,-0.0043225270157938155
VNM,2024-03-28,59.89,60.51,59.8,59.89,4474441,0.7100000000000009,0.0
VNM,2024-03-29,60.51,60.51,59.71,59.8,3487674,0.7999999999999972,-0.011733597752437628
VNM,2024-04-01,59.8,59.89,59.27,59.27,4996398,0.6199999999999974,-0.008862876254180503
VNM,2024-04-02,59.27,59.62,59.0,59.53,4325527,0.6199999999999974,0.004386704909735076
VNM,2024-04-03,59.53,59.53,59.0,59.0,5054063,0.5300000000000011,-0.008903074080295668
VNM,2024-04-04,59.0,60.51,59.0,60.33,7477825,1.509999999999998,0.022542372881355903
VNM,2024-04-05,60.33,60.33,59.89,60.06,4237214,0.4399999999999977,-0.004475385380407692
VNM,2024-04-08,60.15,60.15,59.18,59.27,3671802,0.9699999999999989,-0.014630091438071412
VNM,2024-04-09,59.36,59.53,59.09,59.27,2518780,0.4399999999999977,-0.0015161725067384822
VNM,2024-04-10,59.36,59.53,59.09,59.09,2767420,0.4399999999999977,-0.004548517520215566
VNM,2024-04-11,59.0,59.18,58.82,58.91,2950689,0.35999999999999943,-0.001525423728813617
VNM,2024-04-12,59.09,59.36,58.91,59.0,2511089,0.45000000000000284,-0.0015231003553901406
VNM,2024-04-15,59.0,59.0,57.41,57.41,5766677,1.5900000000000034,-0.02694915254237294
VNM,2024-04-16,57.41,57.5,55.73,56.61,7137771,1.7700000000000031,-0.013934854554955535
VNM,2024-04-17,56.97,57.41,56.79,56.79,4593232,0.6199999999999974,-0.0031595576619273254
VNM,2024-04-19,56.79,56.97,55.99,56.79,4521513,0.9799999999999969,0.0
VNM,2024-04-22,57.23,57.76,56.61,56.61,2038048,1.1499999999999986,-0.010833478944609426
VNM,2024-04-23,56.79,56.88,55.91,56.17,2020719,0.970000000000006,-0.010917415037858733
VNM,2024-04-24,56.61,56.88,56.17,56.61,2403394,0.7100000000000009,0.0
VNM,2024-04-25,56.61,57.32,56.52,57.23,1918445,0.7999999999999972,0.010952128599187377
VNM,2024-04-26,57.23,58.21,57.06,57.5,2944790,1.1499999999999986,0.004717805346846115
VNM,2024-05-02,57.85,57.94,57.41,57.85,2566088,0.5300000000000011,0.0
VNM,2024-05-03,58.03,58.38,57.94,58.03,1969178,0.44000000000000483,0.0
VNM,2024-05-06,58.21,58.74,57.94,58.21,2264163,0.8000000000000043,0.0
VNM,2024-05-07,58.38,60.59,58.29,60.15,8490375,2.3000000000000043,0.030318602261048235
VNM,2024-05-08,60.15,60.15,59.36,60.06,2967447,0.7899999999999991,-0.0014962593516208863
VNM,2024-05-09,60.06,60.06,58.91,58.91,3001858,1.1500000000000057,-0.01914751914751924
VNM,2024-05-10,59.0,59.71,58.47,58.82,2422429,1.240000000000002,-0.003050847457627114
VNM,2024-05-13,58.91,59.09,57.85,58.21,2737626,1.240000000000002,-0.01188253267696479
VNM,2024-05-14,58.29,59.27,58.29,58.82,2435304,0.980000000000004,0.00909246869102764
VNM,2024-05-15,59.18,59.53,59.0,59.27,3237247,0.5300000000000011,0.0015207840486651473
VNM,2024-05-16,59.36,59.89,59.27,59.44,2914420,0.6199999999999974,0.0013477088948786774
VNM,2024-05-17,59.53,59.97,59.09,59.27,4173675,0.8799999999999955,-0.004367545775239342
VNM,2024-05-20,59.36,59.8,58.74,58.74,4925028,1.0599999999999952,-0.01044474393530993
VNM,2024-05-21,58.74,58.91,58.21,58.56,3803505,0.6999999999999957,-0.0030643513789581156
VNM,2024-05-22,58.74,59.0,58.21,58.21,3621204,0.7899999999999991,-0.00902281239359893
VNM,2024-05-23,58.38,59.27,58.21,59.27,2993637,1.0600000000000023,0.015244946899623168
VNM,2024-05-24,59.0,59.18,58.12,58.38,4109865,1.0600000000000023,-0.010508474576271144
VNM,2024-05-27,58.47,58.91,58.21,58.47,2339390,0.6999999999999957,0.0
VNM,2024-05-28,58.65,59.53,58.47,59.09,5350287,1.0600000000000023,0.007502131287297611
VNM,2024-05-29,59.27,59.53,58.38,58.65,3362126,1.1499999999999986,-0.010460604015522262
VNM,2024-05-30,58.47,58.56,57.94,58.12,4416677,0.6200000000000045,-0.005985975714041413
VNM,2024-05-31,58.29,58.29,57.76,57.85,4149784,0.5300000000000011,-0.007548464573683269
VNM,2024-06-03,58.21,58.91,58.12,58.47,3193327,0.7899999999999991,0.0044665864971654015
VNM,2024-06-04,58.47,58.91,58.38,58.38,2447656,0.529999999999994,-0.001539250897896294
VNM,2024-06-05,58.56,61.21,58.56,60.59,11876432,2.6499999999999986,0.034665300546448105
VNM,2024-06-06,61.04,61.04,59.44,59.44,4893549,1.6000000000000014,-0.026212319790301464
VNM,2024-06-07,59.8,60.68,59.71,59.97,4131178,0.9699999999999989,0.0028428093645485237
VNM,2024-06-10,60.51,60.59,59.44,59.44,4569222,1.1500000000000057,-0.017683027598744013
VNM,2024-06-11,59.62,59.71,58.74,58.82,6181560,0.9699999999999989,-0.013418316001341784
VNM,2024-06-12,58.82,59.53,58.65,59.27,3427814,0.8800000000000026,0.007650459027541701
VNM,2024-06-13,59.27,59.62,59.09,59.18,2807130,0.529999999999994,-0.0015184747764468264
VNM,2024-06-14,59.27,59.53,58.56,58.56,4127632,0.9699999999999989,-0.01197907879196897
VNM,2024-06-17,58.65,58.91,58.38,58.38,3621867,0.529999999999994,-0.0046035805626597785
VNM,2024-06-18,58.82,58.82,58.29,58.29,2754686,0.5300000000000011,-0.009010540632437966
VNM,2024-06-19,58.38,58.38,57.59,57.76,6160999,0.7899999999999991,-0.010620075368276884
VNM,2024-06-20,57.85,59.09,57.67,58.38,4400155,1.4200000000000017,0.00916162489196199
VNM,2024-06-21,58.82,59.36,58.38,58.38,3970969,0.9799999999999969,-0.007480448826929577
VNM,2024-06-24,58.47,58.91,57.76,57.94,3851919,1.1499999999999986,-0.009064477509834122
VNM,2024-06-25,58.21,58.56,57.94,57.94,2436399,0.6200000000000045,-0.004638378285518006
VNM,2024-06-26,58.21,58.21,57.59,57.67,2488180,0.6199999999999974,-0.00927675657103589
VNM,2024-06-27,57.67,58.03,57.59,57.76,2710114,0.4399999999999977,0.0015606034333274892
VNM,2024-06-28,57.94,58.38,57.76,57.94,2735071,0.6200000000000045,0.0
VNM,2024-07-01,58.21,58.38,57.76,58.38,1911478,0.6200000000000045,0.002920460401992814
VNM,2024-07-02,58.38,58.65,58.21,58.56,2044987,0.4399999999999977,0.0030832476875642294
VNM,2024-07-03,58.56,58.65,58.38,58.56,1334249,0.269999999999996,0.0
VNM,2024-07-04,58.65,59.18,58.65,58.74,2691198,0.5300000000000011,0.001534526854220007
VNM,2024-07-05,58.74,59.71,58.74,59.44,4183952,0.9699999999999989,0.011916922029281508
VNM,2024-07-08,59.53,59.89,59.27,59.8,4946406,0.6199999999999974,0.004535528305056207
VNM,2024-07-09,59.8,59.97,59.44,59.71,5048980,0.5300000000000011,-0.0015050167224079651
VNM,2024-07-10,59.71,59.97,59.09,59.09,3884733,0.8799999999999955,-0.010383520348350318
VNM,2024-07-11,59.18,59.27,58.65,58.65,3789635,0.6200000000000045,-0.008955728286583324
VNM,2024-07-12,58.74,58.91,58.47,58.65,2081812,0.4399999999999977,-0.0015321756894791183
VNM,2024-07-15,58.65,59.18,58.56,58.56,2157757,0.6199999999999974,-0.0015345268542198858
VNM,2024-07-16,58.74,59.0,58.47,58.47,2245463,0.5300000000000011,-0.004596527068437234
VNM,2024-07-17,58.56,58.82,58.03,58.12,3468308,0.7899999999999991,-0.007513661202185874
VNM,2024-07-18,58.38,58.38,57.94,58.29,2284658,0.44000000000000483,-0.0015416238437821754
VNM,2024-07-19,58.29,58.29,57.59,57.76,3396038,0.6999999999999957,-0.00909246869102764
VNM,2024-07-22,57.76,58.38,57.67,57.85,2657788,0.7100000000000009,0.0015581717451524136
VNM,2024-07-23,58.03,58.65,57.94,58.29,3780379,0.7100000000000009,0.004480441151128692
VNM,2024-07-24,58.21,58.47,58.03,58.03,3615591,0.4399999999999977,-0.0030922521903452966
VNM,2024-07-25,58.03,58.12,57.76,58.03,1958885,0.35999999999999943,0.0
VNM,2024-07-26,57.85,58.56,57.85,58.21,2976837,0.7100000000000009,0.006222990492653404
VNM,2024-07-29,58.56,59.8,58.29,59.44,5785374,1.509999999999998,0.015027322404371506
VNM,2024-07-30,59.53,60.51,59.18,59.89,6381582,1.3299999999999983,0.006047371073408356
VNM,2024-07-31,60.59,63.69,60.59,63.34,21167413,3.0999999999999943,0.045387027562304005
VNM,2024-08-01,63.51,63.6,62.01,62.19,8872145,1.5900000000000034,-0.020784128483703358
VNM,2024-08-02,61.92,63.6,61.92,63.25,10298482,1.6799999999999997,0.02147932816537465
VNM,2024-08-05,62.81,62.98,60.59,61.39,12162219,2.3899999999999935,-0.022607864989651356
VNM,2024-08-06,62.19,64.84,61.92,64.31,13505235,2.9200000000000017,0.034089081845956014
VNM,2024-08-07,64.75,65.28,64.04,65.28,10709270,1.2399999999999949,0.008185328185328203
VNM,2024-08-08,65.37,65.81,63.87,64.31,5817168,1.9400000000000048,-0.01621538932231914
VNM,2024-08-09,64.4,64.93,64.13,64.84,4530433,0.8000000000000114,0.006832298136645927
VNM,2024-08-12,64.84,65.81,64.4,64.57,5808119,1.4099999999999966,-0.004164096236890966
VNM,2024-08-13,64.4,65.81,64.31,65.28,6740336,1.5,0.013664596273291854
VNM,2024-08-14,65.46,65.55,64.84,65.46,5459112,0.7099999999999937,0.0
VNM,2024-08-15,65.46,65.99,65.19,65.28,4258433,0.7999999999999972,-0.002749770852428852
VNM,2024-08-16,65.46,65.55,64.75,65.28,7396631,0.7999999999999972,-0.002749770852428852
VNM,2024-08-19,65.46,67.23,65.28,67.23,7924678,1.9500000000000028,0.027039413382218307
VNM,2024-08-20,67.23,67.41,66.61,66.87,4181936,0.7999999999999972,-0.005354752342704141
VNM,2024-08-21,66.52,67.32,66.43,66.61,3994706,0.8899999999999864,0.0013529765484065457
VNM,2024-08-22,67.23,67.23,65.11,65.64,6031982,2.1200000000000045,-0.023650156180276712
VNM,2024-08-23,66.26,66.87,65.81,66.26,3310515,1.0600000000000023,0.0
VNM,2024-08-26,66.26,66.34,64.84,64.93,6329637,1.5,-0.020072441895562905
VNM,2024-08-27,64.93,65.28,64.22,65.02,4269971,1.0600000000000023,0.0013861081164329152
VNM,2024-08-28,65.11,65.46,64.75,65.37,3355013,0.7099999999999937,0.003993242205498466
VNM,2024-08-29,65.19,65.46,64.93,65.02,2044649,0.5299999999999869,-0.0026077619266758967
VNM,2024-08-30,65.11,66.17,64.93,65.37,3679027,1.2399999999999949,0.003993242205498466
VNM,2024-09-04,64.84,65.9,64.66,65.72,2842048,1.240000000000009,0.013571869216532934
VNM,2024-09-05,65.72,66.7,65.55,66.08,5862150,1.1500000000000057,0.005477784540474733
VNM,2024-09-06,66.26,66.79,66.17,66.7,3645061,0.6200000000000045,0.006640507093268906
VNM,2024-09-09,66.43,66.43,65.64,66.17,2641519,0.7900000000000063,-0.003913894324853306
VNM,2024-09-10,66.17,66.79,65.72,66.26,3335353,1.0700000000000074,0.0013601329907813723
VNM,2024-09-11,66.17,66.43,65.37,65.99,3167882,1.0600000000000023,-0.0027202659815627446
VNM,2024-09-12,66.34,66.52,65.81,66.08,2054428,0.7099999999999937,-0.00391920410009052
VNM,2024-09-13,66.17,66.17,64.49,64.49,5350666,1.6800000000000068,-0.025389149161251425
VNM,2024-09-16,64.57,64.57,63.6,63.6,4039871,0.9699999999999918,-0.015022456249031932
VNM,2024-09-17,63.69,64.93,63.42,64.93,2392584,1.5100000000000051,0.01946930444339785
VNM,2024-09-18,65.11,65.37,64.57,64.84,2847879,0.8000000000000114,-0.004146828444171341
VNM,2024-09-19,64.84,65.02,64.57,64.84,1574276,0.45000000000000284,0.0
VNM,2024-09-20,65.02,65.46,64.31,64.31,5234412,1.1499999999999915,-0.010919717010150628
VNM,2024-09-23,64.66,64.75,64.22,64.49,2933886,0.5300000000000011,-0.0026291370244355353
VNM,2024-09-24,64.99,64.99,64.17,64.35,2080216,0.8199999999999932,-0.009847668872134185
VNM,2024-09-25,64.35,64.44,63.71,63.71,4525095,0.7299999999999969,-0.009945609945609845
VNM,2024-09-26,63.71,65.08,63.71,64.71,3987434,1.3699999999999974,0.01569612305760466
VNM,2024-09-27,64.81,65.17,64.71,64.99,2971446,0.46000000000000796,0.0027773491745099925
VNM,2024-09-30,64.99,64.99,64.17,64.17,2046753,0.8199999999999932,-0.012617325742421807
VNM,2024-10-01,64.26,64.71,64.17,64.17,2042595,0.539999999999992,-0.0014005602240896888
VNM,2024-10-02,64.26,64.26,63.71,64.17,2142472,0.5500000000000043,-0.0014005602240896888
VNM,2024-10-03,64.26,64.53,63.98,64.35,2949988,0.5500000000000043,0.0014005602240894676
VNM,2024-10-04,64.53,64.53,62.61,62.7,6140641,1.9200000000000017,-0.028358902835890258
VNM,2024-10-07,62.88,63.43,61.42,61.42,5995180,2.009999999999998,-0.023218829516539453
VNM,2024-10-08,61.51,62.43,61.51,62.43,2890240,0.9200000000000017,0.014956917574378179
VNM,2024-10-09,62.52,62.79,62.06,62.06,3532506,0.7299999999999969,-0.007357645553422918
VNM,2024-10-10,62.52,62.98,61.97,61.97,2625177,1.009999999999998,-0.008797184900831801
VNM,2024-10-11,62.33,62.43,61.79,61.97,2373079,0.6400000000000006,-0.005775709931012345
VNM,2024-10-14,62.33,62.33,61.42,61.51,2825429,0.9099999999999966,-0.013155783731750366
VNM,2024-10-15,61.51,61.69,61.05,61.14,3078240,0.6400000000000006,-0.006015282067956388
VNM,2024-10-16,61.14,62.33,61.14,61.79,2006161,1.1899999999999977,0.010631337912986564
VNM,2024-10-17,61.88,62.15,61.6,61.88,1658879,0.5499999999999972,0.0
VNM,2024-10-18,61.88,62.24,61.69,61.69,1599576,0.5500000000000043,-0.003070458952811972
VNM,2024-10-21,61.69,62.15,61.51,61.6,1862336,0.6400000000000006,-0.0014589074404278864
VNM,2024-10-22,61.6,62.06,61.51,61.6,2253327,0.5500000000000043,0.0
VNM,2024-10-23,61.6,61.88,61.51,61.6,1637360,0.37000000000000455,0.0
VNM,2024-10-24,61.6,63.16,61.6,62.61,4369950,1.5599999999999952,0.016396103896103863
VNM,2024-10-25,62.79,62.79,62.15,62.24,2172351,0.6400000000000006,-0.008759356585443497
VNM,2024-10-28,61.97,62.24,61.05,61.51,2927947,1.1900000000000048,-0.007422946587058268
VNM,2024-10-29,61.6,61.6,61.14,61.33,2033574,0.46000000000000085,-0.004383116883116934
VNM,2024-10-30,61.33,61.6,60.69,60.69,3437020,0.9100000000000037,-0.010435349747268882
VNM,2024-10-31,60.96,60.96,59.77,60.5,5177693,1.1899999999999977,-0.0075459317585301975
VNM,2024-11-01,60.5,60.69,60.05,60.23,2182658,0.6400000000000006,-0.004462809917355423
VNM,2024-11-04,60.32,60.96,60.05,60.05,2121224,0.9100000000000037,-0.004476127320954959
VNM,2024-11-05,60.14,60.41,59.95,59.95,1063141,0.45999999999999375,-0.0031592949783837334
VNM,2024-11-06,60.41,60.41,59.77,60.23,2598835,0.6399999999999935,-0.0029796391325939368
VNM,2024-11-07,60.41,60.6,60.05,60.32,1154788,0.5500000000000043,-0.0014898195662969096
VNM,2024-11-08,60.41,60.6,60.05,60.14,1597360,0.5500000000000043,-0.004469458698890846
VNM,2024-11-11,60.14,60.23,59.22,59.68,2742114,1.009999999999998,-0.007648819421350197
VNM,2024-11-12,59.68,60.14,59.31,59.41,1734699,0.8299999999999983,-0.00452412868632713
VNM,2024-11-13,59.59,60.05,59.22,59.5,2773315,0.8299999999999983,-0.0015103205235778387
VNM,2024-11-14,59.5,59.5,59.22,59.5,1781237,0.28000000000000114,0.0
VNM,2024-11-15,59.41,59.41,58.31,58.31,3697005,1.0999999999999943,-0.018515401447567654
VNM,2024-11-18,58.31,58.76,57.85,57.85,3752034,0.9099999999999966,-0.00788886983364776
VNM,2024-11-19,57.94,58.12,57.67,57.67,2736295,0.44999999999999574,-0.004659993096306455
VNM,2024-11-20,57.67,58.4,57.57,58.22,2820172,0.8299999999999983,0.00953702098144611
VNM,2024-11-21,58.31,58.67,58.03,58.49,2255565,0.6400000000000006,0.003086949065340417
VNM,2024-11-22,58.49,59.31,58.49,58.86,2179029,0.8200000000000003,0.0063258676696870825
VNM,2024-11-25,58.86,59.13,58.76,58.86,2450009,0.37000000000000455,0.0
VNM,2024-11-26,59.04,59.5,58.95,59.31,1678113,0.5499999999999972,0.00457317073170737
VNM,2024-11-27,59.31,59.5,59.04,59.13,1588583,0.46000000000000085,-0.0030349013657056095
VNM,2024-11-28,59.5,59.5,59.04,59.04,1275083,0.46000000000000085,-0.007731092436974805
VNM,2024-11-29,59.04,59.31,58.86,59.13,1107140,0.45000000000000284,0.0015243902439024968
VNM,2024-12-02,59.13,59.31,58.76,59.04,1232443,0.5500000000000043,-0.0015220700152207577
VNM,2024-12-03,59.13,59.13,58.49,58.49,2427726,0.6400000000000006,-0.010823608997124989
VNM,2024-12-04,58.4,58.49,57.94,57.94,2749303,0.5500000000000043,-0.007876712328767138
VNM,2024-12-05,58.12,59.22,57.85,58.86,2221363,1.3699999999999974,0.012732278045423297
VNM,2024-12-06,59.04,59.31,58.67,58.67,1681167,0.6400000000000006,-0.006266937669376651
VNM,2024-12-09,59.04,59.04,58.58,58.67,1764954,0.46000000000000085,-0.006266937669376651
VNM,2024-12-10,58.67,58.95,58.49,58.49,1714418,0.46000000000000085,-0.003068007499573883
VNM,2024-12-11,58.49,59.13,58.49,58.76,2027577,0.6400000000000006,0.004616173704906753
VNM,2024-12-12,58.76,59.41,58.76,59.13,2252448,0.6499999999999986,0.006296800544588233
VNM,2024-12-13,58.86,59.04,58.67,58.76,1399402,0.36999999999999744,-0.0016989466530751176
VNM,2024-12-16,58.76,59.68,58.76,59.5,2389158,0.9200000000000017,0.012593601089176345
VNM,2024-12-17,59.41,59.5,59.04,59.13,1206503,0.46000000000000085,-0.0047130112775626
VNM,2024-12-18,59.5,59.59,59.22,59.22,1616812,0.37000000000000455,-0.004705882352941196
VNM,2024-12-19,58.95,59.04,58.49,58.49,2629962,0.5499999999999972,-0.007803223070398657
VNM,2024-12-20,58.58,59.5,58.58,59.5,3801451,0.9200000000000017,0.015705018777739874
VNM,2024-12-23,59.22,59.5,58.86,58.95,1350461,0.6400000000000006,-0.004559270516717258
VNM,2024-12-24,58.95,59.22,58.67,58.86,1290269,0.5499999999999972,-0.0015267175572519663
VNM,2024-12-25,58.95,59.41,58.95,58.95,1304582,0.45999999999999375,0.0
VNM,2024-12-26,59.23,59.23,58.86,58.86,1711855,0.36999999999999744,-0.006246834374472353
VNM,2024-12-27,58.95,59.13,58.77,58.86,2445187,0.35999999999999943,-0.0015267175572519663
VNM,2024-12-30,58.67,58.77,58.4,58.4,1492983,0.37000000000000455,-0.004602011249360885
VNM,2024-12-31,58.49,58.86,58.4,58.49,1643941,0.46000000000000085,0.0
